STARTTID;SLUTTID;PRISOMRÅDE;FORBRUKSGRUPPE;VOLUM_KWH;ANTALL_MÅLEPUNKT
2026-09-13T00:00:00+02:00;2026-09-13T01:00:00+02:00;NO1;Hytter og fritidseiendommer;63342,349;110801
2026-09-13T00:00:00+02:00;2026-09-13T01:00:00+02:00;NO1;Husholdning;1210554,723;1122291
2026-09-13T00:00:00+02:00;2026-09-13T01:00:00+02:00;NO1;Primær Industri;28483,858;7482
2026-09-13T00:00:00+02:00;2026-09-13T01:00:00+02:00;NO1;Sekundær Industri;466877,096;15107
2026-09-13T00:00:00+02:00;2026-09-13T01:00:00+02:00;NO1;Tertiære Tjenester;792292,006;96213
2026-09-13T00:00:00+02:00;2026-09-13T01:00:00+02:00;NO2;Hytter og fritidseiendommer;53730,113;106610
2026-09-13T00:00:00+02:00;2026-09-13T01:00:00+02:00;NO2;Husholdning;743182,841;634331
2026-09-13T00:00:00+02:00;2026-09-13T01:00:00+02:00;NO2;Primær Industri;59061,677;5761
2026-09-13T00:00:00+02:00;2026-09-13T01:00:00+02:00;NO2;Sekundær Industri;2051507,405;12574
2026-09-13T00:00:00+02:00;2026-09-13T01:00:00+02:00;NO2;Tertiære Tjenester;447443,462;70977
2026-09-13T00:00:00+02:00;2026-09-13T01:00:00+02:00;NO3;Hytter og fritidseiendommer;35413,704;62802
2026-09-13T00:00:00+02:00;2026-09-13T01:00:00+02:00;NO3;Husholdning;532541,114;412172
2026-09-13T00:00:00+02:00;2026-09-13T01:00:00+02:00;NO3;Primær Industri;83694,521;10290
2026-09-13T00:00:00+02:00;2026-09-13T01:00:00+02:00;NO3;Sekundær Industri;1689199,254;9243
2026-09-13T00:00:00+02:00;2026-09-13T01:00:00+02:00;NO3;Tertiære Tjenester;376216,067;52404
2026-09-13T00:00:00+02:00;2026-09-13T01:00:00+02:00;NO4;Hytter og fritidseiendommer;28086,124;44167
2026-09-13T00:00:00+02:00;2026-09-13T01:00:00+02:00;NO4;Husholdning;344774,498;245817
2026-09-13T00:00:00+02:00;2026-09-13T01:00:00+02:00;NO4;Primær Industri;58446,247;3977
2026-09-13T00:00:00+02:00;2026-09-13T01:00:00+02:00;NO4;Sekundær Industri;1146716,914;6125
2026-09-13T00:00:00+02:00;2026-09-13T01:00:00+02:00;NO4;Tertiære Tjenester;304957,818;40302
2026-09-13T00:00:00+02:00;2026-09-13T01:00:00+02:00;NO5;Hytter og fritidseiendommer;31955,616;48405
2026-09-13T00:00:00+02:00;2026-09-13T01:00:00+02:00;NO5;Husholdning;322498,696;260411
2026-09-13T00:00:00+02:00;2026-09-13T01:00:00+02:00;NO5;Primær Industri;12218,194;1953
2026-09-13T00:00:00+02:00;2026-09-13T01:00:00+02:00;NO5;Sekundær Industri;1053944,061;5019
2026-09-13T00:00:00+02:00;2026-09-13T01:00:00+02:00;NO5;Tertiære Tjenester;197718,016;27954
2026-09-13T01:00:00+02:00;2026-09-13T02:00:00+02:00;NO1;Hytter og fritidseiendommer;60394,734;110801
2026-09-13T01:00:00+02:00;2026-09-13T02:00:00+02:00;NO1;Husholdning;1125371,651;1122291
2026-09-13T01:00:00+02:00;2026-09-13T02:00:00+02:00;NO1;Primær Industri;29005,439;7482
2026-09-13T01:00:00+02:00;2026-09-13T02:00:00+02:00;NO1;Sekundær Industri;455693,173;15107
2026-09-13T01:00:00+02:00;2026-09-13T02:00:00+02:00;NO1;Tertiære Tjenester;769600,205;96213
2026-09-13T01:00:00+02:00;2026-09-13T02:00:00+02:00;NO2;Hytter og fritidseiendommer;51100,895;106610
2026-09-13T01:00:00+02:00;2026-09-13T02:00:00+02:00;NO2;Husholdning;699103,544;634331
2026-09-13T01:00:00+02:00;2026-09-13T02:00:00+02:00;NO2;Primær Industri;61531,362;5761
2026-09-13T01:00:00+02:00;2026-09-13T02:00:00+02:00;NO2;Sekundær Industri;2055972,313;12574
2026-09-13T01:00:00+02:00;2026-09-13T02:00:00+02:00;NO2;Tertiære Tjenester;437597,299;70977
2026-09-13T01:00:00+02:00;2026-09-13T02:00:00+02:00;NO3;Hytter og fritidseiendommer;34144,826;62802
2026-09-13T01:00:00+02:00;2026-09-13T02:00:00+02:00;NO3;Husholdning;506622,113;412172
2026-09-13T01:00:00+02:00;2026-09-13T02:00:00+02:00;NO3;Primær Industri;82304,700;10290
2026-09-13T01:00:00+02:00;2026-09-13T02:00:00+02:00;NO3;Sekundær Industri;1652887,398;9243
2026-09-13T01:00:00+02:00;2026-09-13T02:00:00+02:00;NO3;Tertiære Tjenester;372313,112;52404
2026-09-13T01:00:00+02:00;2026-09-13T02:00:00+02:00;NO4;Hytter og fritidseiendommer;27027,028;44167
2026-09-13T01:00:00+02:00;2026-09-13T02:00:00+02:00;NO4;Husholdning;329582,441;245817
2026-09-13T01:00:00+02:00;2026-09-13T02:00:00+02:00;NO4;Primær Industri;58526,009;3977
2026-09-13T01:00:00+02:00;2026-09-13T02:00:00+02:00;NO4;Sekundær Industri;1120631,769;6125
2026-09-13T01:00:00+02:00;2026-09-13T02:00:00+02:00;NO4;Tertiære Tjenester;301996,144;40302
2026-09-13T01:00:00+02:00;2026-09-13T02:00:00+02:00;NO5;Hytter og fritidseiendommer;30757,152;48405
2026-09-13T01:00:00+02:00;2026-09-13T02:00:00+02:00;NO5;Husholdning;304747,732;260411
2026-09-13T01:00:00+02:00;2026-09-13T02:00:00+02:00;NO5;Primær Industri;12192,502;1953
2026-09-13T01:00:00+02:00;2026-09-13T02:00:00+02:00;NO5;Sekundær Industri;1054068,209;5019
2026-09-13T01:00:00+02:00;2026-09-13T02:00:00+02:00;NO5;Tertiære Tjenester;194275,009;27954
2026-09-13T02:00:00+02:00;2026-09-13T03:00:00+02:00;NO1;Hytter og fritidseiendommer;59315,425;110801
2026-09-13T02:00:00+02:00;2026-09-13T03:00:00+02:00;NO1;Husholdning;1068207,081;1122291
2026-09-13T02:00:00+02:00;2026-09-13T03:00:00+02:00;NO1;Primær Industri;30327,459;7482
2026-09-13T02:00:00+02:00;2026-09-13T03:00:00+02:00;NO1;Sekundær Industri;455048,166;15107
2026-09-13T02:00:00+02:00;2026-09-13T03:00:00+02:00;NO1;Tertiære Tjenester;752118,200;96213
2026-09-13T02:00:00+02:00;2026-09-13T03:00:00+02:00;NO2;Hytter og fritidseiendommer;49919,963;106610
2026-09-13T02:00:00+02:00;2026-09-13T03:00:00+02:00;NO2;Husholdning;669424,674;634331
2026-09-13T02:00:00+02:00;2026-09-13T03:00:00+02:00;NO2;Primær Industri;68109,048;5761
2026-09-13T02:00:00+02:00;2026-09-13T03:00:00+02:00;NO2;Sekundær Industri;2062867,042;12574
2026-09-13T02:00:00+02:00;2026-09-13T03:00:00+02:00;NO2;Tertiære Tjenester;429265,055;70977
2026-09-13T02:00:00+02:00;2026-09-13T03:00:00+02:00;NO3;Hytter og fritidseiendommer;33784,568;62802
2026-09-13T02:00:00+02:00;2026-09-13T03:00:00+02:00;NO3;Husholdning;489956,740;412172
2026-09-13T02:00:00+02:00;2026-09-13T03:00:00+02:00;NO3;Primær Industri;81696,015;10290
2026-09-13T02:00:00+02:00;2026-09-13T03:00:00+02:00;NO3;Sekundær Industri;1631651,698;9243
2026-09-13T02:00:00+02:00;2026-09-13T03:00:00+02:00;NO3;Tertiære Tjenester;367590,914;52404
2026-09-13T02:00:00+02:00;2026-09-13T03:00:00+02:00;NO4;Hytter og fritidseiendommer;26577,521;44167
2026-09-13T02:00:00+02:00;2026-09-13T03:00:00+02:00;NO4;Husholdning;315782,863;245817
2026-09-13T02:00:00+02:00;2026-09-13T03:00:00+02:00;NO4;Primær Industri;58695,436;3977
2026-09-13T02:00:00+02:00;2026-09-13T03:00:00+02:00;NO4;Sekundær Industri;1114396,745;6125
2026-09-13T02:00:00+02:00;2026-09-13T03:00:00+02:00;NO4;Tertiære Tjenester;297144,463;40302
2026-09-13T02:00:00+02:00;2026-09-13T03:00:00+02:00;NO5;Hytter og fritidseiendommer;30591,013;48405
2026-09-13T02:00:00+02:00;2026-09-13T03:00:00+02:00;NO5;Husholdning;294092,046;260411
2026-09-13T02:00:00+02:00;2026-09-13T03:00:00+02:00;NO5;Primær Industri;11903,061;1953
2026-09-13T02:00:00+02:00;2026-09-13T03:00:00+02:00;NO5;Sekundær Industri;1053834,347;5019
2026-09-13T02:00:00+02:00;2026-09-13T03:00:00+02:00;NO5;Tertiære Tjenester;193424,537;27954
2026-09-13T03:00:00+02:00;2026-09-13T04:00:00+02:00;NO1;Hytter og fritidseiendommer;58516,426;110801
2026-09-13T03:00:00+02:00;2026-09-13T04:00:00+02:00;NO1;Husholdning;1021654,510;1122291
2026-09-13T03:00:00+02:00;2026-09-13T04:00:00+02:00;NO1;Primær Industri;32499,041;7482
2026-09-13T03:00:00+02:00;2026-09-13T04:00:00+02:00;NO1;Sekundær Industri;452960,721;15107
2026-09-13T03:00:00+02:00;2026-09-13T04:00:00+02:00;NO1;Tertiære Tjenester;742019,042;96213
2026-09-13T03:00:00+02:00;2026-09-13T04:00:00+02:00;NO2;Hytter og fritidseiendommer;49517,459;106610
2026-09-13T03:00:00+02:00;2026-09-13T04:00:00+02:00;NO2;Husholdning;651034,552;634331
2026-09-13T03:00:00+02:00;2026-09-13T04:00:00+02:00;NO2;Primær Industri;71611,202;5761
2026-09-13T03:00:00+02:00;2026-09-13T04:00:00+02:00;NO2;Sekundær Industri;2057563,192;12574
2026-09-13T03:00:00+02:00;2026-09-13T04:00:00+02:00;NO2;Tertiære Tjenester;426971,905;70977
2026-09-13T03:00:00+02:00;2026-09-13T04:00:00+02:00;NO3;Hytter og fritidseiendommer;33654,003;62802
2026-09-13T03:00:00+02:00;2026-09-13T04:00:00+02:00;NO3;Husholdning;478323,814;412172
2026-09-13T03:00:00+02:00;2026-09-13T04:00:00+02:00;NO3;Primær Industri;82512,856;10290
2026-09-13T03:00:00+02:00;2026-09-13T04:00:00+02:00;NO3;Sekundær Industri;1652735,653;9243
2026-09-13T03:00:00+02:00;2026-09-13T04:00:00+02:00;NO3;Tertiære Tjenester;369658,151;52404
2026-09-13T03:00:00+02:00;2026-09-13T04:00:00+02:00;NO4;Hytter og fritidseiendommer;26554,525;44167
2026-09-13T03:00:00+02:00;2026-09-13T04:00:00+02:00;NO4;Husholdning;309252,840;245817
2026-09-13T03:00:00+02:00;2026-09-13T04:00:00+02:00;NO4;Primær Industri;58685,177;3977
2026-09-13T03:00:00+02:00;2026-09-13T04:00:00+02:00;NO4;Sekundær Industri;1114043,801;6125
2026-09-13T03:00:00+02:00;2026-09-13T04:00:00+02:00;NO4;Tertiære Tjenester;295843,192;40302
2026-09-13T03:00:00+02:00;2026-09-13T04:00:00+02:00;NO5;Hytter og fritidseiendommer;30501,235;48405
2026-09-13T03:00:00+02:00;2026-09-13T04:00:00+02:00;NO5;Husholdning;286799,614;260411
2026-09-13T03:00:00+02:00;2026-09-13T04:00:00+02:00;NO5;Primær Industri;11888,846;1953
2026-09-13T03:00:00+02:00;2026-09-13T04:00:00+02:00;NO5;Sekundær Industri;1055331,771;5019
2026-09-13T03:00:00+02:00;2026-09-13T04:00:00+02:00;NO5;Tertiære Tjenester;190798,770;27954
2026-09-13T04:00:00+02:00;2026-09-13T05:00:00+02:00;NO1;Hytter og fritidseiendommer;58431,611;110801
2026-09-13T04:00:00+02:00;2026-09-13T05:00:00+02:00;NO1;Husholdning;995069,897;1122291
2026-09-13T04:00:00+02:00;2026-09-13T05:00:00+02:00;NO1;Primær Industri;35300,137;7482
2026-09-13T04:00:00+02:00;2026-09-13T05:00:00+02:00;NO1;Sekundær Industri;458223,389;15107
2026-09-13T04:00:00+02:00;2026-09-13T05:00:00+02:00;NO1;Tertiære Tjenester;742453,507;96213
2026-09-13T04:00:00+02:00;2026-09-13T05:00:00+02:00;NO2;Hytter og fritidseiendommer;49348,032;106610
2026-09-13T04:00:00+02:00;2026-09-13T05:00:00+02:00;NO2;Husholdning;637348,205;634331
2026-09-13T04:00:00+02:00;2026-09-13T05:00:00+02:00;NO2;Primær Industri;81774,890;5761
2026-09-13T04:00:00+02:00;2026-09-13T05:00:00+02:00;NO2;Sekundær Industri;2052247,380;12574
2026-09-13T04:00:00+02:00;2026-09-13T05:00:00+02:00;NO2;Tertiære Tjenester;428187,671;70977
2026-09-13T04:00:00+02:00;2026-09-13T05:00:00+02:00;NO3;Hytter og fritidseiendommer;33749,878;62802
2026-09-13T04:00:00+02:00;2026-09-13T05:00:00+02:00;NO3;Husholdning;470883,608;412172
2026-09-13T04:00:00+02:00;2026-09-13T05:00:00+02:00;NO3;Primær Industri;84623,488;10290
2026-09-13T04:00:00+02:00;2026-09-13T05:00:00+02:00;NO3;Sekundær Industri;1657210,142;9243
2026-09-13T04:00:00+02:00;2026-09-13T05:00:00+02:00;NO3;Tertiære Tjenester;369615,260;52404
2026-09-13T04:00:00+02:00;2026-09-13T05:00:00+02:00;NO4;Hytter og fritidseiendommer;26748,723;44167
2026-09-13T04:00:00+02:00;2026-09-13T05:00:00+02:00;NO4;Husholdning;306911,552;245817
2026-09-13T04:00:00+02:00;2026-09-13T05:00:00+02:00;NO4;Primær Industri;58408,032;3977
2026-09-13T04:00:00+02:00;2026-09-13T05:00:00+02:00;NO4;Sekundær Industri;1125514,521;6125
2026-09-13T04:00:00+02:00;2026-09-13T05:00:00+02:00;NO4;Tertiære Tjenester;297044,401;40302
2026-09-13T04:00:00+02:00;2026-09-13T05:00:00+02:00;NO5;Hytter og fritidseiendommer;30657,763;48405
2026-09-13T04:00:00+02:00;2026-09-13T05:00:00+02:00;NO5;Husholdning;283727,580;260411
2026-09-13T04:00:00+02:00;2026-09-13T05:00:00+02:00;NO5;Primær Industri;11917,872;1953
2026-09-13T04:00:00+02:00;2026-09-13T05:00:00+02:00;NO5;Sekundær Industri;1052418,152;5019
2026-09-13T04:00:00+02:00;2026-09-13T05:00:00+02:00;NO5;Tertiære Tjenester;192047,358;27954
2026-09-13T05:00:00+02:00;2026-09-13T06:00:00+02:00;NO1;Hytter og fritidseiendommer;59205,435;110801
2026-09-13T05:00:00+02:00;2026-09-13T06:00:00+02:00;NO1;Husholdning;984713,608;1122291
2026-09-13T05:00:00+02:00;2026-09-13T06:00:00+02:00;NO1;Primær Industri;37255,960;7482
2026-09-13T05:00:00+02:00;2026-09-13T06:00:00+02:00;NO1;Sekundær Industri;460403,466;15107
2026-09-13T05:00:00+02:00;2026-09-13T06:00:00+02:00;NO1;Tertiære Tjenester;755232,722;96213
2026-09-13T05:00:00+02:00;2026-09-13T06:00:00+02:00;NO2;Hytter og fritidseiendommer;49826,894;106610
2026-09-13T05:00:00+02:00;2026-09-13T06:00:00+02:00;NO2;Husholdning;631430,108;634331
2026-09-13T05:00:00+02:00;2026-09-13T06:00:00+02:00;NO2;Primær Industri;85640,248;5761
2026-09-13T05:00:00+02:00;2026-09-13T06:00:00+02:00;NO2;Sekundær Industri;2044386,312;12574
2026-09-13T05:00:00+02:00;2026-09-13T06:00:00+02:00;NO2;Tertiære Tjenester;434664,733;70977
2026-09-13T05:00:00+02:00;2026-09-13T06:00:00+02:00;NO3;Hytter og fritidseiendommer;34188,484;62802
2026-09-13T05:00:00+02:00;2026-09-13T06:00:00+02:00;NO3;Husholdning;467524,032;412172
2026-09-13T05:00:00+02:00;2026-09-13T06:00:00+02:00;NO3;Primær Industri;86252,021;10290
2026-09-13T05:00:00+02:00;2026-09-13T06:00:00+02:00;NO3;Sekundær Industri;1655590,495;9243
2026-09-13T05:00:00+02:00;2026-09-13T06:00:00+02:00;NO3;Tertiære Tjenester;372353,001;52404
2026-09-13T05:00:00+02:00;2026-09-13T06:00:00+02:00;NO4;Hytter og fritidseiendommer;27193,814;44167
2026-09-13T05:00:00+02:00;2026-09-13T06:00:00+02:00;NO4;Husholdning;307827,504;245817
2026-09-13T05:00:00+02:00;2026-09-13T06:00:00+02:00;NO4;Primær Industri;58860,478;3977
2026-09-13T05:00:00+02:00;2026-09-13T06:00:00+02:00;NO4;Sekundær Industri;1125903,404;6125
2026-09-13T05:00:00+02:00;2026-09-13T06:00:00+02:00;NO4;Tertiære Tjenester;297778,094;40302
2026-09-13T05:00:00+02:00;2026-09-13T06:00:00+02:00;NO5;Hytter og fritidseiendommer;31178,528;48405
2026-09-13T05:00:00+02:00;2026-09-13T06:00:00+02:00;NO5;Husholdning;283692,373;260411
2026-09-13T05:00:00+02:00;2026-09-13T06:00:00+02:00;NO5;Primær Industri;12102,775;1953
2026-09-13T05:00:00+02:00;2026-09-13T06:00:00+02:00;NO5;Sekundær Industri;1052438,926;5019
2026-09-13T05:00:00+02:00;2026-09-13T06:00:00+02:00;NO5;Tertiære Tjenester;197742,649;27954
2026-09-13T06:00:00+02:00;2026-09-13T07:00:00+02:00;NO1;Hytter og fritidseiendommer;60771,904;110801
2026-09-13T06:00:00+02:00;2026-09-13T07:00:00+02:00;NO1;Husholdning;996505,083;1122291
2026-09-13T06:00:00+02:00;2026-09-13T07:00:00+02:00;NO1;Primær Industri;39081,728;7482
2026-09-13T06:00:00+02:00;2026-09-13T07:00:00+02:00;NO1;Sekundær Industri;470054,392;15107
2026-09-13T06:00:00+02:00;2026-09-13T07:00:00+02:00;NO1;Tertiære Tjenester;774062,143;96213
2026-09-13T06:00:00+02:00;2026-09-13T07:00:00+02:00;NO2;Hytter og fritidseiendommer;51303,827;106610
2026-09-13T06:00:00+02:00;2026-09-13T07:00:00+02:00;NO2;Husholdning;640673,524;634331
2026-09-13T06:00:00+02:00;2026-09-13T07:00:00+02:00;NO2;Primær Industri;90392,159;5761
2026-09-13T06:00:00+02:00;2026-09-13T07:00:00+02:00;NO2;Sekundær Industri;2050270,652;12574
2026-09-13T06:00:00+02:00;2026-09-13T07:00:00+02:00;NO2;Tertiære Tjenester;444657,734;70977
2026-09-13T06:00:00+02:00;2026-09-13T07:00:00+02:00;NO3;Hytter og fritidseiendommer;34796,010;62802
2026-09-13T06:00:00+02:00;2026-09-13T07:00:00+02:00;NO3;Husholdning;471878,019;412172
2026-09-13T06:00:00+02:00;2026-09-13T07:00:00+02:00;NO3;Primær Industri;89041,549;10290
2026-09-13T06:00:00+02:00;2026-09-13T07:00:00+02:00;NO3;Sekundær Industri;1664897,178;9243
2026-09-13T06:00:00+02:00;2026-09-13T07:00:00+02:00;NO3;Tertiære Tjenester;381881,259;52404
2026-09-13T06:00:00+02:00;2026-09-13T07:00:00+02:00;NO4;Hytter og fritidseiendommer;27735,352;44167
2026-09-13T06:00:00+02:00;2026-09-13T07:00:00+02:00;NO4;Husholdning;311214,557;245817
2026-09-13T06:00:00+02:00;2026-09-13T07:00:00+02:00;NO4;Primær Industri;59980,474;3977
2026-09-13T06:00:00+02:00;2026-09-13T07:00:00+02:00;NO4;Sekundær Industri;1143516,194;6125
2026-09-13T06:00:00+02:00;2026-09-13T07:00:00+02:00;NO4;Tertiære Tjenester;297786,216;40302
2026-09-13T06:00:00+02:00;2026-09-13T07:00:00+02:00;NO5;Hytter og fritidseiendommer;31909,266;48405
2026-09-13T06:00:00+02:00;2026-09-13T07:00:00+02:00;NO5;Husholdning;286445,972;260411
2026-09-13T06:00:00+02:00;2026-09-13T07:00:00+02:00;NO5;Primær Industri;12730,885;1953
2026-09-13T06:00:00+02:00;2026-09-13T07:00:00+02:00;NO5;Sekundær Industri;1053912,411;5019
2026-09-13T06:00:00+02:00;2026-09-13T07:00:00+02:00;NO5;Tertiære Tjenester;204618,120;27954
2026-09-13T07:00:00+02:00;2026-09-13T08:00:00+02:00;NO1;Hytter og fritidseiendommer;63612,336;110801
2026-09-13T07:00:00+02:00;2026-09-13T08:00:00+02:00;NO1;Husholdning;1048846,370;1122291
2026-09-13T07:00:00+02:00;2026-09-13T08:00:00+02:00;NO1;Primær Industri;39832,417;7482
2026-09-13T07:00:00+02:00;2026-09-13T08:00:00+02:00;NO1;Sekundær Industri;472643,394;15107
2026-09-13T07:00:00+02:00;2026-09-13T08:00:00+02:00;NO1;Tertiære Tjenester;775498,287;96213
2026-09-13T07:00:00+02:00;2026-09-13T08:00:00+02:00;NO2;Hytter og fritidseiendommer;54236,576;106610
2026-09-13T07:00:00+02:00;2026-09-13T08:00:00+02:00;NO2;Husholdning;673359,201;634331
2026-09-13T07:00:00+02:00;2026-09-13T08:00:00+02:00;NO2;Primær Industri;95078,854;5761
2026-09-13T07:00:00+02:00;2026-09-13T08:00:00+02:00;NO2;Sekundær Industri;2060004,598;12574
2026-09-13T07:00:00+02:00;2026-09-13T08:00:00+02:00;NO2;Tertiære Tjenester;436768,431;70977
2026-09-13T07:00:00+02:00;2026-09-13T08:00:00+02:00;NO3;Hytter og fritidseiendommer;36348,980;62802
2026-09-13T07:00:00+02:00;2026-09-13T08:00:00+02:00;NO3;Husholdning;489873,806;412172
2026-09-13T07:00:00+02:00;2026-09-13T08:00:00+02:00;NO3;Primær Industri;94514,739;10290
2026-09-13T07:00:00+02:00;2026-09-13T08:00:00+02:00;NO3;Sekundær Industri;1674149,218;9243
2026-09-13T07:00:00+02:00;2026-09-13T08:00:00+02:00;NO3;Tertiære Tjenester;382672,538;52404
2026-09-13T07:00:00+02:00;2026-09-13T08:00:00+02:00;NO4;Hytter og fritidseiendommer;29124,595;44167
2026-09-13T07:00:00+02:00;2026-09-13T08:00:00+02:00;NO4;Husholdning;326406,933;245817
2026-09-13T07:00:00+02:00;2026-09-13T08:00:00+02:00;NO4;Primær Industri;63560,883;3977
2026-09-13T07:00:00+02:00;2026-09-13T08:00:00+02:00;NO4;Sekundær Industri;1126981,666;6125
2026-09-13T07:00:00+02:00;2026-09-13T08:00:00+02:00;NO4;Tertiære Tjenester;304203,705;40302
2026-09-13T07:00:00+02:00;2026-09-13T08:00:00+02:00;NO5;Hytter og fritidseiendommer;33647,352;48405
2026-09-13T07:00:00+02:00;2026-09-13T08:00:00+02:00;NO5;Husholdning;298081,832;260411
2026-09-13T07:00:00+02:00;2026-09-13T08:00:00+02:00;NO5;Primær Industri;13651,769;1953
2026-09-13T07:00:00+02:00;2026-09-13T08:00:00+02:00;NO5;Sekundær Industri;1055123,017;5019
2026-09-13T07:00:00+02:00;2026-09-13T08:00:00+02:00;NO5;Tertiære Tjenester;202293,517;27954
2026-09-13T08:00:00+02:00;2026-09-13T09:00:00+02:00;NO1;Hytter og fritidseiendommer;68487,244;110801
2026-09-13T08:00:00+02:00;2026-09-13T09:00:00+02:00;NO1;Husholdning;1155554,101;1122291
2026-09-13T08:00:00+02:00;2026-09-13T09:00:00+02:00;NO1;Primær Industri;37467,194;7482
2026-09-13T08:00:00+02:00;2026-09-13T09:00:00+02:00;NO1;Sekundær Industri;452882,413;15107
2026-09-13T08:00:00+02:00;2026-09-13T09:00:00+02:00;NO1;Tertiære Tjenester;795803,609;96213
2026-09-13T08:00:00+02:00;2026-09-13T09:00:00+02:00;NO2;Hytter og fritidseiendommer;58821,669;106610
2026-09-13T08:00:00+02:00;2026-09-13T09:00:00+02:00;NO2;Husholdning;740445,399;634331
2026-09-13T08:00:00+02:00;2026-09-13T09:00:00+02:00;NO2;Primær Industri;95159,524;5761
2026-09-13T08:00:00+02:00;2026-09-13T09:00:00+02:00;NO2;Sekundær Industri;2058328,126;12574
2026-09-13T08:00:00+02:00;2026-09-13T09:00:00+02:00;NO2;Tertiære Tjenester;439542,166;70977
2026-09-13T08:00:00+02:00;2026-09-13T09:00:00+02:00;NO3;Hytter og fritidseiendommer;39181,292;62802
2026-09-13T08:00:00+02:00;2026-09-13T09:00:00+02:00;NO3;Husholdning;534097,321;412172
2026-09-13T08:00:00+02:00;2026-09-13T09:00:00+02:00;NO3;Primær Industri;98540,789;10290
2026-09-13T08:00:00+02:00;2026-09-13T09:00:00+02:00;NO3;Sekundær Industri;1692349,922;9243
2026-09-13T08:00:00+02:00;2026-09-13T09:00:00+02:00;NO3;Tertiære Tjenester;392100,064;52404
2026-09-13T08:00:00+02:00;2026-09-13T09:00:00+02:00;NO4;Hytter og fritidseiendommer;31463,047;44167
2026-09-13T08:00:00+02:00;2026-09-13T09:00:00+02:00;NO4;Husholdning;350797,659;245817
2026-09-13T08:00:00+02:00;2026-09-13T09:00:00+02:00;NO4;Primær Industri;66081,928;3977
2026-09-13T08:00:00+02:00;2026-09-13T09:00:00+02:00;NO4;Sekundær Industri;1118253,746;6125
2026-09-13T08:00:00+02:00;2026-09-13T09:00:00+02:00;NO4;Tertiære Tjenester;309471,888;40302
2026-09-13T08:00:00+02:00;2026-09-13T09:00:00+02:00;NO5;Hytter og fritidseiendommer;35919,564;48405
2026-09-13T08:00:00+02:00;2026-09-13T09:00:00+02:00;NO5;Husholdning;324820,255;260411
2026-09-13T08:00:00+02:00;2026-09-13T09:00:00+02:00;NO5;Primær Industri;14160,824;1953
2026-09-13T08:00:00+02:00;2026-09-13T09:00:00+02:00;NO5;Sekundær Industri;1053331,234;5019
2026-09-13T08:00:00+02:00;2026-09-13T09:00:00+02:00;NO5;Tertiære Tjenester;212299,795;27954
2026-09-13T09:00:00+02:00;2026-09-13T10:00:00+02:00;NO1;Hytter og fritidseiendommer;71846,250;110801
2026-09-13T09:00:00+02:00;2026-09-13T10:00:00+02:00;NO1;Husholdning;1262688,663;1122291
2026-09-13T09:00:00+02:00;2026-09-13T10:00:00+02:00;NO1;Primær Industri;27640,011;7482
2026-09-13T09:00:00+02:00;2026-09-13T10:00:00+02:00;NO1;Sekundær Industri;447898,377;15107
2026-09-13T09:00:00+02:00;2026-09-13T10:00:00+02:00;NO1;Tertiære Tjenester;804725,139;96213
2026-09-13T09:00:00+02:00;2026-09-13T10:00:00+02:00;NO2;Hytter og fritidseiendommer;62378,394;106610
2026-09-13T09:00:00+02:00;2026-09-13T10:00:00+02:00;NO2;Husholdning;799079,385;634331
2026-09-13T09:00:00+02:00;2026-09-13T10:00:00+02:00;NO2;Primær Industri;84278,638;5761
2026-09-13T09:00:00+02:00;2026-09-13T10:00:00+02:00;NO2;Sekundær Industri;2064355,173;12574
2026-09-13T09:00:00+02:00;2026-09-13T10:00:00+02:00;NO2;Tertiære Tjenester;445731,508;70977
2026-09-13T09:00:00+02:00;2026-09-13T10:00:00+02:00;NO3;Hytter og fritidseiendommer;41457,790;62802
2026-09-13T09:00:00+02:00;2026-09-13T10:00:00+02:00;NO3;Husholdning;579785,985;412172
2026-09-13T09:00:00+02:00;2026-09-13T10:00:00+02:00;NO3;Primær Industri;98892,033;10290
2026-09-13T09:00:00+02:00;2026-09-13T10:00:00+02:00;NO3;Sekundær Industri;1692241,096;9243
2026-09-13T09:00:00+02:00;2026-09-13T10:00:00+02:00;NO3;Tertiære Tjenester;402037,833;52404
2026-09-13T09:00:00+02:00;2026-09-13T10:00:00+02:00;NO4;Hytter og fritidseiendommer;32994,422;44167
2026-09-13T09:00:00+02:00;2026-09-13T10:00:00+02:00;NO4;Husholdning;377718,870;245817
2026-09-13T09:00:00+02:00;2026-09-13T10:00:00+02:00;NO4;Primær Industri;66205,654;3977
2026-09-13T09:00:00+02:00;2026-09-13T10:00:00+02:00;NO4;Sekundær Industri;1148293,447;6125
2026-09-13T09:00:00+02:00;2026-09-13T10:00:00+02:00;NO4;Tertiære Tjenester;316018,359;40302
2026-09-13T09:00:00+02:00;2026-09-13T10:00:00+02:00;NO5;Hytter og fritidseiendommer;37180,151;48405
2026-09-13T09:00:00+02:00;2026-09-13T10:00:00+02:00;NO5;Husholdning;349882,239;260411
2026-09-13T09:00:00+02:00;2026-09-13T10:00:00+02:00;NO5;Primær Industri;13927,319;1953
2026-09-13T09:00:00+02:00;2026-09-13T10:00:00+02:00;NO5;Sekundær Industri;1050266,902;5019
2026-09-13T09:00:00+02:00;2026-09-13T10:00:00+02:00;NO5;Tertiære Tjenester;216483,303;27954
2026-09-13T10:00:00+02:00;2026-09-13T11:00:00+02:00;NO1;Hytter og fritidseiendommer;70934,507;110801
2026-09-13T10:00:00+02:00;2026-09-13T11:00:00+02:00;NO1;Husholdning;1321773,510;1122291
2026-09-13T10:00:00+02:00;2026-09-13T11:00:00+02:00;NO1;Primær Industri;24668,822;7482
2026-09-13T10:00:00+02:00;2026-09-13T11:00:00+02:00;NO1;Sekundær Industri;443082,756;15107
2026-09-13T10:00:00+02:00;2026-09-13T11:00:00+02:00;NO1;Tertiære Tjenester;829935,382;96213
2026-09-13T10:00:00+02:00;2026-09-13T11:00:00+02:00;NO2;Hytter og fritidseiendommer;61070,175;106610
2026-09-13T10:00:00+02:00;2026-09-13T11:00:00+02:00;NO2;Husholdning;821705,664;634331
2026-09-13T10:00:00+02:00;2026-09-13T11:00:00+02:00;NO2;Primær Industri;72852,642;5761
2026-09-13T10:00:00+02:00;2026-09-13T11:00:00+02:00;NO2;Sekundær Industri;2075132,007;12574
2026-09-13T10:00:00+02:00;2026-09-13T11:00:00+02:00;NO2;Tertiære Tjenester;455024,994;70977
2026-09-13T10:00:00+02:00;2026-09-13T11:00:00+02:00;NO3;Hytter og fritidseiendommer;41109,240;62802
2026-09-13T10:00:00+02:00;2026-09-13T11:00:00+02:00;NO3;Husholdning;604021,930;412172
2026-09-13T10:00:00+02:00;2026-09-13T11:00:00+02:00;NO3;Primær Industri;93886,831;10290
2026-09-13T10:00:00+02:00;2026-09-13T11:00:00+02:00;NO3;Sekundær Industri;1676178,941;9243
2026-09-13T10:00:00+02:00;2026-09-13T11:00:00+02:00;NO3;Tertiære Tjenester;411167,925;52404
2026-09-13T10:00:00+02:00;2026-09-13T11:00:00+02:00;NO4;Hytter og fritidseiendommer;32893,111;44167
2026-09-13T10:00:00+02:00;2026-09-13T11:00:00+02:00;NO4;Husholdning;393641,170;245817
2026-09-13T10:00:00+02:00;2026-09-13T11:00:00+02:00;NO4;Primær Industri;65427,652;3977
2026-09-13T10:00:00+02:00;2026-09-13T11:00:00+02:00;NO4;Sekundær Industri;1139075,501;6125
2026-09-13T10:00:00+02:00;2026-09-13T11:00:00+02:00;NO4;Tertiære Tjenester;323017,514;40302
2026-09-13T10:00:00+02:00;2026-09-13T11:00:00+02:00;NO5;Hytter og fritidseiendommer;36587,277;48405
2026-09-13T10:00:00+02:00;2026-09-13T11:00:00+02:00;NO5;Husholdning;363167,470;260411
2026-09-13T10:00:00+02:00;2026-09-13T11:00:00+02:00;NO5;Primær Industri;13382,938;1953
2026-09-13T10:00:00+02:00;2026-09-13T11:00:00+02:00;NO5;Sekundær Industri;1045515,567;5019
2026-09-13T10:00:00+02:00;2026-09-13T11:00:00+02:00;NO5;Tertiære Tjenester;219360,738;27954
2026-09-13T11:00:00+02:00;2026-09-13T12:00:00+02:00;NO1;Hytter og fritidseiendommer;65919,559;110801
2026-09-13T11:00:00+02:00;2026-09-13T12:00:00+02:00;NO1;Husholdning;1329043,235;1122291
2026-09-13T11:00:00+02:00;2026-09-13T12:00:00+02:00;NO1;Primær Industri;23588,373;7482
2026-09-13T11:00:00+02:00;2026-09-13T12:00:00+02:00;NO1;Sekundær Industri;446024,226;15107
2026-09-13T11:00:00+02:00;2026-09-13T12:00:00+02:00;NO1;Tertiære Tjenester;850128,470;96213
2026-09-13T11:00:00+02:00;2026-09-13T12:00:00+02:00;NO2;Hytter og fritidseiendommer;56192,526;106610
2026-09-13T11:00:00+02:00;2026-09-13T12:00:00+02:00;NO2;Husholdning;811726,938;634331
2026-09-13T11:00:00+02:00;2026-09-13T12:00:00+02:00;NO2;Primær Industri;75289,202;5761
2026-09-13T11:00:00+02:00;2026-09-13T12:00:00+02:00;NO2;Sekundær Industri;2077021,930;12574
2026-09-13T11:00:00+02:00;2026-09-13T12:00:00+02:00;NO2;Tertiære Tjenester;459993,085;70977
2026-09-13T11:00:00+02:00;2026-09-13T12:00:00+02:00;NO3;Hytter og fritidseiendommer;39043,474;62802
2026-09-13T11:00:00+02:00;2026-09-13T12:00:00+02:00;NO3;Husholdning;607584,349;412172
2026-09-13T11:00:00+02:00;2026-09-13T12:00:00+02:00;NO3;Primær Industri;89810,685;10290
2026-09-13T11:00:00+02:00;2026-09-13T12:00:00+02:00;NO3;Sekundær Industri;1654780,955;9243
2026-09-13T11:00:00+02:00;2026-09-13T12:00:00+02:00;NO3;Tertiære Tjenester;415369,674;52404
2026-09-13T11:00:00+02:00;2026-09-13T12:00:00+02:00;NO4;Hytter og fritidseiendommer;31878,789;44167
2026-09-13T11:00:00+02:00;2026-09-13T12:00:00+02:00;NO4;Husholdning;400224,753;245817
2026-09-13T11:00:00+02:00;2026-09-13T12:00:00+02:00;NO4;Primær Industri;64160,808;3977
2026-09-13T11:00:00+02:00;2026-09-13T12:00:00+02:00;NO4;Sekundær Industri;1140671,778;6125
2026-09-13T11:00:00+02:00;2026-09-13T12:00:00+02:00;NO4;Tertiære Tjenester;328788,380;40302
2026-09-13T11:00:00+02:00;2026-09-13T12:00:00+02:00;NO5;Hytter og fritidseiendommer;34056,030;48405
2026-09-13T11:00:00+02:00;2026-09-13T12:00:00+02:00;NO5;Husholdning;363708,436;260411
2026-09-13T11:00:00+02:00;2026-09-13T12:00:00+02:00;NO5;Primær Industri;13352,698;1953
2026-09-13T11:00:00+02:00;2026-09-13T12:00:00+02:00;NO5;Sekundær Industri;1054108,885;5019
2026-09-13T11:00:00+02:00;2026-09-13T12:00:00+02:00;NO5;Tertiære Tjenester;220553,441;27954
2026-09-13T12:00:00+02:00;2026-09-13T13:00:00+02:00;NO1;Hytter og fritidseiendommer;59744,172;110801
2026-09-13T12:00:00+02:00;2026-09-13T13:00:00+02:00;NO1;Husholdning;1300607,048;1122291
2026-09-13T12:00:00+02:00;2026-09-13T13:00:00+02:00;NO1;Primær Industri;23278,363;7482
2026-09-13T12:00:00+02:00;2026-09-13T13:00:00+02:00;NO1;Sekundær Industri;457808,103;15107
2026-09-13T12:00:00+02:00;2026-09-13T13:00:00+02:00;NO1;Tertiære Tjenester;868943,086;96213
2026-09-13T12:00:00+02:00;2026-09-13T13:00:00+02:00;NO2;Hytter og fritidseiendommer;50878,359;106610
2026-09-13T12:00:00+02:00;2026-09-13T13:00:00+02:00;NO2;Husholdning;795894,184;634331
2026-09-13T12:00:00+02:00;2026-09-13T13:00:00+02:00;NO2;Primær Industri;66019,027;5761
2026-09-13T12:00:00+02:00;2026-09-13T13:00:00+02:00;NO2;Sekundær Industri;2070059,888;12574
2026-09-13T12:00:00+02:00;2026-09-13T13:00:00+02:00;NO2;Tertiære Tjenester;471307,318;70977
2026-09-13T12:00:00+02:00;2026-09-13T13:00:00+02:00;NO3;Hytter og fritidseiendommer;36193,034;62802
2026-09-13T12:00:00+02:00;2026-09-13T13:00:00+02:00;NO3;Husholdning;600484,626;412172
2026-09-13T12:00:00+02:00;2026-09-13T13:00:00+02:00;NO3;Primær Industri;84942,775;10290
2026-09-13T12:00:00+02:00;2026-09-13T13:00:00+02:00;NO3;Sekundær Industri;1663970,373;9243
2026-09-13T12:00:00+02:00;2026-09-13T13:00:00+02:00;NO3;Tertiære Tjenester;420088,681;52404
2026-09-13T12:00:00+02:00;2026-09-13T13:00:00+02:00;NO4;Hytter og fritidseiendommer;30506,910;44167
2026-09-13T12:00:00+02:00;2026-09-13T13:00:00+02:00;NO4;Husholdning;404003,398;245817
2026-09-13T12:00:00+02:00;2026-09-13T13:00:00+02:00;NO4;Primær Industri;63231,346;3977
2026-09-13T12:00:00+02:00;2026-09-13T13:00:00+02:00;NO4;Sekundær Industri;1150198,874;6125
2026-09-13T12:00:00+02:00;2026-09-13T13:00:00+02:00;NO4;Tertiære Tjenester;332359,147;40302
2026-09-13T12:00:00+02:00;2026-09-13T13:00:00+02:00;NO5;Hytter og fritidseiendommer;30966,827;48405
2026-09-13T12:00:00+02:00;2026-09-13T13:00:00+02:00;NO5;Husholdning;363294,115;260411
2026-09-13T12:00:00+02:00;2026-09-13T13:00:00+02:00;NO5;Primær Industri;12839,039;1953
2026-09-13T12:00:00+02:00;2026-09-13T13:00:00+02:00;NO5;Sekundær Industri;1056806,265;5019
2026-09-13T12:00:00+02:00;2026-09-13T13:00:00+02:00;NO5;Tertiære Tjenester;227312,669;27954
2026-09-13T13:00:00+02:00;2026-09-13T14:00:00+02:00;NO1;Hytter og fritidseiendommer;54780,938;110801
2026-09-13T13:00:00+02:00;2026-09-13T14:00:00+02:00;NO1;Husholdning;1278781,209;1122291
2026-09-13T13:00:00+02:00;2026-09-13T14:00:00+02:00;NO1;Primær Industri;23209,253;7482
2026-09-13T13:00:00+02:00;2026-09-13T14:00:00+02:00;NO1;Sekundær Industri;459499,117;15107
2026-09-13T13:00:00+02:00;2026-09-13T14:00:00+02:00;NO1;Tertiære Tjenester;877676,257;96213
2026-09-13T13:00:00+02:00;2026-09-13T14:00:00+02:00;NO2;Hytter og fritidseiendommer;47037,324;106610
2026-09-13T13:00:00+02:00;2026-09-13T14:00:00+02:00;NO2;Husholdning;787490,410;634331
2026-09-13T13:00:00+02:00;2026-09-13T14:00:00+02:00;NO2;Primær Industri;65085,962;5761
2026-09-13T13:00:00+02:00;2026-09-13T14:00:00+02:00;NO2;Sekundær Industri;2075864,540;12574
2026-09-13T13:00:00+02:00;2026-09-13T14:00:00+02:00;NO2;Tertiære Tjenester;470672,902;70977
2026-09-13T13:00:00+02:00;2026-09-13T14:00:00+02:00;NO3;Hytter og fritidseiendommer;34228,233;62802
2026-09-13T13:00:00+02:00;2026-09-13T14:00:00+02:00;NO3;Husholdning;598141,416;412172
2026-09-13T13:00:00+02:00;2026-09-13T14:00:00+02:00;NO3;Primær Industri;85009,328;10290
2026-09-13T13:00:00+02:00;2026-09-13T14:00:00+02:00;NO3;Sekundær Industri;1674699,402;9243
2026-09-13T13:00:00+02:00;2026-09-13T14:00:00+02:00;NO3;Tertiære Tjenester;419913,230;52404
2026-09-13T13:00:00+02:00;2026-09-13T14:00:00+02:00;NO4;Hytter og fritidseiendommer;29647,947;44167
2026-09-13T13:00:00+02:00;2026-09-13T14:00:00+02:00;NO4;Husholdning;410564,481;245817
2026-09-13T13:00:00+02:00;2026-09-13T14:00:00+02:00;NO4;Primær Industri;62686,937;3977
2026-09-13T13:00:00+02:00;2026-09-13T14:00:00+02:00;NO4;Sekundær Industri;1153689,959;6125
2026-09-13T13:00:00+02:00;2026-09-13T14:00:00+02:00;NO4;Tertiære Tjenester;332971,381;40302
2026-09-13T13:00:00+02:00;2026-09-13T14:00:00+02:00;NO5;Hytter og fritidseiendommer;28677,234;48405
2026-09-13T13:00:00+02:00;2026-09-13T14:00:00+02:00;NO5;Husholdning;360425,372;260411
2026-09-13T13:00:00+02:00;2026-09-13T14:00:00+02:00;NO5;Primær Industri;12790,155;1953
2026-09-13T13:00:00+02:00;2026-09-13T14:00:00+02:00;NO5;Sekundær Industri;1055432,235;5019
2026-09-13T13:00:00+02:00;2026-09-13T14:00:00+02:00;NO5;Tertiære Tjenester;224737,299;27954
2026-09-13T14:00:00+02:00;2026-09-13T15:00:00+02:00;NO1;Hytter og fritidseiendommer;51476,440;110801
2026-09-13T14:00:00+02:00;2026-09-13T15:00:00+02:00;NO1;Husholdning;1268595,279;1122291
2026-09-13T14:00:00+02:00;2026-09-13T15:00:00+02:00;NO1;Primær Industri;23691,376;7482
2026-09-13T14:00:00+02:00;2026-09-13T15:00:00+02:00;NO1;Sekundær Industri;452862,241;15107
2026-09-13T14:00:00+02:00;2026-09-13T15:00:00+02:00;NO1;Tertiære Tjenester;879776,733;96213
2026-09-13T14:00:00+02:00;2026-09-13T15:00:00+02:00;NO2;Hytter og fritidseiendommer;44539,885;106610
2026-09-13T14:00:00+02:00;2026-09-13T15:00:00+02:00;NO2;Husholdning;787814,177;634331
2026-09-13T14:00:00+02:00;2026-09-13T15:00:00+02:00;NO2;Primær Industri;68945,884;5761
2026-09-13T14:00:00+02:00;2026-09-13T15:00:00+02:00;NO2;Sekundær Industri;2075401,789;12574
2026-09-13T14:00:00+02:00;2026-09-13T15:00:00+02:00;NO2;Tertiære Tjenester;474417,356;70977
2026-09-13T14:00:00+02:00;2026-09-13T15:00:00+02:00;NO3;Hytter og fritidseiendommer;32413,274;62802
2026-09-13T14:00:00+02:00;2026-09-13T15:00:00+02:00;NO3;Husholdning;601408,934;412172
2026-09-13T14:00:00+02:00;2026-09-13T15:00:00+02:00;NO3;Primær Industri;84106,216;10290
2026-09-13T14:00:00+02:00;2026-09-13T15:00:00+02:00;NO3;Sekundær Industri;1636594,349;9243
2026-09-13T14:00:00+02:00;2026-09-13T15:00:00+02:00;NO3;Tertiære Tjenester;422042,351;52404
2026-09-13T14:00:00+02:00;2026-09-13T15:00:00+02:00;NO4;Hytter og fritidseiendommer;29102,377;44167
2026-09-13T14:00:00+02:00;2026-09-13T15:00:00+02:00;NO4;Husholdning;421912,772;245817
2026-09-13T14:00:00+02:00;2026-09-13T15:00:00+02:00;NO4;Primær Industri;62522,007;3977
2026-09-13T14:00:00+02:00;2026-09-13T15:00:00+02:00;NO4;Sekundær Industri;1150258,898;6125
2026-09-13T14:00:00+02:00;2026-09-13T15:00:00+02:00;NO4;Tertiære Tjenester;333938,955;40302
2026-09-13T14:00:00+02:00;2026-09-13T15:00:00+02:00;NO5;Hytter og fritidseiendommer;26842,530;48405
2026-09-13T14:00:00+02:00;2026-09-13T15:00:00+02:00;NO5;Husholdning;364128,530;260411
2026-09-13T14:00:00+02:00;2026-09-13T15:00:00+02:00;NO5;Primær Industri;12657,552;1953
2026-09-13T14:00:00+02:00;2026-09-13T15:00:00+02:00;NO5;Sekundær Industri;1055553,891;5019
2026-09-13T14:00:00+02:00;2026-09-13T15:00:00+02:00;NO5;Tertiære Tjenester;225288,419;27954
2026-09-13T15:00:00+02:00;2026-09-13T16:00:00+02:00;NO1;Hytter og fritidseiendommer;48723,652;110801
2026-09-13T15:00:00+02:00;2026-09-13T16:00:00+02:00;NO1;Husholdning;1290708,125;1122291
2026-09-13T15:00:00+02:00;2026-09-13T16:00:00+02:00;NO1;Primær Industri;24156,074;7482
2026-09-13T15:00:00+02:00;2026-09-13T16:00:00+02:00;NO1;Sekundær Industri;451205,382;15107
2026-09-13T15:00:00+02:00;2026-09-13T16:00:00+02:00;NO1;Tertiære Tjenester;881523,598;96213
2026-09-13T15:00:00+02:00;2026-09-13T16:00:00+02:00;NO2;Hytter og fritidseiendommer;42208,909;106610
2026-09-13T15:00:00+02:00;2026-09-13T16:00:00+02:00;NO2;Husholdning;801478,861;634331
2026-09-13T15:00:00+02:00;2026-09-13T16:00:00+02:00;NO2;Primær Industri;67080,479;5761
2026-09-13T15:00:00+02:00;2026-09-13T16:00:00+02:00;NO2;Sekundær Industri;2070179,059;12574
2026-09-13T15:00:00+02:00;2026-09-13T16:00:00+02:00;NO2;Tertiære Tjenester;470348,960;70977
2026-09-13T15:00:00+02:00;2026-09-13T16:00:00+02:00;NO3;Hytter og fritidseiendommer;31209,081;62802
2026-09-13T15:00:00+02:00;2026-09-13T16:00:00+02:00;NO3;Husholdning;619274,208;412172
2026-09-13T15:00:00+02:00;2026-09-13T16:00:00+02:00;NO3;Primær Industri;87854,386;10290
2026-09-13T15:00:00+02:00;2026-09-13T16:00:00+02:00;NO3;Sekundær Industri;1551658,747;9243
2026-09-13T15:00:00+02:00;2026-09-13T16:00:00+02:00;NO3;Tertiære Tjenester;420245,605;52404
2026-09-13T15:00:00+02:00;2026-09-13T16:00:00+02:00;NO4;Hytter og fritidseiendommer;28922,544;44167
2026-09-13T15:00:00+02:00;2026-09-13T16:00:00+02:00;NO4;Husholdning;434901,762;245817
2026-09-13T15:00:00+02:00;2026-09-13T16:00:00+02:00;NO4;Primær Industri;62246,923;3977
2026-09-13T15:00:00+02:00;2026-09-13T16:00:00+02:00;NO4;Sekundær Industri;1138233,267;6125
2026-09-13T15:00:00+02:00;2026-09-13T16:00:00+02:00;NO4;Tertiære Tjenester;336403,115;40302
2026-09-13T15:00:00+02:00;2026-09-13T16:00:00+02:00;NO5;Hytter og fritidseiendommer;25969,312;48405
2026-09-13T15:00:00+02:00;2026-09-13T16:00:00+02:00;NO5;Husholdning;372182,121;260411
2026-09-13T15:00:00+02:00;2026-09-13T16:00:00+02:00;NO5;Primær Industri;12693,617;1953
2026-09-13T15:00:00+02:00;2026-09-13T16:00:00+02:00;NO5;Sekundær Industri;1053542,077;5019
2026-09-13T15:00:00+02:00;2026-09-13T16:00:00+02:00;NO5;Tertiære Tjenester;220107,965;27954
2026-09-13T16:00:00+02:00;2026-09-13T17:00:00+02:00;NO1;Hytter og fritidseiendommer;46616,207;110801
2026-09-13T16:00:00+02:00;2026-09-13T17:00:00+02:00;NO1;Husholdning;1343803,478;1122291
2026-09-13T16:00:00+02:00;2026-09-13T17:00:00+02:00;NO1;Primær Industri;25173,792;7482
2026-09-13T16:00:00+02:00;2026-09-13T17:00:00+02:00;NO1;Sekundær Industri;442796,781;15107
2026-09-13T16:00:00+02:00;2026-09-13T17:00:00+02:00;NO1;Tertiære Tjenester;877625,659;96213
2026-09-13T16:00:00+02:00;2026-09-13T17:00:00+02:00;NO2;Hytter og fritidseiendommer;40498,534;106610
2026-09-13T16:00:00+02:00;2026-09-13T17:00:00+02:00;NO2;Husholdning;816764,476;634331
2026-09-13T16:00:00+02:00;2026-09-13T17:00:00+02:00;NO2;Primær Industri;68002,511;5761
2026-09-13T16:00:00+02:00;2026-09-13T17:00:00+02:00;NO2;Sekundær Industri;2059920,399;12574
2026-09-13T16:00:00+02:00;2026-09-13T17:00:00+02:00;NO2;Tertiære Tjenester;471620,975;70977
2026-09-13T16:00:00+02:00;2026-09-13T17:00:00+02:00;NO3;Hytter og fritidseiendommer;30324,195;62802
2026-09-13T16:00:00+02:00;2026-09-13T17:00:00+02:00;NO3;Husholdning;637982,696;412172
2026-09-13T16:00:00+02:00;2026-09-13T17:00:00+02:00;NO3;Primær Industri;91266,266;10290
2026-09-13T16:00:00+02:00;2026-09-13T17:00:00+02:00;NO3;Sekundær Industri;1545642,751;9243
2026-09-13T16:00:00+02:00;2026-09-13T17:00:00+02:00;NO3;Tertiære Tjenester;418800,694;52404
2026-09-13T16:00:00+02:00;2026-09-13T17:00:00+02:00;NO4;Hytter og fritidseiendommer;28566,007;44167
2026-09-13T16:00:00+02:00;2026-09-13T17:00:00+02:00;NO4;Husholdning;440498,616;245817
2026-09-13T16:00:00+02:00;2026-09-13T17:00:00+02:00;NO4;Primær Industri;62615,159;3977
2026-09-13T16:00:00+02:00;2026-09-13T17:00:00+02:00;NO4;Sekundær Industri;1156081,564;6125
2026-09-13T16:00:00+02:00;2026-09-13T17:00:00+02:00;NO4;Tertiære Tjenester;336537,842;40302
2026-09-13T16:00:00+02:00;2026-09-13T17:00:00+02:00;NO5;Hytter og fritidseiendommer;25020,614;48405
2026-09-13T16:00:00+02:00;2026-09-13T17:00:00+02:00;NO5;Husholdning;378122,106;260411
2026-09-13T16:00:00+02:00;2026-09-13T17:00:00+02:00;NO5;Primær Industri;12273,896;1953
2026-09-13T16:00:00+02:00;2026-09-13T17:00:00+02:00;NO5;Sekundær Industri;1051920,585;5019
2026-09-13T16:00:00+02:00;2026-09-13T17:00:00+02:00;NO5;Tertiære Tjenester;216648,652;27954
2026-09-13T17:00:00+02:00;2026-09-13T18:00:00+02:00;NO1;Hytter og fritidseiendommer;45528,044;110801
2026-09-13T17:00:00+02:00;2026-09-13T18:00:00+02:00;NO1;Husholdning;1407655,504;1122291
2026-09-13T17:00:00+02:00;2026-09-13T18:00:00+02:00;NO1;Primær Industri;29146,193;7482
2026-09-13T17:00:00+02:00;2026-09-13T18:00:00+02:00;NO1;Sekundær Industri;430661,029;15107
2026-09-13T17:00:00+02:00;2026-09-13T18:00:00+02:00;NO1;Tertiære Tjenester;875127,410;96213
2026-09-13T17:00:00+02:00;2026-09-13T18:00:00+02:00;NO2;Hytter og fritidseiendommer;39554,337;106610
2026-09-13T17:00:00+02:00;2026-09-13T18:00:00+02:00;NO2;Husholdning;841207,249;634331
2026-09-13T17:00:00+02:00;2026-09-13T18:00:00+02:00;NO2;Primær Industri;74505,728;5761
2026-09-13T17:00:00+02:00;2026-09-13T18:00:00+02:00;NO2;Sekundær Industri;2056840,202;12574
2026-09-13T17:00:00+02:00;2026-09-13T18:00:00+02:00;NO2;Tertiære Tjenester;466293,167;70977
2026-09-13T17:00:00+02:00;2026-09-13T18:00:00+02:00;NO3;Hytter og fritidseiendommer;29804,666;62802
2026-09-13T17:00:00+02:00;2026-09-13T18:00:00+02:00;NO3;Husholdning;653292,774;412172
2026-09-13T17:00:00+02:00;2026-09-13T18:00:00+02:00;NO3;Primær Industri;93443,584;10290
2026-09-13T17:00:00+02:00;2026-09-13T18:00:00+02:00;NO3;Sekundær Industri;1542354,647;9243
2026-09-13T17:00:00+02:00;2026-09-13T18:00:00+02:00;NO3;Tertiære Tjenester;419023,131;52404
2026-09-13T17:00:00+02:00;2026-09-13T18:00:00+02:00;NO4;Hytter og fritidseiendommer;28549,136;44167
2026-09-13T17:00:00+02:00;2026-09-13T18:00:00+02:00;NO4;Husholdning;445064,590;245817
2026-09-13T17:00:00+02:00;2026-09-13T18:00:00+02:00;NO4;Primær Industri;62984,486;3977
2026-09-13T17:00:00+02:00;2026-09-13T18:00:00+02:00;NO4;Sekundær Industri;1192569,745;6125
2026-09-13T17:00:00+02:00;2026-09-13T18:00:00+02:00;NO4;Tertiære Tjenester;336080,497;40302
2026-09-13T17:00:00+02:00;2026-09-13T18:00:00+02:00;NO5;Hytter og fritidseiendommer;24294,634;48405
2026-09-13T17:00:00+02:00;2026-09-13T18:00:00+02:00;NO5;Husholdning;383012,859;260411
2026-09-13T17:00:00+02:00;2026-09-13T18:00:00+02:00;NO5;Primær Industri;12374,226;1953
2026-09-13T17:00:00+02:00;2026-09-13T18:00:00+02:00;NO5;Sekundær Industri;1050281,652;5019
2026-09-13T17:00:00+02:00;2026-09-13T18:00:00+02:00;NO5;Tertiære Tjenester;210434,356;27954
2026-09-13T18:00:00+02:00;2026-09-13T19:00:00+02:00;NO1;Hytter og fritidseiendommer;45057,056;110801
2026-09-13T18:00:00+02:00;2026-09-13T19:00:00+02:00;NO1;Husholdning;1476332,289;1122291
2026-09-13T18:00:00+02:00;2026-09-13T19:00:00+02:00;NO1;Primær Industri;36707,017;7482
2026-09-13T18:00:00+02:00;2026-09-13T19:00:00+02:00;NO1;Sekundær Industri;432658,305;15107
2026-09-13T18:00:00+02:00;2026-09-13T19:00:00+02:00;NO1;Tertiære Tjenester;867970,697;96213
2026-09-13T18:00:00+02:00;2026-09-13T19:00:00+02:00;NO2;Hytter og fritidseiendommer;38997,602;106610
2026-09-13T18:00:00+02:00;2026-09-13T19:00:00+02:00;NO2;Husholdning;883283,589;634331
2026-09-13T18:00:00+02:00;2026-09-13T19:00:00+02:00;NO2;Primær Industri;83408,107;5761
2026-09-13T18:00:00+02:00;2026-09-13T19:00:00+02:00;NO2;Sekundær Industri;2055927,908;12574
2026-09-13T18:00:00+02:00;2026-09-13T19:00:00+02:00;NO2;Tertiære Tjenester;467090,830;70977
2026-09-13T18:00:00+02:00;2026-09-13T19:00:00+02:00;NO3;Hytter og fritidseiendommer;29342,450;62802
2026-09-13T18:00:00+02:00;2026-09-13T19:00:00+02:00;NO3;Husholdning;671136,217;412172
2026-09-13T18:00:00+02:00;2026-09-13T19:00:00+02:00;NO3;Primær Industri;95842,559;10290
2026-09-13T18:00:00+02:00;2026-09-13T19:00:00+02:00;NO3;Sekundær Industri;1544013,902;9243
2026-09-13T18:00:00+02:00;2026-09-13T19:00:00+02:00;NO3;Tertiære Tjenester;414409,400;52404
2026-09-13T18:00:00+02:00;2026-09-13T19:00:00+02:00;NO4;Hytter og fritidseiendommer;28705,814;44167
2026-09-13T18:00:00+02:00;2026-09-13T19:00:00+02:00;NO4;Husholdning;453487,397;245817
2026-09-13T18:00:00+02:00;2026-09-13T19:00:00+02:00;NO4;Primær Industri;63498,943;3977
2026-09-13T18:00:00+02:00;2026-09-13T19:00:00+02:00;NO4;Sekundær Industri;1164635,343;6125
2026-09-13T18:00:00+02:00;2026-09-13T19:00:00+02:00;NO4;Tertiære Tjenester;336205,391;40302
2026-09-13T18:00:00+02:00;2026-09-13T19:00:00+02:00;NO5;Hytter og fritidseiendommer;23852,940;48405
2026-09-13T18:00:00+02:00;2026-09-13T19:00:00+02:00;NO5;Husholdning;389556,100;260411
2026-09-13T18:00:00+02:00;2026-09-13T19:00:00+02:00;NO5;Primær Industri;12747,130;1953
2026-09-13T18:00:00+02:00;2026-09-13T19:00:00+02:00;NO5;Sekundær Industri;1054073,787;5019
2026-09-13T18:00:00+02:00;2026-09-13T19:00:00+02:00;NO5;Tertiære Tjenester;208707,931;27954
2026-09-13T19:00:00+02:00;2026-09-13T20:00:00+02:00;NO1;Hytter og fritidseiendommer;44929,058;110801
2026-09-13T19:00:00+02:00;2026-09-13T20:00:00+02:00;NO1;Husholdning;1564450,979;1122291
2026-09-13T19:00:00+02:00;2026-09-13T20:00:00+02:00;NO1;Primær Industri;39847,933;7482
2026-09-13T19:00:00+02:00;2026-09-13T20:00:00+02:00;NO1;Sekundær Industri;437537,318;15107
2026-09-13T19:00:00+02:00;2026-09-13T20:00:00+02:00;NO1;Tertiære Tjenester;876806,396;96213
2026-09-13T19:00:00+02:00;2026-09-13T20:00:00+02:00;NO2;Hytter og fritidseiendommer;38997,424;106610
2026-09-13T19:00:00+02:00;2026-09-13T20:00:00+02:00;NO2;Husholdning;940300,550;634331
2026-09-13T19:00:00+02:00;2026-09-13T20:00:00+02:00;NO2;Primær Industri;83383,918;5761
2026-09-13T19:00:00+02:00;2026-09-13T20:00:00+02:00;NO2;Sekundær Industri;2057484,906;12574
2026-09-13T19:00:00+02:00;2026-09-13T20:00:00+02:00;NO2;Tertiære Tjenester;470905,861;70977
2026-09-13T19:00:00+02:00;2026-09-13T20:00:00+02:00;NO3;Hytter og fritidseiendommer;29519,497;62802
2026-09-13T19:00:00+02:00;2026-09-13T20:00:00+02:00;NO3;Husholdning;694253,118;412172
2026-09-13T19:00:00+02:00;2026-09-13T20:00:00+02:00;NO3;Primær Industri;96890,400;10290
2026-09-13T19:00:00+02:00;2026-09-13T20:00:00+02:00;NO3;Sekundær Industri;1541415,231;9243
2026-09-13T19:00:00+02:00;2026-09-13T20:00:00+02:00;NO3;Tertiære Tjenester;414706,668;52404
2026-09-13T19:00:00+02:00;2026-09-13T20:00:00+02:00;NO4;Hytter og fritidseiendommer;29078,339;44167
2026-09-13T19:00:00+02:00;2026-09-13T20:00:00+02:00;NO4;Husholdning;466957,365;245817
2026-09-13T19:00:00+02:00;2026-09-13T20:00:00+02:00;NO4;Primær Industri;63620,235;3977
2026-09-13T19:00:00+02:00;2026-09-13T20:00:00+02:00;NO4;Sekundær Industri;1187175,832;6125
2026-09-13T19:00:00+02:00;2026-09-13T20:00:00+02:00;NO4;Tertiære Tjenester;343318,424;40302
2026-09-13T19:00:00+02:00;2026-09-13T20:00:00+02:00;NO5;Hytter og fritidseiendommer;23887,145;48405
2026-09-13T19:00:00+02:00;2026-09-13T20:00:00+02:00;NO5;Husholdning;405076,910;260411
2026-09-13T19:00:00+02:00;2026-09-13T20:00:00+02:00;NO5;Primær Industri;13136,868;1953
2026-09-13T19:00:00+02:00;2026-09-13T20:00:00+02:00;NO5;Sekundær Industri;1056481,607;5019
2026-09-13T19:00:00+02:00;2026-09-13T20:00:00+02:00;NO5;Tertiære Tjenester;206152,094;27954
2026-09-13T20:00:00+02:00;2026-09-13T21:00:00+02:00;NO1;Hytter og fritidseiendommer;45996,859;110801
2026-09-13T20:00:00+02:00;2026-09-13T21:00:00+02:00;NO1;Husholdning;1641090,605;1122291
2026-09-13T20:00:00+02:00;2026-09-13T21:00:00+02:00;NO1;Primær Industri;40312,647;7482
2026-09-13T20:00:00+02:00;2026-09-13T21:00:00+02:00;NO1;Sekundær Industri;448396,779;15107
2026-09-13T20:00:00+02:00;2026-09-13T21:00:00+02:00;NO1;Tertiære Tjenester;895834,886;96213
2026-09-13T20:00:00+02:00;2026-09-13T21:00:00+02:00;NO2;Hytter og fritidseiendommer;40269,632;106610
2026-09-13T20:00:00+02:00;2026-09-13T21:00:00+02:00;NO2;Husholdning;991865,904;634331
2026-09-13T20:00:00+02:00;2026-09-13T21:00:00+02:00;NO2;Primær Industri;76571,488;5761
2026-09-13T20:00:00+02:00;2026-09-13T21:00:00+02:00;NO2;Sekundær Industri;2070088,334;12574
2026-09-13T20:00:00+02:00;2026-09-13T21:00:00+02:00;NO2;Tertiære Tjenester;492587,173;70977
2026-09-13T20:00:00+02:00;2026-09-13T21:00:00+02:00;NO3;Hytter og fritidseiendommer;30229,584;62802
2026-09-13T20:00:00+02:00;2026-09-13T21:00:00+02:00;NO3;Husholdning;718539,909;412172
2026-09-13T20:00:00+02:00;2026-09-13T21:00:00+02:00;NO3;Primær Industri;96950,408;10290
2026-09-13T20:00:00+02:00;2026-09-13T21:00:00+02:00;NO3;Sekundær Industri;1564593,111;9243
2026-09-13T20:00:00+02:00;2026-09-13T21:00:00+02:00;NO3;Tertiære Tjenester;430588,469;52404
2026-09-13T20:00:00+02:00;2026-09-13T21:00:00+02:00;NO4;Hytter og fritidseiendommer;29270,406;44167
2026-09-13T20:00:00+02:00;2026-09-13T21:00:00+02:00;NO4;Husholdning;476274,093;245817
2026-09-13T20:00:00+02:00;2026-09-13T21:00:00+02:00;NO4;Primær Industri;62995,999;3977
2026-09-13T20:00:00+02:00;2026-09-13T21:00:00+02:00;NO4;Sekundær Industri;1193687,789;6125
2026-09-13T20:00:00+02:00;2026-09-13T21:00:00+02:00;NO4;Tertiære Tjenester;351145,969;40302
2026-09-13T20:00:00+02:00;2026-09-13T21:00:00+02:00;NO5;Hytter og fritidseiendommer;24356,350;48405
2026-09-13T20:00:00+02:00;2026-09-13T21:00:00+02:00;NO5;Husholdning;428166,346;260411
2026-09-13T20:00:00+02:00;2026-09-13T21:00:00+02:00;NO5;Primær Industri;13414,013;1953
2026-09-13T20:00:00+02:00;2026-09-13T21:00:00+02:00;NO5;Sekundær Industri;1038353,946;5019
2026-09-13T20:00:00+02:00;2026-09-13T21:00:00+02:00;NO5;Tertiære Tjenester;218219,135;27954
2026-09-13T21:00:00+02:00;2026-09-13T22:00:00+02:00;NO1;Hytter og fritidseiendommer;45532,588;110801
2026-09-13T21:00:00+02:00;2026-09-13T22:00:00+02:00;NO1;Husholdning;1618549,095;1122291
2026-09-13T21:00:00+02:00;2026-09-13T22:00:00+02:00;NO1;Primær Industri;36879,541;7482
2026-09-13T21:00:00+02:00;2026-09-13T22:00:00+02:00;NO1;Sekundær Industri;474148,408;15107
2026-09-13T21:00:00+02:00;2026-09-13T22:00:00+02:00;NO1;Tertiære Tjenester;874011,339;96213
2026-09-13T21:00:00+02:00;2026-09-13T22:00:00+02:00;NO2;Hytter og fritidseiendommer;40258,921;106610
2026-09-13T21:00:00+02:00;2026-09-13T22:00:00+02:00;NO2;Husholdning;984641,653;634331
2026-09-13T21:00:00+02:00;2026-09-13T22:00:00+02:00;NO2;Primær Industri;72446,337;5761
2026-09-13T21:00:00+02:00;2026-09-13T22:00:00+02:00;NO2;Sekundær Industri;2077333,559;12574
2026-09-13T21:00:00+02:00;2026-09-13T22:00:00+02:00;NO2;Tertiære Tjenester;485727,747;70977
2026-09-13T21:00:00+02:00;2026-09-13T22:00:00+02:00;NO3;Hytter og fritidseiendommer;30192,828;62802
2026-09-13T21:00:00+02:00;2026-09-13T22:00:00+02:00;NO3;Husholdning;714170,033;412172
2026-09-13T21:00:00+02:00;2026-09-13T22:00:00+02:00;NO3;Primær Industri;94216,782;10290
2026-09-13T21:00:00+02:00;2026-09-13T22:00:00+02:00;NO3;Sekundær Industri;1563948,871;9243
2026-09-13T21:00:00+02:00;2026-09-13T22:00:00+02:00;NO3;Tertiære Tjenester;419910,627;52404
2026-09-13T21:00:00+02:00;2026-09-13T22:00:00+02:00;NO4;Hytter og fritidseiendommer;29136,361;44167
2026-09-13T21:00:00+02:00;2026-09-13T22:00:00+02:00;NO4;Husholdning;469332,140;245817
2026-09-13T21:00:00+02:00;2026-09-13T22:00:00+02:00;NO4;Primær Industri;62500,409;3977
2026-09-13T21:00:00+02:00;2026-09-13T22:00:00+02:00;NO4;Sekundær Industri;1197014,812;6125
2026-09-13T21:00:00+02:00;2026-09-13T22:00:00+02:00;NO4;Tertiære Tjenester;343692,374;40302
2026-09-13T21:00:00+02:00;2026-09-13T22:00:00+02:00;NO5;Hytter og fritidseiendommer;24517,942;48405
2026-09-13T21:00:00+02:00;2026-09-13T22:00:00+02:00;NO5;Husholdning;430891,884;260411
2026-09-13T21:00:00+02:00;2026-09-13T22:00:00+02:00;NO5;Primær Industri;13210,198;1953
2026-09-13T21:00:00+02:00;2026-09-13T22:00:00+02:00;NO5;Sekundær Industri;1049410,415;5019
2026-09-13T21:00:00+02:00;2026-09-13T22:00:00+02:00;NO5;Tertiære Tjenester;218470,333;27954
2026-09-13T22:00:00+02:00;2026-09-13T23:00:00+02:00;NO1;Hytter og fritidseiendommer;45484,939;110801
2026-09-13T22:00:00+02:00;2026-09-13T23:00:00+02:00;NO1;Husholdning;1534514,996;1122291
2026-09-13T22:00:00+02:00;2026-09-13T23:00:00+02:00;NO1;Primær Industri;33277,192;7482
2026-09-13T22:00:00+02:00;2026-09-13T23:00:00+02:00;NO1;Sekundær Industri;459078,154;15107
2026-09-13T22:00:00+02:00;2026-09-13T23:00:00+02:00;NO1;Tertiære Tjenester;846054,190;96213
2026-09-13T22:00:00+02:00;2026-09-13T23:00:00+02:00;NO2;Hytter og fritidseiendommer;39863,034;106610
2026-09-13T22:00:00+02:00;2026-09-13T23:00:00+02:00;NO2;Husholdning;939722,896;634331
2026-09-13T22:00:00+02:00;2026-09-13T23:00:00+02:00;NO2;Primær Industri;63422,650;5761
2026-09-13T22:00:00+02:00;2026-09-13T23:00:00+02:00;NO2;Sekundær Industri;2075629,921;12574
2026-09-13T22:00:00+02:00;2026-09-13T23:00:00+02:00;NO2;Tertiære Tjenester;469987,106;70977
2026-09-13T22:00:00+02:00;2026-09-13T23:00:00+02:00;NO3;Hytter og fritidseiendommer;29884,313;62802
2026-09-13T22:00:00+02:00;2026-09-13T23:00:00+02:00;NO3;Husholdning;692760,884;412172
2026-09-13T22:00:00+02:00;2026-09-13T23:00:00+02:00;NO3;Primær Industri;90429,280;10290
2026-09-13T22:00:00+02:00;2026-09-13T23:00:00+02:00;NO3;Sekundær Industri;1582140,665;9243
2026-09-13T22:00:00+02:00;2026-09-13T23:00:00+02:00;NO3;Tertiære Tjenester;409370,729;52404
2026-09-13T22:00:00+02:00;2026-09-13T23:00:00+02:00;NO4;Hytter og fritidseiendommer;28683,358;44167
2026-09-13T22:00:00+02:00;2026-09-13T23:00:00+02:00;NO4;Husholdning;450357,457;245817
2026-09-13T22:00:00+02:00;2026-09-13T23:00:00+02:00;NO4;Primær Industri;61563,372;3977
2026-09-13T22:00:00+02:00;2026-09-13T23:00:00+02:00;NO4;Sekundær Industri;1189689,337;6125
2026-09-13T22:00:00+02:00;2026-09-13T23:00:00+02:00;NO4;Tertiære Tjenester;333713,621;40302
2026-09-13T22:00:00+02:00;2026-09-13T23:00:00+02:00;NO5;Hytter og fritidseiendommer;24404,792;48405
2026-09-13T22:00:00+02:00;2026-09-13T23:00:00+02:00;NO5;Husholdning;413379,928;260411
2026-09-13T22:00:00+02:00;2026-09-13T23:00:00+02:00;NO5;Primær Industri;12738,641;1953
2026-09-13T22:00:00+02:00;2026-09-13T23:00:00+02:00;NO5;Sekundær Industri;1052395,082;5019
2026-09-13T22:00:00+02:00;2026-09-13T23:00:00+02:00;NO5;Tertiære Tjenester;206244,752;27954
2026-09-13T23:00:00+02:00;2026-09-14T00:00:00+02:00;NO1;Hytter og fritidseiendommer;44535,938;110801
2026-09-13T23:00:00+02:00;2026-09-14T00:00:00+02:00;NO1;Husholdning;1380349,700;1122291
2026-09-13T23:00:00+02:00;2026-09-14T00:00:00+02:00;NO1;Primær Industri;31071,709;7482
2026-09-13T23:00:00+02:00;2026-09-14T00:00:00+02:00;NO1;Sekundær Industri;452264,984;15107
2026-09-13T23:00:00+02:00;2026-09-14T00:00:00+02:00;NO1;Tertiære Tjenester;813164,345;96213
2026-09-13T23:00:00+02:00;2026-09-14T00:00:00+02:00;NO2;Hytter og fritidseiendommer;38892,553;106610
2026-09-13T23:00:00+02:00;2026-09-14T00:00:00+02:00;NO2;Husholdning;853476,462;634331
2026-09-13T23:00:00+02:00;2026-09-14T00:00:00+02:00;NO2;Primær Industri;59678,152;5761
2026-09-13T23:00:00+02:00;2026-09-14T00:00:00+02:00;NO2;Sekundær Industri;2070908,097;12574
2026-09-13T23:00:00+02:00;2026-09-14T00:00:00+02:00;NO2;Tertiære Tjenester;457084,320;70977
2026-09-13T23:00:00+02:00;2026-09-14T00:00:00+02:00;NO3;Hytter og fritidseiendommer;29256,165;62802
2026-09-13T23:00:00+02:00;2026-09-14T00:00:00+02:00;NO3;Husholdning;641302,639;412172
2026-09-13T23:00:00+02:00;2026-09-14T00:00:00+02:00;NO3;Primær Industri;86694,886;10290
2026-09-13T23:00:00+02:00;2026-09-14T00:00:00+02:00;NO3;Sekundær Industri;1616335,743;9243
2026-09-13T23:00:00+02:00;2026-09-14T00:00:00+02:00;NO3;Tertiære Tjenester;399749,500;52404
2026-09-13T23:00:00+02:00;2026-09-14T00:00:00+02:00;NO4;Hytter og fritidseiendommer;28092,531;44167
2026-09-13T23:00:00+02:00;2026-09-14T00:00:00+02:00;NO4;Husholdning;418428,108;245817
2026-09-13T23:00:00+02:00;2026-09-14T00:00:00+02:00;NO4;Primær Industri;60957,017;3977
2026-09-13T23:00:00+02:00;2026-09-14T00:00:00+02:00;NO4;Sekundær Industri;1144654,264;6125
2026-09-13T23:00:00+02:00;2026-09-14T00:00:00+02:00;NO4;Tertiære Tjenester;325850,735;40302
2026-09-13T23:00:00+02:00;2026-09-14T00:00:00+02:00;NO5;Hytter og fritidseiendommer;24206,787;48405
2026-09-13T23:00:00+02:00;2026-09-14T00:00:00+02:00;NO5;Husholdning;378584,677;260411
2026-09-13T23:00:00+02:00;2026-09-14T00:00:00+02:00;NO5;Primær Industri;12401,187;1953
2026-09-13T23:00:00+02:00;2026-09-14T00:00:00+02:00;NO5;Sekundær Industri;1050609,383;5019
2026-09-13T23:00:00+02:00;2026-09-14T00:00:00+02:00;NO5;Tertiære Tjenester;202850,402;27954
2026-09-14T00:00:00+02:00;2026-09-14T01:00:00+02:00;NO1;Hytter og fritidseiendommer;44243,378;110805
2026-09-14T00:00:00+02:00;2026-09-14T01:00:00+02:00;NO1;Husholdning;1243226,730;1122270
2026-09-14T00:00:00+02:00;2026-09-14T01:00:00+02:00;NO1;Primær Industri;30002,477;7481
2026-09-14T00:00:00+02:00;2026-09-14T01:00:00+02:00;NO1;Sekundær Industri;468366,779;15111
2026-09-14T00:00:00+02:00;2026-09-14T01:00:00+02:00;NO1;Tertiære Tjenester;790736,999;96221
2026-09-14T00:00:00+02:00;2026-09-14T01:00:00+02:00;NO2;Hytter og fritidseiendommer;38612,306;106609
2026-09-14T00:00:00+02:00;2026-09-14T01:00:00+02:00;NO2;Husholdning;766787,795;634361
2026-09-14T00:00:00+02:00;2026-09-14T01:00:00+02:00;NO2;Primær Industri;59653,871;5761
2026-09-14T00:00:00+02:00;2026-09-14T01:00:00+02:00;NO2;Sekundær Industri;2062577,851;12575
2026-09-14T00:00:00+02:00;2026-09-14T01:00:00+02:00;NO2;Tertiære Tjenester;453957,515;70971
2026-09-14T00:00:00+02:00;2026-09-14T01:00:00+02:00;NO3;Hytter og fritidseiendommer;28663,503;62801
2026-09-14T00:00:00+02:00;2026-09-14T01:00:00+02:00;NO3;Husholdning;584770,484;412170
2026-09-14T00:00:00+02:00;2026-09-14T01:00:00+02:00;NO3;Primær Industri;83982,450;10290
2026-09-14T00:00:00+02:00;2026-09-14T01:00:00+02:00;NO3;Sekundær Industri;1647308,367;9244
2026-09-14T00:00:00+02:00;2026-09-14T01:00:00+02:00;NO3;Tertiære Tjenester;384839,768;52405
2026-09-14T00:00:00+02:00;2026-09-14T01:00:00+02:00;NO4;Hytter og fritidseiendommer;27357,135;44167
2026-09-14T00:00:00+02:00;2026-09-14T01:00:00+02:00;NO4;Husholdning;388445,430;245811
2026-09-14T00:00:00+02:00;2026-09-14T01:00:00+02:00;NO4;Primær Industri;59897,481;3977
2026-09-14T00:00:00+02:00;2026-09-14T01:00:00+02:00;NO4;Sekundær Industri;1178346,726;6125
2026-09-14T00:00:00+02:00;2026-09-14T01:00:00+02:00;NO4;Tertiære Tjenester;318833,300;40301
2026-09-14T00:00:00+02:00;2026-09-14T01:00:00+02:00;NO5;Hytter og fritidseiendommer;24056,567;48406
2026-09-14T00:00:00+02:00;2026-09-14T01:00:00+02:00;NO5;Husholdning;344688,667;260412
2026-09-14T00:00:00+02:00;2026-09-14T01:00:00+02:00;NO5;Primær Industri;12240,882;1953
2026-09-14T00:00:00+02:00;2026-09-14T01:00:00+02:00;NO5;Sekundær Industri;1052771,745;5018
2026-09-14T00:00:00+02:00;2026-09-14T01:00:00+02:00;NO5;Tertiære Tjenester;198613,247;27952
2026-09-14T01:00:00+02:00;2026-09-14T02:00:00+02:00;NO1;Hytter og fritidseiendommer;44250,542;110805
2026-09-14T01:00:00+02:00;2026-09-14T02:00:00+02:00;NO1;Husholdning;1145332,442;1122270
2026-09-14T01:00:00+02:00;2026-09-14T02:00:00+02:00;NO1;Primær Industri;29906,792;7481
2026-09-14T01:00:00+02:00;2026-09-14T02:00:00+02:00;NO1;Sekundær Industri;482667,391;15111
2026-09-14T01:00:00+02:00;2026-09-14T02:00:00+02:00;NO1;Tertiære Tjenester;775699,302;96221
2026-09-14T01:00:00+02:00;2026-09-14T02:00:00+02:00;NO2;Hytter og fritidseiendommer;38366,024;106609
2026-09-14T01:00:00+02:00;2026-09-14T02:00:00+02:00;NO2;Husholdning;710782,943;634361
2026-09-14T01:00:00+02:00;2026-09-14T02:00:00+02:00;NO2;Primær Industri;62732,094;5761
2026-09-14T01:00:00+02:00;2026-09-14T02:00:00+02:00;NO2;Sekundær Industri;2052996,324;12575
2026-09-14T01:00:00+02:00;2026-09-14T02:00:00+02:00;NO2;Tertiære Tjenester;442168,215;70971
2026-09-14T01:00:00+02:00;2026-09-14T02:00:00+02:00;NO3;Hytter og fritidseiendommer;28374,750;62801
2026-09-14T01:00:00+02:00;2026-09-14T02:00:00+02:00;NO3;Husholdning;542200,210;412170
2026-09-14T01:00:00+02:00;2026-09-14T02:00:00+02:00;NO3;Primær Industri;82591,116;10290
2026-09-14T01:00:00+02:00;2026-09-14T02:00:00+02:00;NO3;Sekundær Industri;1650391,995;9244
2026-09-14T01:00:00+02:00;2026-09-14T02:00:00+02:00;NO3;Tertiære Tjenester;378824,414;52405
2026-09-14T01:00:00+02:00;2026-09-14T02:00:00+02:00;NO4;Hytter og fritidseiendommer;26977,786;44167
2026-09-14T01:00:00+02:00;2026-09-14T02:00:00+02:00;NO4;Husholdning;365681,897;245811
2026-09-14T01:00:00+02:00;2026-09-14T02:00:00+02:00;NO4;Primær Industri;59338,857;3977
2026-09-14T01:00:00+02:00;2026-09-14T02:00:00+02:00;NO4;Sekundær Industri;1197949,238;6125
2026-09-14T01:00:00+02:00;2026-09-14T02:00:00+02:00;NO4;Tertiære Tjenester;316355,313;40301
2026-09-14T01:00:00+02:00;2026-09-14T02:00:00+02:00;NO5;Hytter og fritidseiendommer;24098,105;48406
2026-09-14T01:00:00+02:00;2026-09-14T02:00:00+02:00;NO5;Husholdning;321893,498;260412
2026-09-14T01:00:00+02:00;2026-09-14T02:00:00+02:00;NO5;Primær Industri;12129,627;1953
2026-09-14T01:00:00+02:00;2026-09-14T02:00:00+02:00;NO5;Sekundær Industri;1053047,645;5018
2026-09-14T01:00:00+02:00;2026-09-14T02:00:00+02:00;NO5;Tertiære Tjenester;194986,550;27952
2026-09-14T02:00:00+02:00;2026-09-14T03:00:00+02:00;NO1;Hytter og fritidseiendommer;44874,222;110805
2026-09-14T02:00:00+02:00;2026-09-14T03:00:00+02:00;NO1;Husholdning;1094252,143;1122270
2026-09-14T02:00:00+02:00;2026-09-14T03:00:00+02:00;NO1;Primær Industri;30826,023;7481
2026-09-14T02:00:00+02:00;2026-09-14T03:00:00+02:00;NO1;Sekundær Industri;491915,101;15111
2026-09-14T02:00:00+02:00;2026-09-14T03:00:00+02:00;NO1;Tertiære Tjenester;765831,134;96221
2026-09-14T02:00:00+02:00;2026-09-14T03:00:00+02:00;NO2;Hytter og fritidseiendommer;38726,295;106609
2026-09-14T02:00:00+02:00;2026-09-14T03:00:00+02:00;NO2;Husholdning;681601,930;634361
2026-09-14T02:00:00+02:00;2026-09-14T03:00:00+02:00;NO2;Primær Industri;68326,116;5761
2026-09-14T02:00:00+02:00;2026-09-14T03:00:00+02:00;NO2;Sekundær Industri;2057071,192;12575
2026-09-14T02:00:00+02:00;2026-09-14T03:00:00+02:00;NO2;Tertiære Tjenester;438064,294;70971
2026-09-14T02:00:00+02:00;2026-09-14T03:00:00+02:00;NO3;Hytter og fritidseiendommer;28342,715;62801
2026-09-14T02:00:00+02:00;2026-09-14T03:00:00+02:00;NO3;Husholdning;516859,748;412170
2026-09-14T02:00:00+02:00;2026-09-14T03:00:00+02:00;NO3;Primær Industri;82212,099;10290
2026-09-14T02:00:00+02:00;2026-09-14T03:00:00+02:00;NO3;Sekundær Industri;1653247,710;9244
2026-09-14T02:00:00+02:00;2026-09-14T03:00:00+02:00;NO3;Tertiære Tjenester;373503,876;52405
2026-09-14T02:00:00+02:00;2026-09-14T03:00:00+02:00;NO4;Hytter og fritidseiendommer;27017,768;44167
2026-09-14T02:00:00+02:00;2026-09-14T03:00:00+02:00;NO4;Husholdning;351312,224;245811
2026-09-14T02:00:00+02:00;2026-09-14T03:00:00+02:00;NO4;Primær Industri;59295,063;3977
2026-09-14T02:00:00+02:00;2026-09-14T03:00:00+02:00;NO4;Sekundær Industri;1201330,953;6125
2026-09-14T02:00:00+02:00;2026-09-14T03:00:00+02:00;NO4;Tertiære Tjenester;313128,422;40301
2026-09-14T02:00:00+02:00;2026-09-14T03:00:00+02:00;NO5;Hytter og fritidseiendommer;24475,213;48406
2026-09-14T02:00:00+02:00;2026-09-14T03:00:00+02:00;NO5;Husholdning;307556,691;260412
2026-09-14T02:00:00+02:00;2026-09-14T03:00:00+02:00;NO5;Primær Industri;12011,965;1953
2026-09-14T02:00:00+02:00;2026-09-14T03:00:00+02:00;NO5;Sekundær Industri;1051654,480;5018
2026-09-14T02:00:00+02:00;2026-09-14T03:00:00+02:00;NO5;Tertiære Tjenester;192095,689;27952
2026-09-14T03:00:00+02:00;2026-09-14T04:00:00+02:00;NO1;Hytter og fritidseiendommer;45867,398;110805
2026-09-14T03:00:00+02:00;2026-09-14T04:00:00+02:00;NO1;Husholdning;1069261,075;1122270
2026-09-14T03:00:00+02:00;2026-09-14T04:00:00+02:00;NO1;Primær Industri;33668,063;7481
2026-09-14T03:00:00+02:00;2026-09-14T04:00:00+02:00;NO1;Sekundær Industri;492809,759;15111
2026-09-14T03:00:00+02:00;2026-09-14T04:00:00+02:00;NO1;Tertiære Tjenester;768118,089;96221
2026-09-14T03:00:00+02:00;2026-09-14T04:00:00+02:00;NO2;Hytter og fritidseiendommer;39112,370;106609
2026-09-14T03:00:00+02:00;2026-09-14T04:00:00+02:00;NO2;Husholdning;664228,128;634361
2026-09-14T03:00:00+02:00;2026-09-14T04:00:00+02:00;NO2;Primær Industri;71892,632;5761
2026-09-14T03:00:00+02:00;2026-09-14T04:00:00+02:00;NO2;Sekundær Industri;2078275,577;12575
2026-09-14T03:00:00+02:00;2026-09-14T04:00:00+02:00;NO2;Tertiære Tjenester;441434,588;70971
2026-09-14T03:00:00+02:00;2026-09-14T04:00:00+02:00;NO3;Hytter og fritidseiendommer;28525,349;62801
2026-09-14T03:00:00+02:00;2026-09-14T04:00:00+02:00;NO3;Husholdning;503020,086;412170
2026-09-14T03:00:00+02:00;2026-09-14T04:00:00+02:00;NO3;Primær Industri;82685,232;10290
2026-09-14T03:00:00+02:00;2026-09-14T04:00:00+02:00;NO3;Sekundær Industri;1646349,647;9244
2026-09-14T03:00:00+02:00;2026-09-14T04:00:00+02:00;NO3;Tertiære Tjenester;378241,206;52405
2026-09-14T03:00:00+02:00;2026-09-14T04:00:00+02:00;NO4;Hytter og fritidseiendommer;26952,021;44167
2026-09-14T03:00:00+02:00;2026-09-14T04:00:00+02:00;NO4;Husholdning;343411,924;245811
2026-09-14T03:00:00+02:00;2026-09-14T04:00:00+02:00;NO4;Primær Industri;58981,859;3977
2026-09-14T03:00:00+02:00;2026-09-14T04:00:00+02:00;NO4;Sekundær Industri;1212496,844;6125
2026-09-14T03:00:00+02:00;2026-09-14T04:00:00+02:00;NO4;Tertiære Tjenester;314184,901;40301
2026-09-14T03:00:00+02:00;2026-09-14T04:00:00+02:00;NO5;Hytter og fritidseiendommer;24909,210;48406
2026-09-14T03:00:00+02:00;2026-09-14T04:00:00+02:00;NO5;Husholdning;298931,969;260412
2026-09-14T03:00:00+02:00;2026-09-14T04:00:00+02:00;NO5;Primær Industri;11987,363;1953
2026-09-14T03:00:00+02:00;2026-09-14T04:00:00+02:00;NO5;Sekundær Industri;1049591,784;5018
2026-09-14T03:00:00+02:00;2026-09-14T04:00:00+02:00;NO5;Tertiære Tjenester;192199,976;27952
2026-09-14T04:00:00+02:00;2026-09-14T05:00:00+02:00;NO1;Hytter og fritidseiendommer;46693,144;110805
2026-09-14T04:00:00+02:00;2026-09-14T05:00:00+02:00;NO1;Husholdning;1049800,787;1122270
2026-09-14T04:00:00+02:00;2026-09-14T05:00:00+02:00;NO1;Primær Industri;36323,659;7481
2026-09-14T04:00:00+02:00;2026-09-14T05:00:00+02:00;NO1;Sekundær Industri;501533,100;15111
2026-09-14T04:00:00+02:00;2026-09-14T05:00:00+02:00;NO1;Tertiære Tjenester;785719,625;96221
2026-09-14T04:00:00+02:00;2026-09-14T05:00:00+02:00;NO2;Hytter og fritidseiendommer;39828,548;106609
2026-09-14T04:00:00+02:00;2026-09-14T05:00:00+02:00;NO2;Husholdning;654751,954;634361
2026-09-14T04:00:00+02:00;2026-09-14T05:00:00+02:00;NO2;Primær Industri;81974,251;5761
2026-09-14T04:00:00+02:00;2026-09-14T05:00:00+02:00;NO2;Sekundær Industri;2083645,571;12575
2026-09-14T04:00:00+02:00;2026-09-14T05:00:00+02:00;NO2;Tertiære Tjenester;454555,837;70971
2026-09-14T04:00:00+02:00;2026-09-14T05:00:00+02:00;NO3;Hytter og fritidseiendommer;28735,040;62801
2026-09-14T04:00:00+02:00;2026-09-14T05:00:00+02:00;NO3;Husholdning;495324,366;412170
2026-09-14T04:00:00+02:00;2026-09-14T05:00:00+02:00;NO3;Primær Industri;84975,563;10290
2026-09-14T04:00:00+02:00;2026-09-14T05:00:00+02:00;NO3;Sekundær Industri;1664414,386;9244
2026-09-14T04:00:00+02:00;2026-09-14T05:00:00+02:00;NO3;Tertiære Tjenester;383853,598;52405
2026-09-14T04:00:00+02:00;2026-09-14T05:00:00+02:00;NO4;Hytter og fritidseiendommer;27130,872;44167
2026-09-14T04:00:00+02:00;2026-09-14T05:00:00+02:00;NO4;Husholdning;339907,567;245811
2026-09-14T04:00:00+02:00;2026-09-14T05:00:00+02:00;NO4;Primær Industri;59647,449;3977
2026-09-14T04:00:00+02:00;2026-09-14T05:00:00+02:00;NO4;Sekundær Industri;1198251,086;6125
2026-09-14T04:00:00+02:00;2026-09-14T05:00:00+02:00;NO4;Tertiære Tjenester;320701,875;40301
2026-09-14T04:00:00+02:00;2026-09-14T05:00:00+02:00;NO5;Hytter og fritidseiendommer;25214,784;48406
2026-09-14T04:00:00+02:00;2026-09-14T05:00:00+02:00;NO5;Husholdning;294301,334;260412
2026-09-14T04:00:00+02:00;2026-09-14T05:00:00+02:00;NO5;Primær Industri;12003,995;1953
2026-09-14T04:00:00+02:00;2026-09-14T05:00:00+02:00;NO5;Sekundær Industri;1051022,741;5018
2026-09-14T04:00:00+02:00;2026-09-14T05:00:00+02:00;NO5;Tertiære Tjenester;194900,268;27952
2026-09-14T05:00:00+02:00;2026-09-14T06:00:00+02:00;NO1;Hytter og fritidseiendommer;47800,844;110805
2026-09-14T05:00:00+02:00;2026-09-14T06:00:00+02:00;NO1;Husholdning;1074259,966;1122270
2026-09-14T05:00:00+02:00;2026-09-14T06:00:00+02:00;NO1;Primær Industri;38329,660;7481
2026-09-14T05:00:00+02:00;2026-09-14T06:00:00+02:00;NO1;Sekundær Industri;532026,532;15111
2026-09-14T05:00:00+02:00;2026-09-14T06:00:00+02:00;NO1;Tertiære Tjenester;861646,797;96221
2026-09-14T05:00:00+02:00;2026-09-14T06:00:00+02:00;NO2;Hytter og fritidseiendommer;40482,444;106609
2026-09-14T05:00:00+02:00;2026-09-14T06:00:00+02:00;NO2;Husholdning;667784,561;634361
2026-09-14T05:00:00+02:00;2026-09-14T06:00:00+02:00;NO2;Primær Industri;85935,565;5761
2026-09-14T05:00:00+02:00;2026-09-14T06:00:00+02:00;NO2;Sekundær Industri;2103181,519;12575
2026-09-14T05:00:00+02:00;2026-09-14T06:00:00+02:00;NO2;Tertiære Tjenester;492742,207;70971
2026-09-14T05:00:00+02:00;2026-09-14T06:00:00+02:00;NO3;Hytter og fritidseiendommer;29174,880;62801
2026-09-14T05:00:00+02:00;2026-09-14T06:00:00+02:00;NO3;Husholdning;498972,652;412170
2026-09-14T05:00:00+02:00;2026-09-14T06:00:00+02:00;NO3;Primær Industri;87223,780;10290
2026-09-14T05:00:00+02:00;2026-09-14T06:00:00+02:00;NO3;Sekundær Industri;1698431,457;9244
2026-09-14T05:00:00+02:00;2026-09-14T06:00:00+02:00;NO3;Tertiære Tjenester;408944,904;52405
2026-09-14T05:00:00+02:00;2026-09-14T06:00:00+02:00;NO4;Hytter og fritidseiendommer;27312,824;44167
2026-09-14T05:00:00+02:00;2026-09-14T06:00:00+02:00;NO4;Husholdning;345006,291;245811
2026-09-14T05:00:00+02:00;2026-09-14T06:00:00+02:00;NO4;Primær Industri;61784,553;3977
2026-09-14T05:00:00+02:00;2026-09-14T06:00:00+02:00;NO4;Sekundær Industri;1203549,065;6125
2026-09-14T05:00:00+02:00;2026-09-14T06:00:00+02:00;NO4;Tertiære Tjenester;327965,730;40301
2026-09-14T05:00:00+02:00;2026-09-14T06:00:00+02:00;NO5;Hytter og fritidseiendommer;25680,181;48406
2026-09-14T05:00:00+02:00;2026-09-14T06:00:00+02:00;NO5;Husholdning;299099,827;260412
2026-09-14T05:00:00+02:00;2026-09-14T06:00:00+02:00;NO5;Primær Industri;12245,101;1953
2026-09-14T05:00:00+02:00;2026-09-14T06:00:00+02:00;NO5;Sekundær Industri;1052560,236;5018
2026-09-14T05:00:00+02:00;2026-09-14T06:00:00+02:00;NO5;Tertiære Tjenester;210855,934;27952
2026-09-14T06:00:00+02:00;2026-09-14T07:00:00+02:00;NO1;Hytter og fritidseiendommer;49289,815;110805
2026-09-14T06:00:00+02:00;2026-09-14T07:00:00+02:00;NO1;Husholdning;1208315,041;1122270
2026-09-14T06:00:00+02:00;2026-09-14T07:00:00+02:00;NO1;Primær Industri;41521,377;7481
2026-09-14T06:00:00+02:00;2026-09-14T07:00:00+02:00;NO1;Sekundær Industri;606989,871;15111
2026-09-14T06:00:00+02:00;2026-09-14T07:00:00+02:00;NO1;Tertiære Tjenester;1026802,762;96221
2026-09-14T06:00:00+02:00;2026-09-14T07:00:00+02:00;NO2;Hytter og fritidseiendommer;41518,452;106609
2026-09-14T06:00:00+02:00;2026-09-14T07:00:00+02:00;NO2;Husholdning;742872,483;634361
2026-09-14T06:00:00+02:00;2026-09-14T07:00:00+02:00;NO2;Primær Industri;92095,224;5761
2026-09-14T06:00:00+02:00;2026-09-14T07:00:00+02:00;NO2;Sekundær Industri;2158415,258;12575
2026-09-14T06:00:00+02:00;2026-09-14T07:00:00+02:00;NO2;Tertiære Tjenester;579966,649;70971
2026-09-14T06:00:00+02:00;2026-09-14T07:00:00+02:00;NO3;Hytter og fritidseiendommer;30106,520;62801
2026-09-14T06:00:00+02:00;2026-09-14T07:00:00+02:00;NO3;Husholdning;542002,557;412170
2026-09-14T06:00:00+02:00;2026-09-14T07:00:00+02:00;NO3;Primær Industri;92050,235;10290
2026-09-14T06:00:00+02:00;2026-09-14T07:00:00+02:00;NO3;Sekundær Industri;1747761,215;9244
2026-09-14T06:00:00+02:00;2026-09-14T07:00:00+02:00;NO3;Tertiære Tjenester;454255,455;52405
2026-09-14T06:00:00+02:00;2026-09-14T07:00:00+02:00;NO4;Hytter og fritidseiendommer;27896,356;44167
2026-09-14T06:00:00+02:00;2026-09-14T07:00:00+02:00;NO4;Husholdning;372443,472;245811
2026-09-14T06:00:00+02:00;2026-09-14T07:00:00+02:00;NO4;Primær Industri;65081,713;3977
2026-09-14T06:00:00+02:00;2026-09-14T07:00:00+02:00;NO4;Sekundær Industri;1211288,128;6125
2026-09-14T06:00:00+02:00;2026-09-14T07:00:00+02:00;NO4;Tertiære Tjenester;349753,401;40301
2026-09-14T06:00:00+02:00;2026-09-14T07:00:00+02:00;NO5;Hytter og fritidseiendommer;26462,950;48406
2026-09-14T06:00:00+02:00;2026-09-14T07:00:00+02:00;NO5;Husholdning;326773,106;260412
2026-09-14T06:00:00+02:00;2026-09-14T07:00:00+02:00;NO5;Primær Industri;12989,570;1953
2026-09-14T06:00:00+02:00;2026-09-14T07:00:00+02:00;NO5;Sekundær Industri;1067190,264;5018
2026-09-14T06:00:00+02:00;2026-09-14T07:00:00+02:00;NO5;Tertiære Tjenester;244432,665;27952
2026-09-14T07:00:00+02:00;2026-09-14T08:00:00+02:00;NO1;Hytter og fritidseiendommer;50536,945;110805
2026-09-14T07:00:00+02:00;2026-09-14T08:00:00+02:00;NO1;Husholdning;1354281,470;1122270
2026-09-14T07:00:00+02:00;2026-09-14T08:00:00+02:00;NO1;Primær Industri;43704,526;7481
2026-09-14T07:00:00+02:00;2026-09-14T08:00:00+02:00;NO1;Sekundær Industri;663076,504;15111
2026-09-14T07:00:00+02:00;2026-09-14T08:00:00+02:00;NO1;Tertiære Tjenester;1194278,133;96221
2026-09-14T07:00:00+02:00;2026-09-14T08:00:00+02:00;NO2;Hytter og fritidseiendommer;42617,053;106609
2026-09-14T07:00:00+02:00;2026-09-14T08:00:00+02:00;NO2;Husholdning;820518,014;634361
2026-09-14T07:00:00+02:00;2026-09-14T08:00:00+02:00;NO2;Primær Industri;97971,831;5761
2026-09-14T07:00:00+02:00;2026-09-14T08:00:00+02:00;NO2;Sekundær Industri;2220417,838;12575
2026-09-14T07:00:00+02:00;2026-09-14T08:00:00+02:00;NO2;Tertiære Tjenester;666060,480;70971
2026-09-14T07:00:00+02:00;2026-09-14T08:00:00+02:00;NO3;Hytter og fritidseiendommer;30426,577;62801
2026-09-14T07:00:00+02:00;2026-09-14T08:00:00+02:00;NO3;Husholdning;587087,801;412170
2026-09-14T07:00:00+02:00;2026-09-14T08:00:00+02:00;NO3;Primær Industri;98559,613;10290
2026-09-14T07:00:00+02:00;2026-09-14T08:00:00+02:00;NO3;Sekundær Industri;1808028,051;9244
2026-09-14T07:00:00+02:00;2026-09-14T08:00:00+02:00;NO3;Tertiære Tjenester;519390,015;52405
2026-09-14T07:00:00+02:00;2026-09-14T08:00:00+02:00;NO4;Hytter og fritidseiendommer;28398,226;44167
2026-09-14T07:00:00+02:00;2026-09-14T08:00:00+02:00;NO4;Husholdning;407360,314;245811
2026-09-14T07:00:00+02:00;2026-09-14T08:00:00+02:00;NO4;Primær Industri;70102,469;3977
2026-09-14T07:00:00+02:00;2026-09-14T08:00:00+02:00;NO4;Sekundær Industri;1200998,075;6125
2026-09-14T07:00:00+02:00;2026-09-14T08:00:00+02:00;NO4;Tertiære Tjenester;391638,887;40301
2026-09-14T07:00:00+02:00;2026-09-14T08:00:00+02:00;NO5;Hytter og fritidseiendommer;27177,537;48406
2026-09-14T07:00:00+02:00;2026-09-14T08:00:00+02:00;NO5;Husholdning;356197,559;260412
2026-09-14T07:00:00+02:00;2026-09-14T08:00:00+02:00;NO5;Primær Industri;13965,203;1953
2026-09-14T07:00:00+02:00;2026-09-14T08:00:00+02:00;NO5;Sekundær Industri;1087536,177;5018
2026-09-14T07:00:00+02:00;2026-09-14T08:00:00+02:00;NO5;Tertiære Tjenester;289829,676;27952
2026-09-14T08:00:00+02:00;2026-09-14T09:00:00+02:00;NO1;Hytter og fritidseiendommer;51199,643;110805
2026-09-14T08:00:00+02:00;2026-09-14T09:00:00+02:00;NO1;Husholdning;1410976,151;1122270
2026-09-14T08:00:00+02:00;2026-09-14T09:00:00+02:00;NO1;Primær Industri;43671,997;7481
2026-09-14T08:00:00+02:00;2026-09-14T09:00:00+02:00;NO1;Sekundær Industri;692006,644;15111
2026-09-14T08:00:00+02:00;2026-09-14T09:00:00+02:00;NO1;Tertiære Tjenester;1312065,259;96221
2026-09-14T08:00:00+02:00;2026-09-14T09:00:00+02:00;NO2;Hytter og fritidseiendommer;43472,631;106609
2026-09-14T08:00:00+02:00;2026-09-14T09:00:00+02:00;NO2;Husholdning;793186,448;634361
2026-09-14T08:00:00+02:00;2026-09-14T09:00:00+02:00;NO2;Primær Industri;99516,091;5761
2026-09-14T08:00:00+02:00;2026-09-14T09:00:00+02:00;NO2;Sekundær Industri;2230030,454;12575
2026-09-14T08:00:00+02:00;2026-09-14T09:00:00+02:00;NO2;Tertiære Tjenester;738264,144;70971
2026-09-14T08:00:00+02:00;2026-09-14T09:00:00+02:00;NO3;Hytter og fritidseiendommer;30967,726;62801
2026-09-14T08:00:00+02:00;2026-09-14T09:00:00+02:00;NO3;Husholdning;566660,221;412170
2026-09-14T08:00:00+02:00;2026-09-14T09:00:00+02:00;NO3;Primær Industri;102362,843;10290
2026-09-14T08:00:00+02:00;2026-09-14T09:00:00+02:00;NO3;Sekundær Industri;1832025,407;9244
2026-09-14T08:00:00+02:00;2026-09-14T09:00:00+02:00;NO3;Tertiære Tjenester;573734,004;52405
2026-09-14T08:00:00+02:00;2026-09-14T09:00:00+02:00;NO4;Hytter og fritidseiendommer;28434,293;44167
2026-09-14T08:00:00+02:00;2026-09-14T09:00:00+02:00;NO4;Husholdning;396245,214;245811
2026-09-14T08:00:00+02:00;2026-09-14T09:00:00+02:00;NO4;Primær Industri;73197,516;3977
2026-09-14T08:00:00+02:00;2026-09-14T09:00:00+02:00;NO4;Sekundær Industri;1184234,441;6125
2026-09-14T08:00:00+02:00;2026-09-14T09:00:00+02:00;NO4;Tertiære Tjenester;419925,487;40301
2026-09-14T08:00:00+02:00;2026-09-14T09:00:00+02:00;NO5;Hytter og fritidseiendommer;27902,273;48406
2026-09-14T08:00:00+02:00;2026-09-14T09:00:00+02:00;NO5;Husholdning;352255,068;260412
2026-09-14T08:00:00+02:00;2026-09-14T09:00:00+02:00;NO5;Primær Industri;14657,403;1953
2026-09-14T08:00:00+02:00;2026-09-14T09:00:00+02:00;NO5;Sekundær Industri;1085903,744;5018
2026-09-14T08:00:00+02:00;2026-09-14T09:00:00+02:00;NO5;Tertiære Tjenester;327108,926;27952
2026-09-14T09:00:00+02:00;2026-09-14T10:00:00+02:00;NO1;Hytter og fritidseiendommer;50094,332;110805
2026-09-14T09:00:00+02:00;2026-09-14T10:00:00+02:00;NO1;Husholdning;1247995,062;1122270
2026-09-14T09:00:00+02:00;2026-09-14T10:00:00+02:00;NO1;Primær Industri;41056,837;7481
2026-09-14T09:00:00+02:00;2026-09-14T10:00:00+02:00;NO1;Sekundær Industri;689699,796;15111
2026-09-14T09:00:00+02:00;2026-09-14T10:00:00+02:00;NO1;Tertiære Tjenester;1362441,173;96221
2026-09-14T09:00:00+02:00;2026-09-14T10:00:00+02:00;NO2;Hytter og fritidseiendommer;43509,452;106609
2026-09-14T09:00:00+02:00;2026-09-14T10:00:00+02:00;NO2;Husholdning;765172,832;634361
2026-09-14T09:00:00+02:00;2026-09-14T10:00:00+02:00;NO2;Primær Industri;97832,685;5761
2026-09-14T09:00:00+02:00;2026-09-14T10:00:00+02:00;NO2;Sekundær Industri;2239319,181;12575
2026-09-14T09:00:00+02:00;2026-09-14T10:00:00+02:00;NO2;Tertiære Tjenester;761412,448;70971
2026-09-14T09:00:00+02:00;2026-09-14T10:00:00+02:00;NO3;Hytter og fritidseiendommer;30358,708;62801
2026-09-14T09:00:00+02:00;2026-09-14T10:00:00+02:00;NO3;Husholdning;542791,897;412170
2026-09-14T09:00:00+02:00;2026-09-14T10:00:00+02:00;NO3;Primær Industri;100024,234;10290
2026-09-14T09:00:00+02:00;2026-09-14T10:00:00+02:00;NO3;Sekundær Industri;1812489,662;9244
2026-09-14T09:00:00+02:00;2026-09-14T10:00:00+02:00;NO3;Tertiære Tjenester;590027,140;52405
2026-09-14T09:00:00+02:00;2026-09-14T10:00:00+02:00;NO4;Hytter og fritidseiendommer;27839,783;44167
2026-09-14T09:00:00+02:00;2026-09-14T10:00:00+02:00;NO4;Husholdning;381151,691;245811
2026-09-14T09:00:00+02:00;2026-09-14T10:00:00+02:00;NO4;Primær Industri;74305,478;3977
2026-09-14T09:00:00+02:00;2026-09-14T10:00:00+02:00;NO4;Sekundær Industri;1173957,887;6125
2026-09-14T09:00:00+02:00;2026-09-14T10:00:00+02:00;NO4;Tertiære Tjenester;419322,258;40301
2026-09-14T09:00:00+02:00;2026-09-14T10:00:00+02:00;NO5;Hytter og fritidseiendommer;27774,362;48406
2026-09-14T09:00:00+02:00;2026-09-14T10:00:00+02:00;NO5;Husholdning;345057,534;260412
2026-09-14T09:00:00+02:00;2026-09-14T10:00:00+02:00;NO5;Primær Industri;14644,022;1953
2026-09-14T09:00:00+02:00;2026-09-14T10:00:00+02:00;NO5;Sekundær Industri;1088961,137;5018
2026-09-14T09:00:00+02:00;2026-09-14T10:00:00+02:00;NO5;Tertiære Tjenester;341467,901;27952
2026-09-14T10:00:00+02:00;2026-09-14T11:00:00+02:00;NO1;Hytter og fritidseiendommer;48511,107;110805
2026-09-14T10:00:00+02:00;2026-09-14T11:00:00+02:00;NO1;Husholdning;1213262,371;1122270
2026-09-14T10:00:00+02:00;2026-09-14T11:00:00+02:00;NO1;Primær Industri;38717,205;7481
2026-09-14T10:00:00+02:00;2026-09-14T11:00:00+02:00;NO1;Sekundær Industri;692437,134;15111
2026-09-14T10:00:00+02:00;2026-09-14T11:00:00+02:00;NO1;Tertiære Tjenester;1366315,142;96221
2026-09-14T10:00:00+02:00;2026-09-14T11:00:00+02:00;NO2;Hytter og fritidseiendommer;42423,281;106609
2026-09-14T10:00:00+02:00;2026-09-14T11:00:00+02:00;NO2;Husholdning;747420,706;634361
2026-09-14T10:00:00+02:00;2026-09-14T11:00:00+02:00;NO2;Primær Industri;91820,757;5761
2026-09-14T10:00:00+02:00;2026-09-14T11:00:00+02:00;NO2;Sekundær Industri;2224196,487;12575
2026-09-14T10:00:00+02:00;2026-09-14T11:00:00+02:00;NO2;Tertiære Tjenester;750980,123;70971
2026-09-14T10:00:00+02:00;2026-09-14T11:00:00+02:00;NO3;Hytter og fritidseiendommer;29492,132;62801
2026-09-14T10:00:00+02:00;2026-09-14T11:00:00+02:00;NO3;Husholdning;529668,286;412170
2026-09-14T10:00:00+02:00;2026-09-14T11:00:00+02:00;NO3;Primær Industri;95837,865;10290
2026-09-14T10:00:00+02:00;2026-09-14T11:00:00+02:00;NO3;Sekundær Industri;1805531,243;9244
2026-09-14T10:00:00+02:00;2026-09-14T11:00:00+02:00;NO3;Tertiære Tjenester;595656,917;52405
2026-09-14T10:00:00+02:00;2026-09-14T11:00:00+02:00;NO4;Hytter og fritidseiendommer;26747,409;44167
2026-09-14T10:00:00+02:00;2026-09-14T11:00:00+02:00;NO4;Husholdning;368302,059;245811
2026-09-14T10:00:00+02:00;2026-09-14T11:00:00+02:00;NO4;Primær Industri;72629,009;3977
2026-09-14T10:00:00+02:00;2026-09-14T11:00:00+02:00;NO4;Sekundær Industri;1153798,164;6125
2026-09-14T10:00:00+02:00;2026-09-14T11:00:00+02:00;NO4;Tertiære Tjenester;423251,624;40301
2026-09-14T10:00:00+02:00;2026-09-14T11:00:00+02:00;NO5;Hytter og fritidseiendommer;27284,438;48406
2026-09-14T10:00:00+02:00;2026-09-14T11:00:00+02:00;NO5;Husholdning;338716,449;260412
2026-09-14T10:00:00+02:00;2026-09-14T11:00:00+02:00;NO5;Primær Industri;14512,913;1953
2026-09-14T10:00:00+02:00;2026-09-14T11:00:00+02:00;NO5;Sekundær Industri;1030647,090;5018
2026-09-14T10:00:00+02:00;2026-09-14T11:00:00+02:00;NO5;Tertiære Tjenester;347568,756;27952
2026-09-14T11:00:00+02:00;2026-09-14T12:00:00+02:00;NO1;Hytter og fritidseiendommer;46323,618;110805
2026-09-14T11:00:00+02:00;2026-09-14T12:00:00+02:00;NO1;Husholdning;1191115,906;1122270
2026-09-14T11:00:00+02:00;2026-09-14T12:00:00+02:00;NO1;Primær Industri;34438,714;7481
2026-09-14T11:00:00+02:00;2026-09-14T12:00:00+02:00;NO1;Sekundær Industri;706229,484;15111
2026-09-14T11:00:00+02:00;2026-09-14T12:00:00+02:00;NO1;Tertiære Tjenester;1345688,176;96221
2026-09-14T11:00:00+02:00;2026-09-14T12:00:00+02:00;NO2;Hytter og fritidseiendommer;40830,561;106609
2026-09-14T11:00:00+02:00;2026-09-14T12:00:00+02:00;NO2;Husholdning;733240,800;634361
2026-09-14T11:00:00+02:00;2026-09-14T12:00:00+02:00;NO2;Primær Industri;82775,200;5761
2026-09-14T11:00:00+02:00;2026-09-14T12:00:00+02:00;NO2;Sekundær Industri;2192542,368;12575
2026-09-14T11:00:00+02:00;2026-09-14T12:00:00+02:00;NO2;Tertiære Tjenester;735243,226;70971
2026-09-14T11:00:00+02:00;2026-09-14T12:00:00+02:00;NO3;Hytter og fritidseiendommer;28391,703;62801
2026-09-14T11:00:00+02:00;2026-09-14T12:00:00+02:00;NO3;Husholdning;519055,147;412170
2026-09-14T11:00:00+02:00;2026-09-14T12:00:00+02:00;NO3;Primær Industri;92630,190;10290
2026-09-14T11:00:00+02:00;2026-09-14T12:00:00+02:00;NO3;Sekundær Industri;1799776,928;9244
2026-09-14T11:00:00+02:00;2026-09-14T12:00:00+02:00;NO3;Tertiære Tjenester;586919,948;52405
2026-09-14T11:00:00+02:00;2026-09-14T12:00:00+02:00;NO4;Hytter og fritidseiendommer;25807,031;44167
2026-09-14T11:00:00+02:00;2026-09-14T12:00:00+02:00;NO4;Husholdning;359872,931;245811
2026-09-14T11:00:00+02:00;2026-09-14T12:00:00+02:00;NO4;Primær Industri;71974,617;3977
2026-09-14T11:00:00+02:00;2026-09-14T12:00:00+02:00;NO4;Sekundær Industri;1144902,832;6125
2026-09-14T11:00:00+02:00;2026-09-14T12:00:00+02:00;NO4;Tertiære Tjenester;420285,542;40301
2026-09-14T11:00:00+02:00;2026-09-14T12:00:00+02:00;NO5;Hytter og fritidseiendommer;26391,803;48406
2026-09-14T11:00:00+02:00;2026-09-14T12:00:00+02:00;NO5;Husholdning;334385,860;260412
2026-09-14T11:00:00+02:00;2026-09-14T12:00:00+02:00;NO5;Primær Industri;14166,369;1953
2026-09-14T11:00:00+02:00;2026-09-14T12:00:00+02:00;NO5;Sekundær Industri;1101958,249;5018
2026-09-14T11:00:00+02:00;2026-09-14T12:00:00+02:00;NO5;Tertiære Tjenester;343738,652;27952
2026-09-14T12:00:00+02:00;2026-09-14T13:00:00+02:00;NO1;Hytter og fritidseiendommer;44699,653;110805
2026-09-14T12:00:00+02:00;2026-09-14T13:00:00+02:00;NO1;Husholdning;1172463,404;1122270
2026-09-14T12:00:00+02:00;2026-09-14T13:00:00+02:00;NO1;Primær Industri;33559,346;7481
2026-09-14T12:00:00+02:00;2026-09-14T13:00:00+02:00;NO1;Sekundær Industri;736201,398;15111
2026-09-14T12:00:00+02:00;2026-09-14T13:00:00+02:00;NO1;Tertiære Tjenester;1330890,707;96221
2026-09-14T12:00:00+02:00;2026-09-14T13:00:00+02:00;NO2;Hytter og fritidseiendommer;39055,744;106609
2026-09-14T12:00:00+02:00;2026-09-14T13:00:00+02:00;NO2;Husholdning;715262,129;634361
2026-09-14T12:00:00+02:00;2026-09-14T13:00:00+02:00;NO2;Primær Industri;72985,827;5761
2026-09-14T12:00:00+02:00;2026-09-14T13:00:00+02:00;NO2;Sekundær Industri;2243695,840;12575
2026-09-14T12:00:00+02:00;2026-09-14T13:00:00+02:00;NO2;Tertiære Tjenester;723869,858;70971
2026-09-14T12:00:00+02:00;2026-09-14T13:00:00+02:00;NO3;Hytter og fritidseiendommer;27511,578;62801
2026-09-14T12:00:00+02:00;2026-09-14T13:00:00+02:00;NO3;Husholdning;511294,312;412170
2026-09-14T12:00:00+02:00;2026-09-14T13:00:00+02:00;NO3;Primær Industri;87383,965;10290
2026-09-14T12:00:00+02:00;2026-09-14T13:00:00+02:00;NO3;Sekundær Industri;1773144,185;9244
2026-09-14T12:00:00+02:00;2026-09-14T13:00:00+02:00;NO3;Tertiære Tjenester;579416,125;52405
2026-09-14T12:00:00+02:00;2026-09-14T13:00:00+02:00;NO4;Hytter og fritidseiendommer;24945,515;44167
2026-09-14T12:00:00+02:00;2026-09-14T13:00:00+02:00;NO4;Husholdning;353584,002;245811
2026-09-14T12:00:00+02:00;2026-09-14T13:00:00+02:00;NO4;Primær Industri;70844,202;3977
2026-09-14T12:00:00+02:00;2026-09-14T13:00:00+02:00;NO4;Sekundær Industri;1134520,920;6125
2026-09-14T12:00:00+02:00;2026-09-14T13:00:00+02:00;NO4;Tertiære Tjenester;417904,778;40301
2026-09-14T12:00:00+02:00;2026-09-14T13:00:00+02:00;NO5;Hytter og fritidseiendommer;25469,130;48406
2026-09-14T12:00:00+02:00;2026-09-14T13:00:00+02:00;NO5;Husholdning;329304,037;260412
2026-09-14T12:00:00+02:00;2026-09-14T13:00:00+02:00;NO5;Primær Industri;13900,082;1953
2026-09-14T12:00:00+02:00;2026-09-14T13:00:00+02:00;NO5;Sekundær Industri;1106404,970;5018
2026-09-14T12:00:00+02:00;2026-09-14T13:00:00+02:00;NO5;Tertiære Tjenester;338258,263;27952
2026-09-14T13:00:00+02:00;2026-09-14T14:00:00+02:00;NO1;Hytter og fritidseiendommer;43602,984;110805
2026-09-14T13:00:00+02:00;2026-09-14T14:00:00+02:00;NO1;Husholdning;1157579,130;1122270
2026-09-14T13:00:00+02:00;2026-09-14T14:00:00+02:00;NO1;Primær Industri;34169,306;7481
2026-09-14T13:00:00+02:00;2026-09-14T14:00:00+02:00;NO1;Sekundær Industri;722154,051;15111
2026-09-14T13:00:00+02:00;2026-09-14T14:00:00+02:00;NO1;Tertiære Tjenester;1321010,687;96221
2026-09-14T13:00:00+02:00;2026-09-14T14:00:00+02:00;NO2;Hytter og fritidseiendommer;37689,223;106609
2026-09-14T13:00:00+02:00;2026-09-14T14:00:00+02:00;NO2;Husholdning;702800,207;634361
2026-09-14T13:00:00+02:00;2026-09-14T14:00:00+02:00;NO2;Primær Industri;68647,487;5761
2026-09-14T13:00:00+02:00;2026-09-14T14:00:00+02:00;NO2;Sekundær Industri;2242802,767;12575
2026-09-14T13:00:00+02:00;2026-09-14T14:00:00+02:00;NO2;Tertiære Tjenester;709622,727;70971
2026-09-14T13:00:00+02:00;2026-09-14T14:00:00+02:00;NO3;Hytter og fritidseiendommer;26998,619;62801
2026-09-14T13:00:00+02:00;2026-09-14T14:00:00+02:00;NO3;Husholdning;507161,797;412170
2026-09-14T13:00:00+02:00;2026-09-14T14:00:00+02:00;NO3;Primær Industri;86799,122;10290
2026-09-14T13:00:00+02:00;2026-09-14T14:00:00+02:00;NO3;Sekundær Industri;1788764,240;9244
2026-09-14T13:00:00+02:00;2026-09-14T14:00:00+02:00;NO3;Tertiære Tjenester;571567,269;52405
2026-09-14T13:00:00+02:00;2026-09-14T14:00:00+02:00;NO4;Hytter og fritidseiendommer;24455,278;44167
2026-09-14T13:00:00+02:00;2026-09-14T14:00:00+02:00;NO4;Husholdning;350833,066;245811
2026-09-14T13:00:00+02:00;2026-09-14T14:00:00+02:00;NO4;Primær Industri;69895,477;3977
2026-09-14T13:00:00+02:00;2026-09-14T14:00:00+02:00;NO4;Sekundær Industri;1153803,304;6125
2026-09-14T13:00:00+02:00;2026-09-14T14:00:00+02:00;NO4;Tertiære Tjenester;412414,524;40301
2026-09-14T13:00:00+02:00;2026-09-14T14:00:00+02:00;NO5;Hytter og fritidseiendommer;24476,127;48406
2026-09-14T13:00:00+02:00;2026-09-14T14:00:00+02:00;NO5;Husholdning;323456,920;260412
2026-09-14T13:00:00+02:00;2026-09-14T14:00:00+02:00;NO5;Primær Industri;14082,464;1953
2026-09-14T13:00:00+02:00;2026-09-14T14:00:00+02:00;NO5;Sekundær Industri;1102788,368;5018
2026-09-14T13:00:00+02:00;2026-09-14T14:00:00+02:00;NO5;Tertiære Tjenester;328746,827;27952
2026-09-14T14:00:00+02:00;2026-09-14T15:00:00+02:00;NO1;Hytter og fritidseiendommer;43179,952;110805
2026-09-14T14:00:00+02:00;2026-09-14T15:00:00+02:00;NO1;Husholdning;1179888,879;1122270
2026-09-14T14:00:00+02:00;2026-09-14T15:00:00+02:00;NO1;Primær Industri;35402,198;7481
2026-09-14T14:00:00+02:00;2026-09-14T15:00:00+02:00;NO1;Sekundær Industri;715989,170;15111
2026-09-14T14:00:00+02:00;2026-09-14T15:00:00+02:00;NO1;Tertiære Tjenester;1301873,686;96221
2026-09-14T14:00:00+02:00;2026-09-14T15:00:00+02:00;NO2;Hytter og fritidseiendommer;36279,115;106609
2026-09-14T14:00:00+02:00;2026-09-14T15:00:00+02:00;NO2;Husholdning;713948,581;634361
2026-09-14T14:00:00+02:00;2026-09-14T15:00:00+02:00;NO2;Primær Industri;74394,502;5761
2026-09-14T14:00:00+02:00;2026-09-14T15:00:00+02:00;NO2;Sekundær Industri;2225762,673;12575
2026-09-14T14:00:00+02:00;2026-09-14T15:00:00+02:00;NO2;Tertiære Tjenester;691976,969;70971
2026-09-14T14:00:00+02:00;2026-09-14T15:00:00+02:00;NO3;Hytter og fritidseiendommer;26602,899;62801
2026-09-14T14:00:00+02:00;2026-09-14T15:00:00+02:00;NO3;Husholdning;523752,858;412170
2026-09-14T14:00:00+02:00;2026-09-14T15:00:00+02:00;NO3;Primær Industri;89539,155;10290
2026-09-14T14:00:00+02:00;2026-09-14T15:00:00+02:00;NO3;Sekundær Industri;1800709,062;9244
2026-09-14T14:00:00+02:00;2026-09-14T15:00:00+02:00;NO3;Tertiære Tjenester;563922,122;52405
2026-09-14T14:00:00+02:00;2026-09-14T15:00:00+02:00;NO4;Hytter og fritidseiendommer;24233,708;44167
2026-09-14T14:00:00+02:00;2026-09-14T15:00:00+02:00;NO4;Husholdning;359459,984;245811
2026-09-14T14:00:00+02:00;2026-09-14T15:00:00+02:00;NO4;Primær Industri;69175,196;3977
2026-09-14T14:00:00+02:00;2026-09-14T15:00:00+02:00;NO4;Sekundær Industri;1116162,367;6125
2026-09-14T14:00:00+02:00;2026-09-14T15:00:00+02:00;NO4;Tertiære Tjenester;407235,878;40301
2026-09-14T14:00:00+02:00;2026-09-14T15:00:00+02:00;NO5;Hytter og fritidseiendommer;23708,008;48406
2026-09-14T14:00:00+02:00;2026-09-14T15:00:00+02:00;NO5;Husholdning;326593,076;260412
2026-09-14T14:00:00+02:00;2026-09-14T15:00:00+02:00;NO5;Primær Industri;13741,646;1953
2026-09-14T14:00:00+02:00;2026-09-14T15:00:00+02:00;NO5;Sekundær Industri;1099972,589;5018
2026-09-14T14:00:00+02:00;2026-09-14T15:00:00+02:00;NO5;Tertiære Tjenester;321101,416;27952
2026-09-14T15:00:00+02:00;2026-09-14T16:00:00+02:00;NO1;Hytter og fritidseiendommer;42727,592;110805
2026-09-14T15:00:00+02:00;2026-09-14T16:00:00+02:00;NO1;Husholdning;1267087,659;1122270
2026-09-14T15:00:00+02:00;2026-09-14T16:00:00+02:00;NO1;Primær Industri;35933,124;7481
2026-09-14T15:00:00+02:00;2026-09-14T16:00:00+02:00;NO1;Sekundær Industri;676289,707;15111
2026-09-14T15:00:00+02:00;2026-09-14T16:00:00+02:00;NO1;Tertiære Tjenester;1253275,121;96221
2026-09-14T15:00:00+02:00;2026-09-14T16:00:00+02:00;NO2;Hytter og fritidseiendommer;35522,647;106609
2026-09-14T15:00:00+02:00;2026-09-14T16:00:00+02:00;NO2;Husholdning;779653,130;634361
2026-09-14T15:00:00+02:00;2026-09-14T16:00:00+02:00;NO2;Primær Industri;78452,574;5761
2026-09-14T15:00:00+02:00;2026-09-14T16:00:00+02:00;NO2;Sekundær Industri;2205316,373;12575
2026-09-14T15:00:00+02:00;2026-09-14T16:00:00+02:00;NO2;Tertiære Tjenester;661205,797;70971
2026-09-14T15:00:00+02:00;2026-09-14T16:00:00+02:00;NO3;Hytter og fritidseiendommer;26569,856;62801
2026-09-14T15:00:00+02:00;2026-09-14T16:00:00+02:00;NO3;Husholdning;569607,146;412170
2026-09-14T15:00:00+02:00;2026-09-14T16:00:00+02:00;NO3;Primær Industri;93004,728;10290
2026-09-14T15:00:00+02:00;2026-09-14T16:00:00+02:00;NO3;Sekundær Industri;1784734,134;9244
2026-09-14T15:00:00+02:00;2026-09-14T16:00:00+02:00;NO3;Tertiære Tjenester;546615,054;52405
2026-09-14T15:00:00+02:00;2026-09-14T16:00:00+02:00;NO4;Hytter og fritidseiendommer;24329,423;44167
2026-09-14T15:00:00+02:00;2026-09-14T16:00:00+02:00;NO4;Husholdning;386710,220;245811
2026-09-14T15:00:00+02:00;2026-09-14T16:00:00+02:00;NO4;Primær Industri;68456,156;3977
2026-09-14T15:00:00+02:00;2026-09-14T16:00:00+02:00;NO4;Sekundær Industri;1109509,318;6125
2026-09-14T15:00:00+02:00;2026-09-14T16:00:00+02:00;NO4;Tertiære Tjenester;393270,756;40301
2026-09-14T15:00:00+02:00;2026-09-14T16:00:00+02:00;NO5;Hytter og fritidseiendommer;23489,830;48406
2026-09-14T15:00:00+02:00;2026-09-14T16:00:00+02:00;NO5;Husholdning;352602,021;260412
2026-09-14T15:00:00+02:00;2026-09-14T16:00:00+02:00;NO5;Primær Industri;13133,755;1953
2026-09-14T15:00:00+02:00;2026-09-14T16:00:00+02:00;NO5;Sekundær Industri;1095318,736;5018
2026-09-14T15:00:00+02:00;2026-09-14T16:00:00+02:00;NO5;Tertiære Tjenester;309204,126;27952
2026-09-14T16:00:00+02:00;2026-09-14T17:00:00+02:00;NO1;Hytter og fritidseiendommer;43103,942;110805
2026-09-14T16:00:00+02:00;2026-09-14T17:00:00+02:00;NO1;Husholdning;1434815,044;1122270
2026-09-14T16:00:00+02:00;2026-09-14T17:00:00+02:00;NO1;Primær Industri;37718,566;7481
2026-09-14T16:00:00+02:00;2026-09-14T17:00:00+02:00;NO1;Sekundær Industri;591951,113;15111
2026-09-14T16:00:00+02:00;2026-09-14T17:00:00+02:00;NO1;Tertiære Tjenester;1186114,893;96221
2026-09-14T16:00:00+02:00;2026-09-14T17:00:00+02:00;NO2;Hytter og fritidseiendommer;35726,061;106609
2026-09-14T16:00:00+02:00;2026-09-14T17:00:00+02:00;NO2;Husholdning;868155,908;634361
2026-09-14T16:00:00+02:00;2026-09-14T17:00:00+02:00;NO2;Primær Industri;86862,275;5761
2026-09-14T16:00:00+02:00;2026-09-14T17:00:00+02:00;NO2;Sekundær Industri;2183626,245;12575
2026-09-14T16:00:00+02:00;2026-09-14T17:00:00+02:00;NO2;Tertiære Tjenester;625659,339;70971
2026-09-14T16:00:00+02:00;2026-09-14T17:00:00+02:00;NO3;Hytter og fritidseiendommer;27068,112;62801
2026-09-14T16:00:00+02:00;2026-09-14T17:00:00+02:00;NO3;Husholdning;630360,788;412170
2026-09-14T16:00:00+02:00;2026-09-14T17:00:00+02:00;NO3;Primær Industri;94940,952;10290
2026-09-14T16:00:00+02:00;2026-09-14T17:00:00+02:00;NO3;Sekundær Industri;1766968,475;9244
2026-09-14T16:00:00+02:00;2026-09-14T17:00:00+02:00;NO3;Tertiære Tjenester;511246,763;52405
2026-09-14T16:00:00+02:00;2026-09-14T17:00:00+02:00;NO4;Hytter og fritidseiendommer;24971,489;44167
2026-09-14T16:00:00+02:00;2026-09-14T17:00:00+02:00;NO4;Husholdning;414409,647;245811
2026-09-14T16:00:00+02:00;2026-09-14T17:00:00+02:00;NO4;Primær Industri;69035,559;3977
2026-09-14T16:00:00+02:00;2026-09-14T17:00:00+02:00;NO4;Sekundær Industri;1141611,048;6125
2026-09-14T16:00:00+02:00;2026-09-14T17:00:00+02:00;NO4;Tertiære Tjenester;368470,517;40301
2026-09-14T16:00:00+02:00;2026-09-14T17:00:00+02:00;NO5;Hytter og fritidseiendommer;23481,599;48406
2026-09-14T16:00:00+02:00;2026-09-14T17:00:00+02:00;NO5;Husholdning;388896,427;260412
2026-09-14T16:00:00+02:00;2026-09-14T17:00:00+02:00;NO5;Primær Industri;12939,850;1953
2026-09-14T16:00:00+02:00;2026-09-14T17:00:00+02:00;NO5;Sekundær Industri;1078092,384;5018
2026-09-14T16:00:00+02:00;2026-09-14T17:00:00+02:00;NO5;Tertiære Tjenester;286940,879;27952
2026-09-14T17:00:00+02:00;2026-09-14T18:00:00+02:00;NO1;Hytter og fritidseiendommer;43873,125;110805
2026-09-14T17:00:00+02:00;2026-09-14T18:00:00+02:00;NO1;Husholdning;1507664,514;1122270
2026-09-14T17:00:00+02:00;2026-09-14T18:00:00+02:00;NO1;Primær Industri;39437,607;7481
2026-09-14T17:00:00+02:00;2026-09-14T18:00:00+02:00;NO1;Sekundær Industri;563022,818;15111
2026-09-14T17:00:00+02:00;2026-09-14T18:00:00+02:00;NO1;Tertiære Tjenester;1117714,413;96221
2026-09-14T17:00:00+02:00;2026-09-14T18:00:00+02:00;NO2;Hytter og fritidseiendommer;36554,225;106609
2026-09-14T17:00:00+02:00;2026-09-14T18:00:00+02:00;NO2;Husholdning;883020,479;634361
2026-09-14T17:00:00+02:00;2026-09-14T18:00:00+02:00;NO2;Primær Industri;91445,466;5761
2026-09-14T17:00:00+02:00;2026-09-14T18:00:00+02:00;NO2;Sekundær Industri;2179340,504;12575
2026-09-14T17:00:00+02:00;2026-09-14T18:00:00+02:00;NO2;Tertiære Tjenester;594041,625;70971
2026-09-14T17:00:00+02:00;2026-09-14T18:00:00+02:00;NO3;Hytter og fritidseiendommer;27490,398;62801
2026-09-14T17:00:00+02:00;2026-09-14T18:00:00+02:00;NO3;Husholdning;633948,181;412170
2026-09-14T17:00:00+02:00;2026-09-14T18:00:00+02:00;NO3;Primær Industri;95445,786;10290
2026-09-14T17:00:00+02:00;2026-09-14T18:00:00+02:00;NO3;Sekundær Industri;1731230,784;9244
2026-09-14T17:00:00+02:00;2026-09-14T18:00:00+02:00;NO3;Tertiære Tjenester;486096,124;52405
2026-09-14T17:00:00+02:00;2026-09-14T18:00:00+02:00;NO4;Hytter og fritidseiendommer;25675,304;44167
2026-09-14T17:00:00+02:00;2026-09-14T18:00:00+02:00;NO4;Husholdning;414006,189;245811
2026-09-14T17:00:00+02:00;2026-09-14T18:00:00+02:00;NO4;Primær Industri;69166,208;3977
2026-09-14T17:00:00+02:00;2026-09-14T18:00:00+02:00;NO4;Sekundær Industri;1125729,178;6125
2026-09-14T17:00:00+02:00;2026-09-14T18:00:00+02:00;NO4;Tertiære Tjenester;353488,856;40301
2026-09-14T17:00:00+02:00;2026-09-14T18:00:00+02:00;NO5;Hytter og fritidseiendommer;23339,998;48406
2026-09-14T17:00:00+02:00;2026-09-14T18:00:00+02:00;NO5;Husholdning;396335,722;260412
2026-09-14T17:00:00+02:00;2026-09-14T18:00:00+02:00;NO5;Primær Industri;13235,844;1953
2026-09-14T17:00:00+02:00;2026-09-14T18:00:00+02:00;NO5;Sekundær Industri;1066892,539;5018
2026-09-14T17:00:00+02:00;2026-09-14T18:00:00+02:00;NO5;Tertiære Tjenester;265906,406;27952
2026-09-14T18:00:00+02:00;2026-09-14T19:00:00+02:00;NO1;Hytter og fritidseiendommer;44193,699;110805
2026-09-14T18:00:00+02:00;2026-09-14T19:00:00+02:00;NO1;Husholdning;1531907,092;1122270
2026-09-14T18:00:00+02:00;2026-09-14T19:00:00+02:00;NO1;Primær Industri;41829,362;7481
2026-09-14T18:00:00+02:00;2026-09-14T19:00:00+02:00;NO1;Sekundær Industri;553905,267;15111
2026-09-14T18:00:00+02:00;2026-09-14T19:00:00+02:00;NO1;Tertiære Tjenester;1077042,772;96221
2026-09-14T18:00:00+02:00;2026-09-14T19:00:00+02:00;NO2;Hytter og fritidseiendommer;37654,611;106609
2026-09-14T18:00:00+02:00;2026-09-14T19:00:00+02:00;NO2;Husholdning;903338,701;634361
2026-09-14T18:00:00+02:00;2026-09-14T19:00:00+02:00;NO2;Primær Industri;91530,773;5761
2026-09-14T18:00:00+02:00;2026-09-14T19:00:00+02:00;NO2;Sekundær Industri;2170493,085;12575
2026-09-14T18:00:00+02:00;2026-09-14T19:00:00+02:00;NO2;Tertiære Tjenester;582428,786;70971
2026-09-14T18:00:00+02:00;2026-09-14T19:00:00+02:00;NO3;Hytter og fritidseiendommer;28112,158;62801
2026-09-14T18:00:00+02:00;2026-09-14T19:00:00+02:00;NO3;Husholdning;635028,782;412170
2026-09-14T18:00:00+02:00;2026-09-14T19:00:00+02:00;NO3;Primær Industri;97321,153;10290
2026-09-14T18:00:00+02:00;2026-09-14T19:00:00+02:00;NO3;Sekundær Industri;1694592,063;9244
2026-09-14T18:00:00+02:00;2026-09-14T19:00:00+02:00;NO3;Tertiære Tjenester;474936,733;52405
2026-09-14T18:00:00+02:00;2026-09-14T19:00:00+02:00;NO4;Hytter og fritidseiendommer;26544,160;44167
2026-09-14T18:00:00+02:00;2026-09-14T19:00:00+02:00;NO4;Husholdning;419172,579;245811
2026-09-14T18:00:00+02:00;2026-09-14T19:00:00+02:00;NO4;Primær Industri;70091,370;3977
2026-09-14T18:00:00+02:00;2026-09-14T19:00:00+02:00;NO4;Sekundær Industri;1127832,563;6125
2026-09-14T18:00:00+02:00;2026-09-14T19:00:00+02:00;NO4;Tertiære Tjenester;350832,912;40301
2026-09-14T18:00:00+02:00;2026-09-14T19:00:00+02:00;NO5;Hytter og fritidseiendommer;23630,442;48406
2026-09-14T18:00:00+02:00;2026-09-14T19:00:00+02:00;NO5;Husholdning;398782,334;260412
2026-09-14T18:00:00+02:00;2026-09-14T19:00:00+02:00;NO5;Primær Industri;13333,226;1953
2026-09-14T18:00:00+02:00;2026-09-14T19:00:00+02:00;NO5;Sekundær Industri;1066316,942;5018
2026-09-14T18:00:00+02:00;2026-09-14T19:00:00+02:00;NO5;Tertiære Tjenester;259744,077;27952
2026-09-14T19:00:00+02:00;2026-09-14T20:00:00+02:00;NO1;Hytter og fritidseiendommer;45406,921;110805
2026-09-14T19:00:00+02:00;2026-09-14T20:00:00+02:00;NO1;Husholdning;1585590,043;1122270
2026-09-14T19:00:00+02:00;2026-09-14T20:00:00+02:00;NO1;Primær Industri;42537,464;7481
2026-09-14T19:00:00+02:00;2026-09-14T20:00:00+02:00;NO1;Sekundær Industri;550071,346;15111
2026-09-14T19:00:00+02:00;2026-09-14T20:00:00+02:00;NO1;Tertiære Tjenester;1067949,500;96221
2026-09-14T19:00:00+02:00;2026-09-14T20:00:00+02:00;NO2;Hytter og fritidseiendommer;38622,204;106609
2026-09-14T19:00:00+02:00;2026-09-14T20:00:00+02:00;NO2;Husholdning;950650,508;634361
2026-09-14T19:00:00+02:00;2026-09-14T20:00:00+02:00;NO2;Primær Industri;85689,113;5761
2026-09-14T19:00:00+02:00;2026-09-14T20:00:00+02:00;NO2;Sekundær Industri;2153709,129;12575
2026-09-14T19:00:00+02:00;2026-09-14T20:00:00+02:00;NO2;Tertiære Tjenester;575998,322;70971
2026-09-14T19:00:00+02:00;2026-09-14T20:00:00+02:00;NO3;Hytter og fritidseiendommer;28947,415;62801
2026-09-14T19:00:00+02:00;2026-09-14T20:00:00+02:00;NO3;Husholdning;661020,379;412170
2026-09-14T19:00:00+02:00;2026-09-14T20:00:00+02:00;NO3;Primær Industri;97412,984;10290
2026-09-14T19:00:00+02:00;2026-09-14T20:00:00+02:00;NO3;Sekundær Industri;1748758,085;9244
2026-09-14T19:00:00+02:00;2026-09-14T20:00:00+02:00;NO3;Tertiære Tjenester;466230,889;52405
2026-09-14T19:00:00+02:00;2026-09-14T20:00:00+02:00;NO4;Hytter og fritidseiendommer;27483,601;44167
2026-09-14T19:00:00+02:00;2026-09-14T20:00:00+02:00;NO4;Husholdning;434997,060;245811
2026-09-14T19:00:00+02:00;2026-09-14T20:00:00+02:00;NO4;Primær Industri;69275,043;3977
2026-09-14T19:00:00+02:00;2026-09-14T20:00:00+02:00;NO4;Sekundær Industri;1139753,864;6125
2026-09-14T19:00:00+02:00;2026-09-14T20:00:00+02:00;NO4;Tertiære Tjenester;362052,943;40301
2026-09-14T19:00:00+02:00;2026-09-14T20:00:00+02:00;NO5;Hytter og fritidseiendommer;24295,983;48406
2026-09-14T19:00:00+02:00;2026-09-14T20:00:00+02:00;NO5;Husholdning;412934,774;260412
2026-09-14T19:00:00+02:00;2026-09-14T20:00:00+02:00;NO5;Primær Industri;13782,495;1953
2026-09-14T19:00:00+02:00;2026-09-14T20:00:00+02:00;NO5;Sekundær Industri;1065293,975;5018
2026-09-14T19:00:00+02:00;2026-09-14T20:00:00+02:00;NO5;Tertiære Tjenester;255930,776;27952
2026-09-14T20:00:00+02:00;2026-09-14T21:00:00+02:00;NO1;Hytter og fritidseiendommer;46771,747;110805
2026-09-14T20:00:00+02:00;2026-09-14T21:00:00+02:00;NO1;Husholdning;1668031,438;1122270
2026-09-14T20:00:00+02:00;2026-09-14T21:00:00+02:00;NO1;Primær Industri;42116,379;7481
2026-09-14T20:00:00+02:00;2026-09-14T21:00:00+02:00;NO1;Sekundær Industri;539521,927;15111
2026-09-14T20:00:00+02:00;2026-09-14T21:00:00+02:00;NO1;Tertiære Tjenester;1039418,992;96221
2026-09-14T20:00:00+02:00;2026-09-14T21:00:00+02:00;NO2;Hytter og fritidseiendommer;39980,325;106609
2026-09-14T20:00:00+02:00;2026-09-14T21:00:00+02:00;NO2;Husholdning;995843,730;634361
2026-09-14T20:00:00+02:00;2026-09-14T21:00:00+02:00;NO2;Primær Industri;77498,530;5761
2026-09-14T20:00:00+02:00;2026-09-14T21:00:00+02:00;NO2;Sekundær Industri;2161036,730;12575
2026-09-14T20:00:00+02:00;2026-09-14T21:00:00+02:00;NO2;Tertiære Tjenester;568635,052;70971
2026-09-14T20:00:00+02:00;2026-09-14T21:00:00+02:00;NO3;Hytter og fritidseiendommer;29814,579;62801
2026-09-14T20:00:00+02:00;2026-09-14T21:00:00+02:00;NO3;Husholdning;694591,760;412170
2026-09-14T20:00:00+02:00;2026-09-14T21:00:00+02:00;NO3;Primær Industri;95726,797;10290
2026-09-14T20:00:00+02:00;2026-09-14T21:00:00+02:00;NO3;Sekundær Industri;1749862,012;9244
2026-09-14T20:00:00+02:00;2026-09-14T21:00:00+02:00;NO3;Tertiære Tjenester;461816,003;52405
2026-09-14T20:00:00+02:00;2026-09-14T21:00:00+02:00;NO4;Hytter og fritidseiendommer;28428,172;44167
2026-09-14T20:00:00+02:00;2026-09-14T21:00:00+02:00;NO4;Husholdning;452523,755;245811
2026-09-14T20:00:00+02:00;2026-09-14T21:00:00+02:00;NO4;Primær Industri;68702,022;3977
2026-09-14T20:00:00+02:00;2026-09-14T21:00:00+02:00;NO4;Sekundær Industri;1141109,210;6125
2026-09-14T20:00:00+02:00;2026-09-14T21:00:00+02:00;NO4;Tertiære Tjenester;356890,224;40301
2026-09-14T20:00:00+02:00;2026-09-14T21:00:00+02:00;NO5;Hytter og fritidseiendommer;25027,026;48406
2026-09-14T20:00:00+02:00;2026-09-14T21:00:00+02:00;NO5;Husholdning;433028,992;260412
2026-09-14T20:00:00+02:00;2026-09-14T21:00:00+02:00;NO5;Primær Industri;13655,056;1953
2026-09-14T20:00:00+02:00;2026-09-14T21:00:00+02:00;NO5;Sekundær Industri;1060793,399;5018
2026-09-14T20:00:00+02:00;2026-09-14T21:00:00+02:00;NO5;Tertiære Tjenester;257687,738;27952
2026-09-14T21:00:00+02:00;2026-09-14T22:00:00+02:00;NO1;Hytter og fritidseiendommer;46735,801;110805
2026-09-14T21:00:00+02:00;2026-09-14T22:00:00+02:00;NO1;Husholdning;1658087,171;1122270
2026-09-14T21:00:00+02:00;2026-09-14T22:00:00+02:00;NO1;Primær Industri;38227,509;7481
2026-09-14T21:00:00+02:00;2026-09-14T22:00:00+02:00;NO1;Sekundær Industri;537947,337;15111
2026-09-14T21:00:00+02:00;2026-09-14T22:00:00+02:00;NO1;Tertiære Tjenester;976578,642;96221
2026-09-14T21:00:00+02:00;2026-09-14T22:00:00+02:00;NO2;Hytter og fritidseiendommer;39608,748;106609
2026-09-14T21:00:00+02:00;2026-09-14T22:00:00+02:00;NO2;Husholdning;984599,126;634361
2026-09-14T21:00:00+02:00;2026-09-14T22:00:00+02:00;NO2;Primær Industri;72532,141;5761
2026-09-14T21:00:00+02:00;2026-09-14T22:00:00+02:00;NO2;Sekundær Industri;2153701,165;12575
2026-09-14T21:00:00+02:00;2026-09-14T22:00:00+02:00;NO2;Tertiære Tjenester;538527,628;70971
2026-09-14T21:00:00+02:00;2026-09-14T22:00:00+02:00;NO3;Hytter og fritidseiendommer;29885,770;62801
2026-09-14T21:00:00+02:00;2026-09-14T22:00:00+02:00;NO3;Husholdning;697918,368;412170
2026-09-14T21:00:00+02:00;2026-09-14T22:00:00+02:00;NO3;Primær Industri;94157,642;10290
2026-09-14T21:00:00+02:00;2026-09-14T22:00:00+02:00;NO3;Sekundær Industri;1731005,798;9244
2026-09-14T21:00:00+02:00;2026-09-14T22:00:00+02:00;NO3;Tertiære Tjenester;439244,271;52405
2026-09-14T21:00:00+02:00;2026-09-14T22:00:00+02:00;NO4;Hytter og fritidseiendommer;28370,440;44167
2026-09-14T21:00:00+02:00;2026-09-14T22:00:00+02:00;NO4;Husholdning;455156,292;245811
2026-09-14T21:00:00+02:00;2026-09-14T22:00:00+02:00;NO4;Primær Industri;68209,045;3977
2026-09-14T21:00:00+02:00;2026-09-14T22:00:00+02:00;NO4;Sekundær Industri;1141197,850;6125
2026-09-14T21:00:00+02:00;2026-09-14T22:00:00+02:00;NO4;Tertiære Tjenester;343188,284;40301
2026-09-14T21:00:00+02:00;2026-09-14T22:00:00+02:00;NO5;Hytter og fritidseiendommer;25028,838;48406
2026-09-14T21:00:00+02:00;2026-09-14T22:00:00+02:00;NO5;Husholdning;435392,289;260412
2026-09-14T21:00:00+02:00;2026-09-14T22:00:00+02:00;NO5;Primær Industri;13482,286;1953
2026-09-14T21:00:00+02:00;2026-09-14T22:00:00+02:00;NO5;Sekundær Industri;1075357,752;5018
2026-09-14T21:00:00+02:00;2026-09-14T22:00:00+02:00;NO5;Tertiære Tjenester;240390,504;27952
2026-09-14T22:00:00+02:00;2026-09-14T23:00:00+02:00;NO1;Hytter og fritidseiendommer;46264,792;110805
2026-09-14T22:00:00+02:00;2026-09-14T23:00:00+02:00;NO1;Husholdning;1578414,826;1122270
2026-09-14T22:00:00+02:00;2026-09-14T23:00:00+02:00;NO1;Primær Industri;34286,071;7481
2026-09-14T22:00:00+02:00;2026-09-14T23:00:00+02:00;NO1;Sekundær Industri;549660,812;15111
2026-09-14T22:00:00+02:00;2026-09-14T23:00:00+02:00;NO1;Tertiære Tjenester;908656,842;96221
2026-09-14T22:00:00+02:00;2026-09-14T23:00:00+02:00;NO2;Hytter og fritidseiendommer;38882,569;106609
2026-09-14T22:00:00+02:00;2026-09-14T23:00:00+02:00;NO2;Husholdning;930746,404;634361
2026-09-14T22:00:00+02:00;2026-09-14T23:00:00+02:00;NO2;Primær Industri;63772,066;5761
2026-09-14T22:00:00+02:00;2026-09-14T23:00:00+02:00;NO2;Sekundær Industri;2135098,328;12575
2026-09-14T22:00:00+02:00;2026-09-14T23:00:00+02:00;NO2;Tertiære Tjenester;500143,866;70971
2026-09-14T22:00:00+02:00;2026-09-14T23:00:00+02:00;NO3;Hytter og fritidseiendommer;29494,696;62801
2026-09-14T22:00:00+02:00;2026-09-14T23:00:00+02:00;NO3;Husholdning;675854,865;412170
2026-09-14T22:00:00+02:00;2026-09-14T23:00:00+02:00;NO3;Primær Industri;90124,394;10290
2026-09-14T22:00:00+02:00;2026-09-14T23:00:00+02:00;NO3;Sekundær Industri;1704068,914;9244
2026-09-14T22:00:00+02:00;2026-09-14T23:00:00+02:00;NO3;Tertiære Tjenester;422149,865;52405
2026-09-14T22:00:00+02:00;2026-09-14T23:00:00+02:00;NO4;Hytter og fritidseiendommer;28114,570;44167
2026-09-14T22:00:00+02:00;2026-09-14T23:00:00+02:00;NO4;Husholdning;443783,664;245811
2026-09-14T22:00:00+02:00;2026-09-14T23:00:00+02:00;NO4;Primær Industri;67063,572;3977
2026-09-14T22:00:00+02:00;2026-09-14T23:00:00+02:00;NO4;Sekundær Industri;1149426,857;6125
2026-09-14T22:00:00+02:00;2026-09-14T23:00:00+02:00;NO4;Tertiære Tjenester;328494,415;40301
2026-09-14T22:00:00+02:00;2026-09-14T23:00:00+02:00;NO5;Hytter og fritidseiendommer;24850,811;48406
2026-09-14T22:00:00+02:00;2026-09-14T23:00:00+02:00;NO5;Husholdning;416343,446;260412
2026-09-14T22:00:00+02:00;2026-09-14T23:00:00+02:00;NO5;Primær Industri;12921,774;1953
2026-09-14T22:00:00+02:00;2026-09-14T23:00:00+02:00;NO5;Sekundær Industri;1074975,324;5018
2026-09-14T22:00:00+02:00;2026-09-14T23:00:00+02:00;NO5;Tertiære Tjenester;217828,055;27952
2026-09-14T23:00:00+02:00;2026-09-15T00:00:00+02:00;NO1;Hytter og fritidseiendommer;45304,587;110805
2026-09-14T23:00:00+02:00;2026-09-15T00:00:00+02:00;NO1;Husholdning;1409251,989;1122270
2026-09-14T23:00:00+02:00;2026-09-15T00:00:00+02:00;NO1;Primær Industri;31437,156;7481
2026-09-14T23:00:00+02:00;2026-09-15T00:00:00+02:00;NO1;Sekundær Industri;536075,808;15111
2026-09-14T23:00:00+02:00;2026-09-15T00:00:00+02:00;NO1;Tertiære Tjenester;850090,093;96221
2026-09-14T23:00:00+02:00;2026-09-15T00:00:00+02:00;NO2;Hytter og fritidseiendommer;37849,548;106609
2026-09-14T23:00:00+02:00;2026-09-15T00:00:00+02:00;NO2;Husholdning;831075,785;634361
2026-09-14T23:00:00+02:00;2026-09-15T00:00:00+02:00;NO2;Primær Industri;59496,392;5761
2026-09-14T23:00:00+02:00;2026-09-15T00:00:00+02:00;NO2;Sekundær Industri;2122036,426;12575
2026-09-14T23:00:00+02:00;2026-09-15T00:00:00+02:00;NO2;Tertiære Tjenester;468550,974;70971
2026-09-14T23:00:00+02:00;2026-09-15T00:00:00+02:00;NO3;Hytter og fritidseiendommer;28856,302;62801
2026-09-14T23:00:00+02:00;2026-09-15T00:00:00+02:00;NO3;Husholdning;621994,186;412170
2026-09-14T23:00:00+02:00;2026-09-15T00:00:00+02:00;NO3;Primær Industri;87164,820;10290
2026-09-14T23:00:00+02:00;2026-09-15T00:00:00+02:00;NO3;Sekundær Industri;1708273,988;9244
2026-09-14T23:00:00+02:00;2026-09-15T00:00:00+02:00;NO3;Tertiære Tjenester;404613,148;52405
2026-09-14T23:00:00+02:00;2026-09-15T00:00:00+02:00;NO4;Hytter og fritidseiendommer;27413,091;44167
2026-09-14T23:00:00+02:00;2026-09-15T00:00:00+02:00;NO4;Husholdning;412945,252;245811
2026-09-14T23:00:00+02:00;2026-09-15T00:00:00+02:00;NO4;Primær Industri;65817,562;3977
2026-09-14T23:00:00+02:00;2026-09-15T00:00:00+02:00;NO4;Sekundær Industri;1167276,406;6125
2026-09-14T23:00:00+02:00;2026-09-15T00:00:00+02:00;NO4;Tertiære Tjenester;318124,324;40301
2026-09-14T23:00:00+02:00;2026-09-15T00:00:00+02:00;NO5;Hytter og fritidseiendommer;24081,594;48406
2026-09-14T23:00:00+02:00;2026-09-15T00:00:00+02:00;NO5;Husholdning;373159,582;260412
2026-09-14T23:00:00+02:00;2026-09-15T00:00:00+02:00;NO5;Primær Industri;12514,851;1953
2026-09-14T23:00:00+02:00;2026-09-15T00:00:00+02:00;NO5;Sekundær Industri;1070883,886;5018
2026-09-14T23:00:00+02:00;2026-09-15T00:00:00+02:00;NO5;Tertiære Tjenester;207144,257;27952
2026-09-15T00:00:00+02:00;2026-09-15T01:00:00+02:00;NO1;Hytter og fritidseiendommer;44550,327;110805
2026-09-15T00:00:00+02:00;2026-09-15T01:00:00+02:00;NO1;Husholdning;1231009,393;1122246
2026-09-15T00:00:00+02:00;2026-09-15T01:00:00+02:00;NO1;Primær Industri;29738,340;7482
2026-09-15T00:00:00+02:00;2026-09-15T01:00:00+02:00;NO1;Sekundær Industri;522907,795;15114
2026-09-15T00:00:00+02:00;2026-09-15T01:00:00+02:00;NO1;Tertiære Tjenester;807247,493;96218
2026-09-15T00:00:00+02:00;2026-09-15T01:00:00+02:00;NO2;Hytter og fritidseiendommer;36572,911;106609
2026-09-15T00:00:00+02:00;2026-09-15T01:00:00+02:00;NO2;Husholdning;731432,307;634389
2026-09-15T00:00:00+02:00;2026-09-15T01:00:00+02:00;NO2;Primær Industri;59314,183;5761
2026-09-15T00:00:00+02:00;2026-09-15T01:00:00+02:00;NO2;Sekundær Industri;2108571,423;12585
2026-09-15T00:00:00+02:00;2026-09-15T01:00:00+02:00;NO2;Tertiære Tjenester;454160,843;70967
2026-09-15T00:00:00+02:00;2026-09-15T01:00:00+02:00;NO3;Hytter og fritidseiendommer;28298,648;62801
2026-09-15T00:00:00+02:00;2026-09-15T01:00:00+02:00;NO3;Husholdning;566449,282;412174
2026-09-15T00:00:00+02:00;2026-09-15T01:00:00+02:00;NO3;Primær Industri;84485,771;10286
2026-09-15T00:00:00+02:00;2026-09-15T01:00:00+02:00;NO3;Sekundær Industri;1707042,828;9245
2026-09-15T00:00:00+02:00;2026-09-15T01:00:00+02:00;NO3;Tertiære Tjenester;389109,530;52398
2026-09-15T00:00:00+02:00;2026-09-15T01:00:00+02:00;NO4;Hytter og fritidseiendommer;27064,375;44166
2026-09-15T00:00:00+02:00;2026-09-15T01:00:00+02:00;NO4;Husholdning;379137,271;245814
2026-09-15T00:00:00+02:00;2026-09-15T01:00:00+02:00;NO4;Primær Industri;64088,684;3977
2026-09-15T00:00:00+02:00;2026-09-15T01:00:00+02:00;NO4;Sekundær Industri;1181103,168;6125
2026-09-15T00:00:00+02:00;2026-09-15T01:00:00+02:00;NO4;Tertiære Tjenester;311263,690;40300
2026-09-15T00:00:00+02:00;2026-09-15T01:00:00+02:00;NO5;Hytter og fritidseiendommer;23661,922;48408
2026-09-15T00:00:00+02:00;2026-09-15T01:00:00+02:00;NO5;Husholdning;329661,575;260409
2026-09-15T00:00:00+02:00;2026-09-15T01:00:00+02:00;NO5;Primær Industri;12244,824;1954
2026-09-15T00:00:00+02:00;2026-09-15T01:00:00+02:00;NO5;Sekundær Industri;1069163,705;5020
2026-09-15T00:00:00+02:00;2026-09-15T01:00:00+02:00;NO5;Tertiære Tjenester;197339,712;27953
2026-09-15T01:00:00+02:00;2026-09-15T02:00:00+02:00;NO1;Hytter og fritidseiendommer;43685,070;110805
2026-09-15T01:00:00+02:00;2026-09-15T02:00:00+02:00;NO1;Husholdning;1115626,806;1122246
2026-09-15T01:00:00+02:00;2026-09-15T02:00:00+02:00;NO1;Primær Industri;29369,901;7482
2026-09-15T01:00:00+02:00;2026-09-15T02:00:00+02:00;NO1;Sekundær Industri;514977,208;15114
2026-09-15T01:00:00+02:00;2026-09-15T02:00:00+02:00;NO1;Tertiære Tjenester;780283,729;96218
2026-09-15T01:00:00+02:00;2026-09-15T02:00:00+02:00;NO2;Hytter og fritidseiendommer;35818,124;106609
2026-09-15T01:00:00+02:00;2026-09-15T02:00:00+02:00;NO2;Husholdning;669158,602;634389
2026-09-15T01:00:00+02:00;2026-09-15T02:00:00+02:00;NO2;Primær Industri;62129,502;5761
2026-09-15T01:00:00+02:00;2026-09-15T02:00:00+02:00;NO2;Sekundær Industri;2087174,186;12585
2026-09-15T01:00:00+02:00;2026-09-15T02:00:00+02:00;NO2;Tertiære Tjenester;439780,019;70967
2026-09-15T01:00:00+02:00;2026-09-15T02:00:00+02:00;NO3;Hytter og fritidseiendommer;28090,380;62801
2026-09-15T01:00:00+02:00;2026-09-15T02:00:00+02:00;NO3;Husholdning;537203,563;412174
2026-09-15T01:00:00+02:00;2026-09-15T02:00:00+02:00;NO3;Primær Industri;83064,666;10286
2026-09-15T01:00:00+02:00;2026-09-15T02:00:00+02:00;NO3;Sekundær Industri;1704099,649;9245
2026-09-15T01:00:00+02:00;2026-09-15T02:00:00+02:00;NO3;Tertiære Tjenester;382634,993;52398
2026-09-15T01:00:00+02:00;2026-09-15T02:00:00+02:00;NO4;Hytter og fritidseiendommer;26790,698;44166
2026-09-15T01:00:00+02:00;2026-09-15T02:00:00+02:00;NO4;Husholdning;358533,647;245814
2026-09-15T01:00:00+02:00;2026-09-15T02:00:00+02:00;NO4;Primær Industri;63721,883;3977
2026-09-15T01:00:00+02:00;2026-09-15T02:00:00+02:00;NO4;Sekundær Industri;1185846,963;6125
2026-09-15T01:00:00+02:00;2026-09-15T02:00:00+02:00;NO4;Tertiære Tjenester;306180,030;40300
2026-09-15T01:00:00+02:00;2026-09-15T02:00:00+02:00;NO5;Hytter og fritidseiendommer;23342,359;48408
2026-09-15T01:00:00+02:00;2026-09-15T02:00:00+02:00;NO5;Husholdning;301890,070;260409
2026-09-15T01:00:00+02:00;2026-09-15T02:00:00+02:00;NO5;Primær Industri;12052,566;1954
2026-09-15T01:00:00+02:00;2026-09-15T02:00:00+02:00;NO5;Sekundær Industri;1065790,953;5020
2026-09-15T01:00:00+02:00;2026-09-15T02:00:00+02:00;NO5;Tertiære Tjenester;192765,837;27953
2026-09-15T02:00:00+02:00;2026-09-15T03:00:00+02:00;NO1;Hytter og fritidseiendommer;43601,549;110805
2026-09-15T02:00:00+02:00;2026-09-15T03:00:00+02:00;NO1;Husholdning;1052197,617;1122246
2026-09-15T02:00:00+02:00;2026-09-15T03:00:00+02:00;NO1;Primær Industri;30404,467;7482
2026-09-15T02:00:00+02:00;2026-09-15T03:00:00+02:00;NO1;Sekundær Industri;513973,973;15114
2026-09-15T02:00:00+02:00;2026-09-15T03:00:00+02:00;NO1;Tertiære Tjenester;757832,702;96218
2026-09-15T02:00:00+02:00;2026-09-15T03:00:00+02:00;NO2;Hytter og fritidseiendommer;35461,708;106609
2026-09-15T02:00:00+02:00;2026-09-15T03:00:00+02:00;NO2;Husholdning;635414,624;634389
2026-09-15T02:00:00+02:00;2026-09-15T03:00:00+02:00;NO2;Primær Industri;67731,586;5761
2026-09-15T02:00:00+02:00;2026-09-15T03:00:00+02:00;NO2;Sekundær Industri;2069252,135;12585
2026-09-15T02:00:00+02:00;2026-09-15T03:00:00+02:00;NO2;Tertiære Tjenester;430977,727;70967
2026-09-15T02:00:00+02:00;2026-09-15T03:00:00+02:00;NO3;Hytter og fritidseiendommer;27813,493;62801
2026-09-15T02:00:00+02:00;2026-09-15T03:00:00+02:00;NO3;Husholdning;510776,173;412174
2026-09-15T02:00:00+02:00;2026-09-15T03:00:00+02:00;NO3;Primær Industri;82460,452;10286
2026-09-15T02:00:00+02:00;2026-09-15T03:00:00+02:00;NO3;Sekundær Industri;1712819,885;9245
2026-09-15T02:00:00+02:00;2026-09-15T03:00:00+02:00;NO3;Tertiære Tjenester;375249,678;52398
2026-09-15T02:00:00+02:00;2026-09-15T03:00:00+02:00;NO4;Hytter og fritidseiendommer;26912,117;44166
2026-09-15T02:00:00+02:00;2026-09-15T03:00:00+02:00;NO4;Husholdning;348935,959;245814
2026-09-15T02:00:00+02:00;2026-09-15T03:00:00+02:00;NO4;Primær Industri;62385,236;3977
2026-09-15T02:00:00+02:00;2026-09-15T03:00:00+02:00;NO4;Sekundær Industri;1199168,918;6125
2026-09-15T02:00:00+02:00;2026-09-15T03:00:00+02:00;NO4;Tertiære Tjenester;305587,480;40300
2026-09-15T02:00:00+02:00;2026-09-15T03:00:00+02:00;NO5;Hytter og fritidseiendommer;23196,590;48408
2026-09-15T02:00:00+02:00;2026-09-15T03:00:00+02:00;NO5;Husholdning;285832,197;260409
2026-09-15T02:00:00+02:00;2026-09-15T03:00:00+02:00;NO5;Primær Industri;11915,564;1954
2026-09-15T02:00:00+02:00;2026-09-15T03:00:00+02:00;NO5;Sekundær Industri;1062608,747;5020
2026-09-15T02:00:00+02:00;2026-09-15T03:00:00+02:00;NO5;Tertiære Tjenester;186890,736;27953
2026-09-15T03:00:00+02:00;2026-09-15T04:00:00+02:00;NO1;Hytter og fritidseiendommer;43361,536;110805
2026-09-15T03:00:00+02:00;2026-09-15T04:00:00+02:00;NO1;Husholdning;1009867,407;1122246
2026-09-15T03:00:00+02:00;2026-09-15T04:00:00+02:00;NO1;Primær Industri;32518,727;7482
2026-09-15T03:00:00+02:00;2026-09-15T04:00:00+02:00;NO1;Sekundær Industri;514899,266;15114
2026-09-15T03:00:00+02:00;2026-09-15T04:00:00+02:00;NO1;Tertiære Tjenester;746091,420;96218
2026-09-15T03:00:00+02:00;2026-09-15T04:00:00+02:00;NO2;Hytter og fritidseiendommer;35252,223;106609
2026-09-15T03:00:00+02:00;2026-09-15T04:00:00+02:00;NO2;Husholdning;612212,901;634389
2026-09-15T03:00:00+02:00;2026-09-15T04:00:00+02:00;NO2;Primær Industri;70416,453;5761
2026-09-15T03:00:00+02:00;2026-09-15T04:00:00+02:00;NO2;Sekundær Industri;2084328,707;12585
2026-09-15T03:00:00+02:00;2026-09-15T04:00:00+02:00;NO2;Tertiære Tjenester;425069,036;70967
2026-09-15T03:00:00+02:00;2026-09-15T04:00:00+02:00;NO3;Hytter og fritidseiendommer;27712,770;62801
2026-09-15T03:00:00+02:00;2026-09-15T04:00:00+02:00;NO3;Husholdning;495019,003;412174
2026-09-15T03:00:00+02:00;2026-09-15T04:00:00+02:00;NO3;Primær Industri;83117,848;10286
2026-09-15T03:00:00+02:00;2026-09-15T04:00:00+02:00;NO3;Sekundær Industri;1742178,397;9245
2026-09-15T03:00:00+02:00;2026-09-15T04:00:00+02:00;NO3;Tertiære Tjenester;376405,688;52398
2026-09-15T03:00:00+02:00;2026-09-15T04:00:00+02:00;NO4;Hytter og fritidseiendommer;27039,800;44166
2026-09-15T03:00:00+02:00;2026-09-15T04:00:00+02:00;NO4;Husholdning;345133,286;245814
2026-09-15T03:00:00+02:00;2026-09-15T04:00:00+02:00;NO4;Primær Industri;62239,594;3977
2026-09-15T03:00:00+02:00;2026-09-15T04:00:00+02:00;NO4;Sekundær Industri;1206361,246;6125
2026-09-15T03:00:00+02:00;2026-09-15T04:00:00+02:00;NO4;Tertiære Tjenester;305244,369;40300
2026-09-15T03:00:00+02:00;2026-09-15T04:00:00+02:00;NO5;Hytter og fritidseiendommer;23039,280;48408
2026-09-15T03:00:00+02:00;2026-09-15T04:00:00+02:00;NO5;Husholdning;275680,993;260409
2026-09-15T03:00:00+02:00;2026-09-15T04:00:00+02:00;NO5;Primær Industri;11787,852;1954
2026-09-15T03:00:00+02:00;2026-09-15T04:00:00+02:00;NO5;Sekundær Industri;1061478,479;5020
2026-09-15T03:00:00+02:00;2026-09-15T04:00:00+02:00;NO5;Tertiære Tjenester;183213,968;27953
2026-09-15T04:00:00+02:00;2026-09-15T05:00:00+02:00;NO1;Hytter og fritidseiendommer;43475,775;110805
2026-09-15T04:00:00+02:00;2026-09-15T05:00:00+02:00;NO1;Husholdning;991582,203;1122246
2026-09-15T04:00:00+02:00;2026-09-15T05:00:00+02:00;NO1;Primær Industri;35137,983;7482
2026-09-15T04:00:00+02:00;2026-09-15T05:00:00+02:00;NO1;Sekundær Industri;502252,037;15114
2026-09-15T04:00:00+02:00;2026-09-15T05:00:00+02:00;NO1;Tertiære Tjenester;758076,110;96218
2026-09-15T04:00:00+02:00;2026-09-15T05:00:00+02:00;NO2;Hytter og fritidseiendommer;35243,165;106609
2026-09-15T04:00:00+02:00;2026-09-15T05:00:00+02:00;NO2;Husholdning;595095,674;634389
2026-09-15T04:00:00+02:00;2026-09-15T05:00:00+02:00;NO2;Primær Industri;79227,275;5761
2026-09-15T04:00:00+02:00;2026-09-15T05:00:00+02:00;NO2;Sekundær Industri;2097318,642;12585
2026-09-15T04:00:00+02:00;2026-09-15T05:00:00+02:00;NO2;Tertiære Tjenester;430623,427;70967
2026-09-15T04:00:00+02:00;2026-09-15T05:00:00+02:00;NO3;Hytter og fritidseiendommer;27820,950;62801
2026-09-15T04:00:00+02:00;2026-09-15T05:00:00+02:00;NO3;Husholdning;485293,019;412174
2026-09-15T04:00:00+02:00;2026-09-15T05:00:00+02:00;NO3;Primær Industri;85207,632;10286
2026-09-15T04:00:00+02:00;2026-09-15T05:00:00+02:00;NO3;Sekundær Industri;1740475,604;9245
2026-09-15T04:00:00+02:00;2026-09-15T05:00:00+02:00;NO3;Tertiære Tjenester;378256,536;52398
2026-09-15T04:00:00+02:00;2026-09-15T05:00:00+02:00;NO4;Hytter og fritidseiendommer;27322,808;44166
2026-09-15T04:00:00+02:00;2026-09-15T05:00:00+02:00;NO4;Husholdning;345639,464;245814
2026-09-15T04:00:00+02:00;2026-09-15T05:00:00+02:00;NO4;Primær Industri;62748,562;3977
2026-09-15T04:00:00+02:00;2026-09-15T05:00:00+02:00;NO4;Sekundær Industri;1231819,936;6125
2026-09-15T04:00:00+02:00;2026-09-15T05:00:00+02:00;NO4;Tertiære Tjenester;311812,630;40300
2026-09-15T04:00:00+02:00;2026-09-15T05:00:00+02:00;NO5;Hytter og fritidseiendommer;23311,721;48408
2026-09-15T04:00:00+02:00;2026-09-15T05:00:00+02:00;NO5;Husholdning;269922,128;260409
2026-09-15T04:00:00+02:00;2026-09-15T05:00:00+02:00;NO5;Primær Industri;11943,311;1954
2026-09-15T04:00:00+02:00;2026-09-15T05:00:00+02:00;NO5;Sekundær Industri;1063044,698;5020
2026-09-15T04:00:00+02:00;2026-09-15T05:00:00+02:00;NO5;Tertiære Tjenester;185919,034;27953
2026-09-15T05:00:00+02:00;2026-09-15T06:00:00+02:00;NO1;Hytter og fritidseiendommer;43657,432;110805
2026-09-15T05:00:00+02:00;2026-09-15T06:00:00+02:00;NO1;Husholdning;1005933,789;1122246
2026-09-15T05:00:00+02:00;2026-09-15T06:00:00+02:00;NO1;Primær Industri;37637,821;7482
2026-09-15T05:00:00+02:00;2026-09-15T06:00:00+02:00;NO1;Sekundær Industri;507195,541;15114
2026-09-15T05:00:00+02:00;2026-09-15T06:00:00+02:00;NO1;Tertiære Tjenester;827864,264;96218
2026-09-15T05:00:00+02:00;2026-09-15T06:00:00+02:00;NO2;Hytter og fritidseiendommer;35472,652;106609
2026-09-15T05:00:00+02:00;2026-09-15T06:00:00+02:00;NO2;Husholdning;600261,127;634389
2026-09-15T05:00:00+02:00;2026-09-15T06:00:00+02:00;NO2;Primær Industri;83633,812;5761
2026-09-15T05:00:00+02:00;2026-09-15T06:00:00+02:00;NO2;Sekundær Industri;2104620,964;12585
2026-09-15T05:00:00+02:00;2026-09-15T06:00:00+02:00;NO2;Tertiære Tjenester;464366,396;70967
2026-09-15T05:00:00+02:00;2026-09-15T06:00:00+02:00;NO3;Hytter og fritidseiendommer;27885,525;62801
2026-09-15T05:00:00+02:00;2026-09-15T06:00:00+02:00;NO3;Husholdning;487228,145;412174
2026-09-15T05:00:00+02:00;2026-09-15T06:00:00+02:00;NO3;Primær Industri;85903,824;10286
2026-09-15T05:00:00+02:00;2026-09-15T06:00:00+02:00;NO3;Sekundær Industri;1753175,784;9245
2026-09-15T05:00:00+02:00;2026-09-15T06:00:00+02:00;NO3;Tertiære Tjenester;403668,828;52398
2026-09-15T05:00:00+02:00;2026-09-15T06:00:00+02:00;NO4;Hytter og fritidseiendommer;27811,475;44166
2026-09-15T05:00:00+02:00;2026-09-15T06:00:00+02:00;NO4;Husholdning;352541,710;245814
2026-09-15T05:00:00+02:00;2026-09-15T06:00:00+02:00;NO4;Primær Industri;63245,353;3977
2026-09-15T05:00:00+02:00;2026-09-15T06:00:00+02:00;NO4;Sekundær Industri;1228351,837;6125
2026-09-15T05:00:00+02:00;2026-09-15T06:00:00+02:00;NO4;Tertiære Tjenester;319251,127;40300
2026-09-15T05:00:00+02:00;2026-09-15T06:00:00+02:00;NO5;Hytter og fritidseiendommer;23196,765;48408
2026-09-15T05:00:00+02:00;2026-09-15T06:00:00+02:00;NO5;Husholdning;271459,609;260409
2026-09-15T05:00:00+02:00;2026-09-15T06:00:00+02:00;NO5;Primær Industri;11771,047;1954
2026-09-15T05:00:00+02:00;2026-09-15T06:00:00+02:00;NO5;Sekundær Industri;1069245,980;5020
2026-09-15T05:00:00+02:00;2026-09-15T06:00:00+02:00;NO5;Tertiære Tjenester;198484,507;27953
2026-09-15T06:00:00+02:00;2026-09-15T07:00:00+02:00;NO1;Hytter og fritidseiendommer;44301,182;110805
2026-09-15T06:00:00+02:00;2026-09-15T07:00:00+02:00;NO1;Husholdning;1124557,278;1122246
2026-09-15T06:00:00+02:00;2026-09-15T07:00:00+02:00;NO1;Primær Industri;40732,603;7482
2026-09-15T06:00:00+02:00;2026-09-15T07:00:00+02:00;NO1;Sekundær Industri;586146,646;15114
2026-09-15T06:00:00+02:00;2026-09-15T07:00:00+02:00;NO1;Tertiære Tjenester;985773,256;96218
2026-09-15T06:00:00+02:00;2026-09-15T07:00:00+02:00;NO2;Hytter og fritidseiendommer;35772,360;106609
2026-09-15T06:00:00+02:00;2026-09-15T07:00:00+02:00;NO2;Husholdning;667374,538;634389
2026-09-15T06:00:00+02:00;2026-09-15T07:00:00+02:00;NO2;Primær Industri;89420,628;5761
2026-09-15T06:00:00+02:00;2026-09-15T07:00:00+02:00;NO2;Sekundær Industri;2158969,675;12585
2026-09-15T06:00:00+02:00;2026-09-15T07:00:00+02:00;NO2;Tertiære Tjenester;546469,999;70967
2026-09-15T06:00:00+02:00;2026-09-15T07:00:00+02:00;NO3;Hytter og fritidseiendommer;28269,522;62801
2026-09-15T06:00:00+02:00;2026-09-15T07:00:00+02:00;NO3;Husholdning;525844,789;412174
2026-09-15T06:00:00+02:00;2026-09-15T07:00:00+02:00;NO3;Primær Industri;90609,488;10286
2026-09-15T06:00:00+02:00;2026-09-15T07:00:00+02:00;NO3;Sekundær Industri;1786611,051;9245
2026-09-15T06:00:00+02:00;2026-09-15T07:00:00+02:00;NO3;Tertiære Tjenester;453127,704;52398
2026-09-15T06:00:00+02:00;2026-09-15T07:00:00+02:00;NO4;Hytter og fritidseiendommer;28323,716;44166
2026-09-15T06:00:00+02:00;2026-09-15T07:00:00+02:00;NO4;Husholdning;379485,005;245814
2026-09-15T06:00:00+02:00;2026-09-15T07:00:00+02:00;NO4;Primær Industri;65689,518;3977
2026-09-15T06:00:00+02:00;2026-09-15T07:00:00+02:00;NO4;Sekundær Industri;1231390,660;6125
2026-09-15T06:00:00+02:00;2026-09-15T07:00:00+02:00;NO4;Tertiære Tjenester;345475,918;40300
2026-09-15T06:00:00+02:00;2026-09-15T07:00:00+02:00;NO5;Hytter og fritidseiendommer;23435,976;48408
2026-09-15T06:00:00+02:00;2026-09-15T07:00:00+02:00;NO5;Husholdning;295831,480;260409
2026-09-15T06:00:00+02:00;2026-09-15T07:00:00+02:00;NO5;Primær Industri;12584,567;1954
2026-09-15T06:00:00+02:00;2026-09-15T07:00:00+02:00;NO5;Sekundær Industri;1087096,593;5020
2026-09-15T06:00:00+02:00;2026-09-15T07:00:00+02:00;NO5;Tertiære Tjenester;236310,670;27953
2026-09-15T07:00:00+02:00;2026-09-15T08:00:00+02:00;NO1;Hytter og fritidseiendommer;44870,001;110805
2026-09-15T07:00:00+02:00;2026-09-15T08:00:00+02:00;NO1;Husholdning;1266755,702;1122246
2026-09-15T07:00:00+02:00;2026-09-15T08:00:00+02:00;NO1;Primær Industri;43839,223;7482
2026-09-15T07:00:00+02:00;2026-09-15T08:00:00+02:00;NO1;Sekundær Industri;661926,180;15114
2026-09-15T07:00:00+02:00;2026-09-15T08:00:00+02:00;NO1;Tertiære Tjenester;1143154,504;96218
2026-09-15T07:00:00+02:00;2026-09-15T08:00:00+02:00;NO2;Hytter og fritidseiendommer;36412,639;106609
2026-09-15T07:00:00+02:00;2026-09-15T08:00:00+02:00;NO2;Husholdning;740257,933;634389
2026-09-15T07:00:00+02:00;2026-09-15T08:00:00+02:00;NO2;Primær Industri;96996,249;5761
2026-09-15T07:00:00+02:00;2026-09-15T08:00:00+02:00;NO2;Sekundær Industri;2208036,672;12585
2026-09-15T07:00:00+02:00;2026-09-15T08:00:00+02:00;NO2;Tertiære Tjenester;626850,851;70967
2026-09-15T07:00:00+02:00;2026-09-15T08:00:00+02:00;NO3;Hytter og fritidseiendommer;28666,356;62801
2026-09-15T07:00:00+02:00;2026-09-15T08:00:00+02:00;NO3;Husholdning;571326,689;412174
2026-09-15T07:00:00+02:00;2026-09-15T08:00:00+02:00;NO3;Primær Industri;97538,263;10286
2026-09-15T07:00:00+02:00;2026-09-15T08:00:00+02:00;NO3;Sekundær Industri;1835472,189;9245
2026-09-15T07:00:00+02:00;2026-09-15T08:00:00+02:00;NO3;Tertiære Tjenester;511434,269;52398
2026-09-15T07:00:00+02:00;2026-09-15T08:00:00+02:00;NO4;Hytter og fritidseiendommer;28709,320;44166
2026-09-15T07:00:00+02:00;2026-09-15T08:00:00+02:00;NO4;Husholdning;412647,849;245814
2026-09-15T07:00:00+02:00;2026-09-15T08:00:00+02:00;NO4;Primær Industri;70145,571;3977
2026-09-15T07:00:00+02:00;2026-09-15T08:00:00+02:00;NO4;Sekundær Industri;1215577,049;6125
2026-09-15T07:00:00+02:00;2026-09-15T08:00:00+02:00;NO4;Tertiære Tjenester;383384,204;40300
2026-09-15T07:00:00+02:00;2026-09-15T08:00:00+02:00;NO5;Hytter og fritidseiendommer;23760,066;48408
2026-09-15T07:00:00+02:00;2026-09-15T08:00:00+02:00;NO5;Husholdning;323714,313;260409
2026-09-15T07:00:00+02:00;2026-09-15T08:00:00+02:00;NO5;Primær Industri;13766,691;1954
2026-09-15T07:00:00+02:00;2026-09-15T08:00:00+02:00;NO5;Sekundær Industri;1107582,445;5020
2026-09-15T07:00:00+02:00;2026-09-15T08:00:00+02:00;NO5;Tertiære Tjenester;271815,586;27953
2026-09-15T08:00:00+02:00;2026-09-15T09:00:00+02:00;NO1;Hytter og fritidseiendommer;45534,509;110805
2026-09-15T08:00:00+02:00;2026-09-15T09:00:00+02:00;NO1;Husholdning;1228615,933;1122246
2026-09-15T08:00:00+02:00;2026-09-15T09:00:00+02:00;NO1;Primær Industri;45950,731;7482
2026-09-15T08:00:00+02:00;2026-09-15T09:00:00+02:00;NO1;Sekundær Industri;687590,792;15114
2026-09-15T08:00:00+02:00;2026-09-15T09:00:00+02:00;NO1;Tertiære Tjenester;1262059,327;96218
2026-09-15T08:00:00+02:00;2026-09-15T09:00:00+02:00;NO2;Hytter og fritidseiendommer;36624,563;106609
2026-09-15T08:00:00+02:00;2026-09-15T09:00:00+02:00;NO2;Husholdning;716415,100;634389
2026-09-15T08:00:00+02:00;2026-09-15T09:00:00+02:00;NO2;Primær Industri;99797,659;5761
2026-09-15T08:00:00+02:00;2026-09-15T09:00:00+02:00;NO2;Sekundær Industri;2204758,462;12585
2026-09-15T08:00:00+02:00;2026-09-15T09:00:00+02:00;NO2;Tertiære Tjenester;704793,007;70967
2026-09-15T08:00:00+02:00;2026-09-15T09:00:00+02:00;NO3;Hytter og fritidseiendommer;28898,782;62801
2026-09-15T08:00:00+02:00;2026-09-15T09:00:00+02:00;NO3;Husholdning;556615,443;412174
2026-09-15T08:00:00+02:00;2026-09-15T09:00:00+02:00;NO3;Primær Industri;101740,515;10286
2026-09-15T08:00:00+02:00;2026-09-15T09:00:00+02:00;NO3;Sekundær Industri;1827259,366;9245
2026-09-15T08:00:00+02:00;2026-09-15T09:00:00+02:00;NO3;Tertiære Tjenester;562784,328;52398
2026-09-15T08:00:00+02:00;2026-09-15T09:00:00+02:00;NO4;Hytter og fritidseiendommer;28437,685;44166
2026-09-15T08:00:00+02:00;2026-09-15T09:00:00+02:00;NO4;Husholdning;397845,886;245814
2026-09-15T08:00:00+02:00;2026-09-15T09:00:00+02:00;NO4;Primær Industri;73649,101;3977
2026-09-15T08:00:00+02:00;2026-09-15T09:00:00+02:00;NO4;Sekundær Industri;1231725,131;6125
2026-09-15T08:00:00+02:00;2026-09-15T09:00:00+02:00;NO4;Tertiære Tjenester;415862,605;40300
2026-09-15T08:00:00+02:00;2026-09-15T09:00:00+02:00;NO5;Hytter og fritidseiendommer;23936,821;48408
2026-09-15T08:00:00+02:00;2026-09-15T09:00:00+02:00;NO5;Husholdning;316471,323;260409
2026-09-15T08:00:00+02:00;2026-09-15T09:00:00+02:00;NO5;Primær Industri;14581,584;1954
2026-09-15T08:00:00+02:00;2026-09-15T09:00:00+02:00;NO5;Sekundær Industri;1113054,647;5020
2026-09-15T08:00:00+02:00;2026-09-15T09:00:00+02:00;NO5;Tertiære Tjenester;310166,121;27953
2026-09-15T09:00:00+02:00;2026-09-15T10:00:00+02:00;NO1;Hytter og fritidseiendommer;45653,739;110805
2026-09-15T09:00:00+02:00;2026-09-15T10:00:00+02:00;NO1;Husholdning;1188786,885;1122246
2026-09-15T09:00:00+02:00;2026-09-15T10:00:00+02:00;NO1;Primær Industri;45404,149;7482
2026-09-15T09:00:00+02:00;2026-09-15T10:00:00+02:00;NO1;Sekundær Industri;678102,292;15114
2026-09-15T09:00:00+02:00;2026-09-15T10:00:00+02:00;NO1;Tertiære Tjenester;1330140,748;96218
2026-09-15T09:00:00+02:00;2026-09-15T10:00:00+02:00;NO2;Hytter og fritidseiendommer;36856,295;106609
2026-09-15T09:00:00+02:00;2026-09-15T10:00:00+02:00;NO2;Husholdning;701250,616;634389
2026-09-15T09:00:00+02:00;2026-09-15T10:00:00+02:00;NO2;Primær Industri;99970,552;5761
2026-09-15T09:00:00+02:00;2026-09-15T10:00:00+02:00;NO2;Sekundær Industri;2194685,022;12585
2026-09-15T09:00:00+02:00;2026-09-15T10:00:00+02:00;NO2;Tertiære Tjenester;741177,018;70967
2026-09-15T09:00:00+02:00;2026-09-15T10:00:00+02:00;NO3;Hytter og fritidseiendommer;28755,663;62801
2026-09-15T09:00:00+02:00;2026-09-15T10:00:00+02:00;NO3;Husholdning;538213,342;412174
2026-09-15T09:00:00+02:00;2026-09-15T10:00:00+02:00;NO3;Primær Industri;100676,481;10286
2026-09-15T09:00:00+02:00;2026-09-15T10:00:00+02:00;NO3;Sekundær Industri;1784059,240;9245
2026-09-15T09:00:00+02:00;2026-09-15T10:00:00+02:00;NO3;Tertiære Tjenester;581247,882;52398
2026-09-15T09:00:00+02:00;2026-09-15T10:00:00+02:00;NO4;Hytter og fritidseiendommer;27257,441;44166
2026-09-15T09:00:00+02:00;2026-09-15T10:00:00+02:00;NO4;Husholdning;375434,123;245814
2026-09-15T09:00:00+02:00;2026-09-15T10:00:00+02:00;NO4;Primær Industri;73740,321;3977
2026-09-15T09:00:00+02:00;2026-09-15T10:00:00+02:00;NO4;Sekundær Industri;1220981,751;6125
2026-09-15T09:00:00+02:00;2026-09-15T10:00:00+02:00;NO4;Tertiære Tjenester;428667,222;40300
2026-09-15T09:00:00+02:00;2026-09-15T10:00:00+02:00;NO5;Hytter og fritidseiendommer;23947,500;48408
2026-09-15T09:00:00+02:00;2026-09-15T10:00:00+02:00;NO5;Husholdning;309238,538;260409
2026-09-15T09:00:00+02:00;2026-09-15T10:00:00+02:00;NO5;Primær Industri;14823,456;1954
2026-09-15T09:00:00+02:00;2026-09-15T10:00:00+02:00;NO5;Sekundær Industri;1110918,735;5020
2026-09-15T09:00:00+02:00;2026-09-15T10:00:00+02:00;NO5;Tertiære Tjenester;328356,266;27953
2026-09-15T10:00:00+02:00;2026-09-15T11:00:00+02:00;NO1;Hytter og fritidseiendommer;45472,866;110805
2026-09-15T10:00:00+02:00;2026-09-15T11:00:00+02:00;NO1;Husholdning;1181367,537;1122246
2026-09-15T10:00:00+02:00;2026-09-15T11:00:00+02:00;NO1;Primær Industri;45114,401;7482
2026-09-15T10:00:00+02:00;2026-09-15T11:00:00+02:00;NO1;Sekundær Industri;670222,582;15114
2026-09-15T10:00:00+02:00;2026-09-15T11:00:00+02:00;NO1;Tertiære Tjenester;1356044,093;96218
2026-09-15T10:00:00+02:00;2026-09-15T11:00:00+02:00;NO2;Hytter og fritidseiendommer;36566,994;106609
2026-09-15T10:00:00+02:00;2026-09-15T11:00:00+02:00;NO2;Husholdning;698028,639;634389
2026-09-15T10:00:00+02:00;2026-09-15T11:00:00+02:00;NO2;Primær Industri;99247,903;5761
2026-09-15T10:00:00+02:00;2026-09-15T11:00:00+02:00;NO2;Sekundær Industri;2192886,347;12585
2026-09-15T10:00:00+02:00;2026-09-15T11:00:00+02:00;NO2;Tertiære Tjenester;749772,809;70967
2026-09-15T10:00:00+02:00;2026-09-15T11:00:00+02:00;NO3;Hytter og fritidseiendommer;28057,495;62801
2026-09-15T10:00:00+02:00;2026-09-15T11:00:00+02:00;NO3;Husholdning;523012,624;412174
2026-09-15T10:00:00+02:00;2026-09-15T11:00:00+02:00;NO3;Primær Industri;95183,474;10286
2026-09-15T10:00:00+02:00;2026-09-15T11:00:00+02:00;NO3;Sekundær Industri;1827626,575;9245
2026-09-15T10:00:00+02:00;2026-09-15T11:00:00+02:00;NO3;Tertiære Tjenester;585401,223;52398
2026-09-15T10:00:00+02:00;2026-09-15T11:00:00+02:00;NO4;Hytter og fritidseiendommer;25934,094;44166
2026-09-15T10:00:00+02:00;2026-09-15T11:00:00+02:00;NO4;Husholdning;357556,901;245814
2026-09-15T10:00:00+02:00;2026-09-15T11:00:00+02:00;NO4;Primær Industri;71813,181;3977
2026-09-15T10:00:00+02:00;2026-09-15T11:00:00+02:00;NO4;Sekundær Industri;1228717,015;6125
2026-09-15T10:00:00+02:00;2026-09-15T11:00:00+02:00;NO4;Tertiære Tjenester;432801,332;40300
2026-09-15T10:00:00+02:00;2026-09-15T11:00:00+02:00;NO5;Hytter og fritidseiendommer;23819,464;48408
2026-09-15T10:00:00+02:00;2026-09-15T11:00:00+02:00;NO5;Husholdning;304818,853;260409
2026-09-15T10:00:00+02:00;2026-09-15T11:00:00+02:00;NO5;Primær Industri;14845,311;1954
2026-09-15T10:00:00+02:00;2026-09-15T11:00:00+02:00;NO5;Sekundær Industri;1110896,699;5020
2026-09-15T10:00:00+02:00;2026-09-15T11:00:00+02:00;NO5;Tertiære Tjenester;334681,708;27953
2026-09-15T11:00:00+02:00;2026-09-15T12:00:00+02:00;NO1;Hytter og fritidseiendommer;44680,971;110805
2026-09-15T11:00:00+02:00;2026-09-15T12:00:00+02:00;NO1;Husholdning;1187508,995;1122246
2026-09-15T11:00:00+02:00;2026-09-15T12:00:00+02:00;NO1;Primær Industri;45096,300;7482
2026-09-15T11:00:00+02:00;2026-09-15T12:00:00+02:00;NO1;Sekundær Industri;687939,556;15114
2026-09-15T11:00:00+02:00;2026-09-15T12:00:00+02:00;NO1;Tertiære Tjenester;1357962,475;96218
2026-09-15T11:00:00+02:00;2026-09-15T12:00:00+02:00;NO2;Hytter og fritidseiendommer;36172,097;106609
2026-09-15T11:00:00+02:00;2026-09-15T12:00:00+02:00;NO2;Husholdning;698411,847;634389
2026-09-15T11:00:00+02:00;2026-09-15T12:00:00+02:00;NO2;Primær Industri;97910,949;5761
2026-09-15T11:00:00+02:00;2026-09-15T12:00:00+02:00;NO2;Sekundær Industri;2182728,911;12585
2026-09-15T11:00:00+02:00;2026-09-15T12:00:00+02:00;NO2;Tertiære Tjenester;748075,474;70967
2026-09-15T11:00:00+02:00;2026-09-15T12:00:00+02:00;NO3;Hytter og fritidseiendommer;27071,697;62801
2026-09-15T11:00:00+02:00;2026-09-15T12:00:00+02:00;NO3;Husholdning;512034,166;412174
2026-09-15T11:00:00+02:00;2026-09-15T12:00:00+02:00;NO3;Primær Industri;89721,748;10286
2026-09-15T11:00:00+02:00;2026-09-15T12:00:00+02:00;NO3;Sekundær Industri;1825465,091;9245
2026-09-15T11:00:00+02:00;2026-09-15T12:00:00+02:00;NO3;Tertiære Tjenester;577173,846;52398
2026-09-15T11:00:00+02:00;2026-09-15T12:00:00+02:00;NO4;Hytter og fritidseiendommer;24854,404;44166
2026-09-15T11:00:00+02:00;2026-09-15T12:00:00+02:00;NO4;Husholdning;344551,811;245814
2026-09-15T11:00:00+02:00;2026-09-15T12:00:00+02:00;NO4;Primær Industri;70817,067;3977
2026-09-15T11:00:00+02:00;2026-09-15T12:00:00+02:00;NO4;Sekundær Industri;1226093,986;6125
2026-09-15T11:00:00+02:00;2026-09-15T12:00:00+02:00;NO4;Tertiære Tjenester;424682,131;40300
2026-09-15T11:00:00+02:00;2026-09-15T12:00:00+02:00;NO5;Hytter og fritidseiendommer;23383,378;48408
2026-09-15T11:00:00+02:00;2026-09-15T12:00:00+02:00;NO5;Husholdning;303743,071;260409
2026-09-15T11:00:00+02:00;2026-09-15T12:00:00+02:00;NO5;Primær Industri;14376,753;1954
2026-09-15T11:00:00+02:00;2026-09-15T12:00:00+02:00;NO5;Sekundær Industri;1114087,124;5020
2026-09-15T11:00:00+02:00;2026-09-15T12:00:00+02:00;NO5;Tertiære Tjenester;333439,548;27953
2026-09-15T12:00:00+02:00;2026-09-15T13:00:00+02:00;NO1;Hytter og fritidseiendommer;44133,167;110805
2026-09-15T12:00:00+02:00;2026-09-15T13:00:00+02:00;NO1;Husholdning;1193654,377;1122246
2026-09-15T12:00:00+02:00;2026-09-15T13:00:00+02:00;NO1;Primær Industri;45472,152;7482
2026-09-15T12:00:00+02:00;2026-09-15T13:00:00+02:00;NO1;Sekundær Industri;706781,348;15114
2026-09-15T12:00:00+02:00;2026-09-15T13:00:00+02:00;NO1;Tertiære Tjenester;1358941,297;96218
2026-09-15T12:00:00+02:00;2026-09-15T13:00:00+02:00;NO2;Hytter og fritidseiendommer;35694,683;106609
2026-09-15T12:00:00+02:00;2026-09-15T13:00:00+02:00;NO2;Husholdning;700960,667;634389
2026-09-15T12:00:00+02:00;2026-09-15T13:00:00+02:00;NO2;Primær Industri;96858,782;5761
2026-09-15T12:00:00+02:00;2026-09-15T13:00:00+02:00;NO2;Sekundær Industri;2199723,788;12585
2026-09-15T12:00:00+02:00;2026-09-15T13:00:00+02:00;NO2;Tertiære Tjenester;752864,405;70967
2026-09-15T12:00:00+02:00;2026-09-15T13:00:00+02:00;NO3;Hytter og fritidseiendommer;26008,381;62801
2026-09-15T12:00:00+02:00;2026-09-15T13:00:00+02:00;NO3;Husholdning;500856,496;412174
2026-09-15T12:00:00+02:00;2026-09-15T13:00:00+02:00;NO3;Primær Industri;85892,306;10286
2026-09-15T12:00:00+02:00;2026-09-15T13:00:00+02:00;NO3;Sekundær Industri;1840837,269;9245
2026-09-15T12:00:00+02:00;2026-09-15T13:00:00+02:00;NO3;Tertiære Tjenester;567891,330;52398
2026-09-15T12:00:00+02:00;2026-09-15T13:00:00+02:00;NO4;Hytter og fritidseiendommer;23826,388;44166
2026-09-15T12:00:00+02:00;2026-09-15T13:00:00+02:00;NO4;Husholdning;334859,822;245814
2026-09-15T12:00:00+02:00;2026-09-15T13:00:00+02:00;NO4;Primær Industri;68873,055;3977
2026-09-15T12:00:00+02:00;2026-09-15T13:00:00+02:00;NO4;Sekundær Industri;1175778,199;6125
2026-09-15T12:00:00+02:00;2026-09-15T13:00:00+02:00;NO4;Tertiære Tjenester;420181,135;40300
2026-09-15T12:00:00+02:00;2026-09-15T13:00:00+02:00;NO5;Hytter og fritidseiendommer;22870,376;48408
2026-09-15T12:00:00+02:00;2026-09-15T13:00:00+02:00;NO5;Husholdning;300785,175;260409
2026-09-15T12:00:00+02:00;2026-09-15T13:00:00+02:00;NO5;Primær Industri;14422,831;1954
2026-09-15T12:00:00+02:00;2026-09-15T13:00:00+02:00;NO5;Sekundær Industri;1107796,161;5020
2026-09-15T12:00:00+02:00;2026-09-15T13:00:00+02:00;NO5;Tertiære Tjenester;329796,254;27953
2026-09-15T13:00:00+02:00;2026-09-15T14:00:00+02:00;NO1;Hytter og fritidseiendommer;43717,514;110805
2026-09-15T13:00:00+02:00;2026-09-15T14:00:00+02:00;NO1;Husholdning;1196414,089;1122246
2026-09-15T13:00:00+02:00;2026-09-15T14:00:00+02:00;NO1;Primær Industri;44302,396;7482
2026-09-15T13:00:00+02:00;2026-09-15T14:00:00+02:00;NO1;Sekundær Industri;702101,672;15114
2026-09-15T13:00:00+02:00;2026-09-15T14:00:00+02:00;NO1;Tertiære Tjenester;1359426,202;96218
2026-09-15T13:00:00+02:00;2026-09-15T14:00:00+02:00;NO2;Hytter og fritidseiendommer;35710,755;106609
2026-09-15T13:00:00+02:00;2026-09-15T14:00:00+02:00;NO2;Husholdning;708948,849;634389
2026-09-15T13:00:00+02:00;2026-09-15T14:00:00+02:00;NO2;Primær Industri;97229,994;5761
2026-09-15T13:00:00+02:00;2026-09-15T14:00:00+02:00;NO2;Sekundær Industri;2208313,222;12585
2026-09-15T13:00:00+02:00;2026-09-15T14:00:00+02:00;NO2;Tertiære Tjenester;750514,288;70967
2026-09-15T13:00:00+02:00;2026-09-15T14:00:00+02:00;NO3;Hytter og fritidseiendommer;25267,060;62801
2026-09-15T13:00:00+02:00;2026-09-15T14:00:00+02:00;NO3;Husholdning;493366,206;412174
2026-09-15T13:00:00+02:00;2026-09-15T14:00:00+02:00;NO3;Primær Industri;88573,668;10286
2026-09-15T13:00:00+02:00;2026-09-15T14:00:00+02:00;NO3;Sekundær Industri;1847965,693;9245
2026-09-15T13:00:00+02:00;2026-09-15T14:00:00+02:00;NO3;Tertiære Tjenester;559100,455;52398
2026-09-15T13:00:00+02:00;2026-09-15T14:00:00+02:00;NO4;Hytter og fritidseiendommer;22916,558;44166
2026-09-15T13:00:00+02:00;2026-09-15T14:00:00+02:00;NO4;Husholdning;331389,937;245814
2026-09-15T13:00:00+02:00;2026-09-15T14:00:00+02:00;NO4;Primær Industri;68073,567;3977
2026-09-15T13:00:00+02:00;2026-09-15T14:00:00+02:00;NO4;Sekundær Industri;1192745,571;6125
2026-09-15T13:00:00+02:00;2026-09-15T14:00:00+02:00;NO4;Tertiære Tjenester;415642,820;40300
2026-09-15T13:00:00+02:00;2026-09-15T14:00:00+02:00;NO5;Hytter og fritidseiendommer;22360,881;48408
2026-09-15T13:00:00+02:00;2026-09-15T14:00:00+02:00;NO5;Husholdning;302133,009;260409
2026-09-15T13:00:00+02:00;2026-09-15T14:00:00+02:00;NO5;Primær Industri;14418,189;1954
2026-09-15T13:00:00+02:00;2026-09-15T14:00:00+02:00;NO5;Sekundær Industri;1107041,114;5021
2026-09-15T13:00:00+02:00;2026-09-15T14:00:00+02:00;NO5;Tertiære Tjenester;324128,541;27953
2026-09-15T14:00:00+02:00;2026-09-15T15:00:00+02:00;NO1;Hytter og fritidseiendommer;43376,853;110805
2026-09-15T14:00:00+02:00;2026-09-15T15:00:00+02:00;NO1;Husholdning;1232749,728;1122246
2026-09-15T14:00:00+02:00;2026-09-15T15:00:00+02:00;NO1;Primær Industri;44045,301;7482
2026-09-15T14:00:00+02:00;2026-09-15T15:00:00+02:00;NO1;Sekundær Industri;684097,918;15114
2026-09-15T14:00:00+02:00;2026-09-15T15:00:00+02:00;NO1;Tertiære Tjenester;1341910,040;96218
2026-09-15T14:00:00+02:00;2026-09-15T15:00:00+02:00;NO2;Hytter og fritidseiendommer;35786,592;106609
2026-09-15T14:00:00+02:00;2026-09-15T15:00:00+02:00;NO2;Husholdning;740038,586;634389
2026-09-15T14:00:00+02:00;2026-09-15T15:00:00+02:00;NO2;Primær Industri;96705,031;5761
2026-09-15T14:00:00+02:00;2026-09-15T15:00:00+02:00;NO2;Sekundær Industri;2193662,387;12585
2026-09-15T14:00:00+02:00;2026-09-15T15:00:00+02:00;NO2;Tertiære Tjenester;739161,789;70967
2026-09-15T14:00:00+02:00;2026-09-15T15:00:00+02:00;NO3;Hytter og fritidseiendommer;24764,929;62801
2026-09-15T14:00:00+02:00;2026-09-15T15:00:00+02:00;NO3;Husholdning;501574,617;412174
2026-09-15T14:00:00+02:00;2026-09-15T15:00:00+02:00;NO3;Primær Industri;87570,804;10286
2026-09-15T14:00:00+02:00;2026-09-15T15:00:00+02:00;NO3;Sekundær Industri;1864308,849;9245
2026-09-15T14:00:00+02:00;2026-09-15T15:00:00+02:00;NO3;Tertiære Tjenester;552027,918;52398
2026-09-15T14:00:00+02:00;2026-09-15T15:00:00+02:00;NO4;Hytter og fritidseiendommer;22704,685;44166
2026-09-15T14:00:00+02:00;2026-09-15T15:00:00+02:00;NO4;Husholdning;339456,331;245814
2026-09-15T14:00:00+02:00;2026-09-15T15:00:00+02:00;NO4;Primær Industri;67865,145;3977
2026-09-15T14:00:00+02:00;2026-09-15T15:00:00+02:00;NO4;Sekundær Industri;1159009,579;6125
2026-09-15T14:00:00+02:00;2026-09-15T15:00:00+02:00;NO4;Tertiære Tjenester;408652,637;40300
2026-09-15T14:00:00+02:00;2026-09-15T15:00:00+02:00;NO5;Hytter og fritidseiendommer;22310,152;48408
2026-09-15T14:00:00+02:00;2026-09-15T15:00:00+02:00;NO5;Husholdning;312598,232;260409
2026-09-15T14:00:00+02:00;2026-09-15T15:00:00+02:00;NO5;Primær Industri;14399,715;1954
2026-09-15T14:00:00+02:00;2026-09-15T15:00:00+02:00;NO5;Sekundær Industri;1102535,738;5021
2026-09-15T14:00:00+02:00;2026-09-15T15:00:00+02:00;NO5;Tertiære Tjenester;321765,627;27953
2026-09-15T15:00:00+02:00;2026-09-15T16:00:00+02:00;NO1;Hytter og fritidseiendommer;44091,107;110805
2026-09-15T15:00:00+02:00;2026-09-15T16:00:00+02:00;NO1;Husholdning;1342452,098;1122246
2026-09-15T15:00:00+02:00;2026-09-15T16:00:00+02:00;NO1;Primær Industri;43813,203;7482
2026-09-15T15:00:00+02:00;2026-09-15T16:00:00+02:00;NO1;Sekundær Industri;624847,301;15114
2026-09-15T15:00:00+02:00;2026-09-15T16:00:00+02:00;NO1;Tertiære Tjenester;1311065,236;96218
2026-09-15T15:00:00+02:00;2026-09-15T16:00:00+02:00;NO2;Hytter og fritidseiendommer;35782,185;106609
2026-09-15T15:00:00+02:00;2026-09-15T16:00:00+02:00;NO2;Husholdning;824262,426;634389
2026-09-15T15:00:00+02:00;2026-09-15T16:00:00+02:00;NO2;Primær Industri;95472,177;5761
2026-09-15T15:00:00+02:00;2026-09-15T16:00:00+02:00;NO2;Sekundær Industri;2175500,193;12585
2026-09-15T15:00:00+02:00;2026-09-15T16:00:00+02:00;NO2;Tertiære Tjenester;709358,294;70967
2026-09-15T15:00:00+02:00;2026-09-15T16:00:00+02:00;NO3;Hytter og fritidseiendommer;24690,655;62801
2026-09-15T15:00:00+02:00;2026-09-15T16:00:00+02:00;NO3;Husholdning;548273,555;412174
2026-09-15T15:00:00+02:00;2026-09-15T16:00:00+02:00;NO3;Primær Industri;90179,769;10286
2026-09-15T15:00:00+02:00;2026-09-15T16:00:00+02:00;NO3;Sekundær Industri;1860698,518;9245
2026-09-15T15:00:00+02:00;2026-09-15T16:00:00+02:00;NO3;Tertiære Tjenester;535224,326;52398
2026-09-15T15:00:00+02:00;2026-09-15T16:00:00+02:00;NO4;Hytter og fritidseiendommer;23018,756;44166
2026-09-15T15:00:00+02:00;2026-09-15T16:00:00+02:00;NO4;Husholdning;368551,656;245814
2026-09-15T15:00:00+02:00;2026-09-15T16:00:00+02:00;NO4;Primær Industri;68981,851;3977
2026-09-15T15:00:00+02:00;2026-09-15T16:00:00+02:00;NO4;Sekundær Industri;1162332,574;6125
2026-09-15T15:00:00+02:00;2026-09-15T16:00:00+02:00;NO4;Tertiære Tjenester;399218,860;40300
2026-09-15T15:00:00+02:00;2026-09-15T16:00:00+02:00;NO5;Hytter og fritidseiendommer;22418,757;48408
2026-09-15T15:00:00+02:00;2026-09-15T16:00:00+02:00;NO5;Husholdning;342576,379;260409
2026-09-15T15:00:00+02:00;2026-09-15T16:00:00+02:00;NO5;Primær Industri;13895,223;1954
2026-09-15T15:00:00+02:00;2026-09-15T16:00:00+02:00;NO5;Sekundær Industri;1095194,661;5021
2026-09-15T15:00:00+02:00;2026-09-15T16:00:00+02:00;NO5;Tertiære Tjenester;312012,539;27953
2026-09-15T16:00:00+02:00;2026-09-15T17:00:00+02:00;NO1;Hytter og fritidseiendommer;45126,868;110805
2026-09-15T16:00:00+02:00;2026-09-15T17:00:00+02:00;NO1;Husholdning;1520550,367;1122246
2026-09-15T16:00:00+02:00;2026-09-15T17:00:00+02:00;NO1;Primær Industri;44127,238;7482
2026-09-15T16:00:00+02:00;2026-09-15T17:00:00+02:00;NO1;Sekundær Industri;599029,398;15114
2026-09-15T16:00:00+02:00;2026-09-15T17:00:00+02:00;NO1;Tertiære Tjenester;1239285,688;96218
2026-09-15T16:00:00+02:00;2026-09-15T17:00:00+02:00;NO2;Hytter og fritidseiendommer;36165,429;106609
2026-09-15T16:00:00+02:00;2026-09-15T17:00:00+02:00;NO2;Husholdning;907756,172;634389
2026-09-15T16:00:00+02:00;2026-09-15T17:00:00+02:00;NO2;Primær Industri;93430,249;5761
2026-09-15T16:00:00+02:00;2026-09-15T17:00:00+02:00;NO2;Sekundær Industri;2162043,787;12585
2026-09-15T16:00:00+02:00;2026-09-15T17:00:00+02:00;NO2;Tertiære Tjenester;666494,827;70967
2026-09-15T16:00:00+02:00;2026-09-15T17:00:00+02:00;NO3;Hytter og fritidseiendommer;25148,682;62801
2026-09-15T16:00:00+02:00;2026-09-15T17:00:00+02:00;NO3;Husholdning;611834,137;412174
2026-09-15T16:00:00+02:00;2026-09-15T17:00:00+02:00;NO3;Primær Industri;93812,970;10286
2026-09-15T16:00:00+02:00;2026-09-15T17:00:00+02:00;NO3;Sekundær Industri;1822630,371;9245
2026-09-15T16:00:00+02:00;2026-09-15T17:00:00+02:00;NO3;Tertiære Tjenester;509238,716;52398
2026-09-15T16:00:00+02:00;2026-09-15T17:00:00+02:00;NO4;Hytter og fritidseiendommer;23668,344;44166
2026-09-15T16:00:00+02:00;2026-09-15T17:00:00+02:00;NO4;Husholdning;398337,323;245814
2026-09-15T16:00:00+02:00;2026-09-15T17:00:00+02:00;NO4;Primær Industri;68765,455;3977
2026-09-15T16:00:00+02:00;2026-09-15T17:00:00+02:00;NO4;Sekundær Industri;1189631,069;6125
2026-09-15T16:00:00+02:00;2026-09-15T17:00:00+02:00;NO4;Tertiære Tjenester;376705,948;40300
2026-09-15T16:00:00+02:00;2026-09-15T17:00:00+02:00;NO5;Hytter og fritidseiendommer;22821,665;48408
2026-09-15T16:00:00+02:00;2026-09-15T17:00:00+02:00;NO5;Husholdning;379182,916;260409
2026-09-15T16:00:00+02:00;2026-09-15T17:00:00+02:00;NO5;Primær Industri;13482,829;1954
2026-09-15T16:00:00+02:00;2026-09-15T17:00:00+02:00;NO5;Sekundær Industri;1087406,843;5021
2026-09-15T16:00:00+02:00;2026-09-15T17:00:00+02:00;NO5;Tertiære Tjenester;292133,240;27953
2026-09-15T17:00:00+02:00;2026-09-15T18:00:00+02:00;NO1;Hytter og fritidseiendommer;46034,792;110805
2026-09-15T17:00:00+02:00;2026-09-15T18:00:00+02:00;NO1;Husholdning;1591625,781;1122246
2026-09-15T17:00:00+02:00;2026-09-15T18:00:00+02:00;NO1;Primær Industri;43897,887;7482
2026-09-15T17:00:00+02:00;2026-09-15T18:00:00+02:00;NO1;Sekundær Industri;582975,262;15114
2026-09-15T17:00:00+02:00;2026-09-15T18:00:00+02:00;NO1;Tertiære Tjenester;1174085,831;96218
2026-09-15T17:00:00+02:00;2026-09-15T18:00:00+02:00;NO2;Hytter og fritidseiendommer;36689,193;106609
2026-09-15T17:00:00+02:00;2026-09-15T18:00:00+02:00;NO2;Husholdning;907874,524;634389
2026-09-15T17:00:00+02:00;2026-09-15T18:00:00+02:00;NO2;Primær Industri;92376,190;5761
2026-09-15T17:00:00+02:00;2026-09-15T18:00:00+02:00;NO2;Sekundær Industri;2126454,087;12585
2026-09-15T17:00:00+02:00;2026-09-15T18:00:00+02:00;NO2;Tertiære Tjenester;632160,387;70967
2026-09-15T17:00:00+02:00;2026-09-15T18:00:00+02:00;NO3;Hytter og fritidseiendommer;25792,811;62801
2026-09-15T17:00:00+02:00;2026-09-15T18:00:00+02:00;NO3;Husholdning;622517,236;412174
2026-09-15T17:00:00+02:00;2026-09-15T18:00:00+02:00;NO3;Primær Industri;95813,834;10286
2026-09-15T17:00:00+02:00;2026-09-15T18:00:00+02:00;NO3;Sekundær Industri;1780575,401;9245
2026-09-15T17:00:00+02:00;2026-09-15T18:00:00+02:00;NO3;Tertiære Tjenester;490031,946;52398
2026-09-15T17:00:00+02:00;2026-09-15T18:00:00+02:00;NO4;Hytter og fritidseiendommer;24423,173;44166
2026-09-15T17:00:00+02:00;2026-09-15T18:00:00+02:00;NO4;Husholdning;400636,015;245814
2026-09-15T17:00:00+02:00;2026-09-15T18:00:00+02:00;NO4;Primær Industri;68711,378;3977
2026-09-15T17:00:00+02:00;2026-09-15T18:00:00+02:00;NO4;Sekundær Industri;1198087,868;6125
2026-09-15T17:00:00+02:00;2026-09-15T18:00:00+02:00;NO4;Tertiære Tjenester;366813,874;40300
2026-09-15T17:00:00+02:00;2026-09-15T18:00:00+02:00;NO5;Hytter og fritidseiendommer;23134,359;48408
2026-09-15T17:00:00+02:00;2026-09-15T18:00:00+02:00;NO5;Husholdning;381362,054;260409
2026-09-15T17:00:00+02:00;2026-09-15T18:00:00+02:00;NO5;Primær Industri;13305,502;1954
2026-09-15T17:00:00+02:00;2026-09-15T18:00:00+02:00;NO5;Sekundær Industri;1088514,227;5021
2026-09-15T17:00:00+02:00;2026-09-15T18:00:00+02:00;NO5;Tertiære Tjenester;268416,925;27953
2026-09-15T18:00:00+02:00;2026-09-15T19:00:00+02:00;NO1;Hytter og fritidseiendommer;46779,307;110805
2026-09-15T18:00:00+02:00;2026-09-15T19:00:00+02:00;NO1;Husholdning;1603264,817;1122246
2026-09-15T18:00:00+02:00;2026-09-15T19:00:00+02:00;NO1;Primær Industri;43198,976;7482
2026-09-15T18:00:00+02:00;2026-09-15T19:00:00+02:00;NO1;Sekundær Industri;578933,687;15114
2026-09-15T18:00:00+02:00;2026-09-15T19:00:00+02:00;NO1;Tertiære Tjenester;1129870,649;96218
2026-09-15T18:00:00+02:00;2026-09-15T19:00:00+02:00;NO2;Hytter og fritidseiendommer;37540,981;106609
2026-09-15T18:00:00+02:00;2026-09-15T19:00:00+02:00;NO2;Husholdning;914798,618;634389
2026-09-15T18:00:00+02:00;2026-09-15T19:00:00+02:00;NO2;Primær Industri;92234,769;5761
2026-09-15T18:00:00+02:00;2026-09-15T19:00:00+02:00;NO2;Sekundær Industri;2124295,361;12585
2026-09-15T18:00:00+02:00;2026-09-15T19:00:00+02:00;NO2;Tertiære Tjenester;619796,315;70967
2026-09-15T18:00:00+02:00;2026-09-15T19:00:00+02:00;NO3;Hytter og fritidseiendommer;26534,247;62801
2026-09-15T18:00:00+02:00;2026-09-15T19:00:00+02:00;NO3;Husholdning;623155,247;412174
2026-09-15T18:00:00+02:00;2026-09-15T19:00:00+02:00;NO3;Primær Industri;97158,940;10286
2026-09-15T18:00:00+02:00;2026-09-15T19:00:00+02:00;NO3;Sekundær Industri;1770404,211;9245
2026-09-15T18:00:00+02:00;2026-09-15T19:00:00+02:00;NO3;Tertiære Tjenester;475816,661;52398
2026-09-15T18:00:00+02:00;2026-09-15T19:00:00+02:00;NO4;Hytter og fritidseiendommer;25358,222;44166
2026-09-15T18:00:00+02:00;2026-09-15T19:00:00+02:00;NO4;Husholdning;406816,765;245814
2026-09-15T18:00:00+02:00;2026-09-15T19:00:00+02:00;NO4;Primær Industri;68836,386;3977
2026-09-15T18:00:00+02:00;2026-09-15T19:00:00+02:00;NO4;Sekundær Industri;1204536,110;6125
2026-09-15T18:00:00+02:00;2026-09-15T19:00:00+02:00;NO4;Tertiære Tjenester;359488,881;40300
2026-09-15T18:00:00+02:00;2026-09-15T19:00:00+02:00;NO5;Hytter og fritidseiendommer;23253,633;48408
2026-09-15T18:00:00+02:00;2026-09-15T19:00:00+02:00;NO5;Husholdning;383934,361;260409
2026-09-15T18:00:00+02:00;2026-09-15T19:00:00+02:00;NO5;Primær Industri;13924,519;1954
2026-09-15T18:00:00+02:00;2026-09-15T19:00:00+02:00;NO5;Sekundær Industri;1086384,853;5021
2026-09-15T18:00:00+02:00;2026-09-15T19:00:00+02:00;NO5;Tertiære Tjenester;261747,071;27953
2026-09-15T19:00:00+02:00;2026-09-15T20:00:00+02:00;NO1;Hytter og fritidseiendommer;46870,140;110805
2026-09-15T19:00:00+02:00;2026-09-15T20:00:00+02:00;NO1;Husholdning;1630962,300;1122246
2026-09-15T19:00:00+02:00;2026-09-15T20:00:00+02:00;NO1;Primær Industri;42938,749;7482
2026-09-15T19:00:00+02:00;2026-09-15T20:00:00+02:00;NO1;Sekundær Industri;587583,218;15114
2026-09-15T19:00:00+02:00;2026-09-15T20:00:00+02:00;NO1;Tertiære Tjenester;1101472,262;96218
2026-09-15T19:00:00+02:00;2026-09-15T20:00:00+02:00;NO2;Hytter og fritidseiendommer;39174,382;106609
2026-09-15T19:00:00+02:00;2026-09-15T20:00:00+02:00;NO2;Husholdning;947034,878;634389
2026-09-15T19:00:00+02:00;2026-09-15T20:00:00+02:00;NO2;Primær Industri;84409,981;5761
2026-09-15T19:00:00+02:00;2026-09-15T20:00:00+02:00;NO2;Sekundær Industri;2119344,769;12585
2026-09-15T19:00:00+02:00;2026-09-15T20:00:00+02:00;NO2;Tertiære Tjenester;609802,309;70967
2026-09-15T19:00:00+02:00;2026-09-15T20:00:00+02:00;NO3;Hytter og fritidseiendommer;26981,667;62801
2026-09-15T19:00:00+02:00;2026-09-15T20:00:00+02:00;NO3;Husholdning;641803,974;412174
2026-09-15T19:00:00+02:00;2026-09-15T20:00:00+02:00;NO3;Primær Industri;96526,207;10286
2026-09-15T19:00:00+02:00;2026-09-15T20:00:00+02:00;NO3;Sekundær Industri;1761428,365;9245
2026-09-15T19:00:00+02:00;2026-09-15T20:00:00+02:00;NO3;Tertiære Tjenester;465327,642;52398
2026-09-15T19:00:00+02:00;2026-09-15T20:00:00+02:00;NO4;Hytter og fritidseiendommer;26100,762;44166
2026-09-15T19:00:00+02:00;2026-09-15T20:00:00+02:00;NO4;Husholdning;424109,542;245814
2026-09-15T19:00:00+02:00;2026-09-15T20:00:00+02:00;NO4;Primær Industri;69030,962;3977
2026-09-15T19:00:00+02:00;2026-09-15T20:00:00+02:00;NO4;Sekundær Industri;1202082,737;6125
2026-09-15T19:00:00+02:00;2026-09-15T20:00:00+02:00;NO4;Tertiære Tjenester;370488,798;40300
2026-09-15T19:00:00+02:00;2026-09-15T20:00:00+02:00;NO5;Hytter og fritidseiendommer;23621,752;48408
2026-09-15T19:00:00+02:00;2026-09-15T20:00:00+02:00;NO5;Husholdning;397392,206;260409
2026-09-15T19:00:00+02:00;2026-09-15T20:00:00+02:00;NO5;Primær Industri;14068,350;1954
2026-09-15T19:00:00+02:00;2026-09-15T20:00:00+02:00;NO5;Sekundær Industri;1086525,105;5021
2026-09-15T19:00:00+02:00;2026-09-15T20:00:00+02:00;NO5;Tertiære Tjenester;256395,367;27953
2026-09-15T20:00:00+02:00;2026-09-15T21:00:00+02:00;NO1;Hytter og fritidseiendommer;47153,620;110805
2026-09-15T20:00:00+02:00;2026-09-15T21:00:00+02:00;NO1;Husholdning;1662054,103;1122246
2026-09-15T20:00:00+02:00;2026-09-15T21:00:00+02:00;NO1;Primær Industri;41098,866;7482
2026-09-15T20:00:00+02:00;2026-09-15T21:00:00+02:00;NO1;Sekundær Industri;578775,765;15114
2026-09-15T20:00:00+02:00;2026-09-15T21:00:00+02:00;NO1;Tertiære Tjenester;1058940,847;96218
2026-09-15T20:00:00+02:00;2026-09-15T21:00:00+02:00;NO2;Hytter og fritidseiendommer;39204,146;106609
2026-09-15T20:00:00+02:00;2026-09-15T21:00:00+02:00;NO2;Husholdning;983323,474;634389
2026-09-15T20:00:00+02:00;2026-09-15T21:00:00+02:00;NO2;Primær Industri;76325,109;5761
2026-09-15T20:00:00+02:00;2026-09-15T21:00:00+02:00;NO2;Sekundær Industri;2129562,187;12585
2026-09-15T20:00:00+02:00;2026-09-15T21:00:00+02:00;NO2;Tertiære Tjenester;596683,487;70967
2026-09-15T20:00:00+02:00;2026-09-15T21:00:00+02:00;NO3;Hytter og fritidseiendommer;27607,183;62801
2026-09-15T20:00:00+02:00;2026-09-15T21:00:00+02:00;NO3;Husholdning;667862,292;412174
2026-09-15T20:00:00+02:00;2026-09-15T21:00:00+02:00;NO3;Primær Industri;95777,834;10286
2026-09-15T20:00:00+02:00;2026-09-15T21:00:00+02:00;NO3;Sekundær Industri;1773869,259;9245
2026-09-15T20:00:00+02:00;2026-09-15T21:00:00+02:00;NO3;Tertiære Tjenester;456491,874;52398
2026-09-15T20:00:00+02:00;2026-09-15T21:00:00+02:00;NO4;Hytter og fritidseiendommer;26818,288;44166
2026-09-15T20:00:00+02:00;2026-09-15T21:00:00+02:00;NO4;Husholdning;441768,489;245814
2026-09-15T20:00:00+02:00;2026-09-15T21:00:00+02:00;NO4;Primær Industri;67981,952;3977
2026-09-15T20:00:00+02:00;2026-09-15T21:00:00+02:00;NO4;Sekundær Industri;1198211,160;6125
2026-09-15T20:00:00+02:00;2026-09-15T21:00:00+02:00;NO4;Tertiære Tjenester;362052,727;40300
2026-09-15T20:00:00+02:00;2026-09-15T21:00:00+02:00;NO5;Hytter og fritidseiendommer;23866,473;48408
2026-09-15T20:00:00+02:00;2026-09-15T21:00:00+02:00;NO5;Husholdning;414746,870;260409
2026-09-15T20:00:00+02:00;2026-09-15T21:00:00+02:00;NO5;Primær Industri;13783,574;1954
2026-09-15T20:00:00+02:00;2026-09-15T21:00:00+02:00;NO5;Sekundær Industri;1083699,689;5021
2026-09-15T20:00:00+02:00;2026-09-15T21:00:00+02:00;NO5;Tertiære Tjenester;254970,764;27953
2026-09-15T21:00:00+02:00;2026-09-15T22:00:00+02:00;NO1;Hytter og fritidseiendommer;46125,902;110805
2026-09-15T21:00:00+02:00;2026-09-15T22:00:00+02:00;NO1;Husholdning;1629420,707;1122246
2026-09-15T21:00:00+02:00;2026-09-15T22:00:00+02:00;NO1;Primær Industri;37569,855;7482
2026-09-15T21:00:00+02:00;2026-09-15T22:00:00+02:00;NO1;Sekundær Industri;563483,796;15114
2026-09-15T21:00:00+02:00;2026-09-15T22:00:00+02:00;NO1;Tertiære Tjenester;988842,035;96218
2026-09-15T21:00:00+02:00;2026-09-15T22:00:00+02:00;NO2;Hytter og fritidseiendommer;38720,043;106609
2026-09-15T21:00:00+02:00;2026-09-15T22:00:00+02:00;NO2;Husholdning;975647,603;634389
2026-09-15T21:00:00+02:00;2026-09-15T22:00:00+02:00;NO2;Primær Industri;71165,124;5761
2026-09-15T21:00:00+02:00;2026-09-15T22:00:00+02:00;NO2;Sekundær Industri;2124095,084;12585
2026-09-15T21:00:00+02:00;2026-09-15T22:00:00+02:00;NO2;Tertiære Tjenester;563560,283;70967
2026-09-15T21:00:00+02:00;2026-09-15T22:00:00+02:00;NO3;Hytter og fritidseiendommer;27326,583;62801
2026-09-15T21:00:00+02:00;2026-09-15T22:00:00+02:00;NO3;Husholdning;665705,810;412174
2026-09-15T21:00:00+02:00;2026-09-15T22:00:00+02:00;NO3;Primær Industri;93214,070;10286
2026-09-15T21:00:00+02:00;2026-09-15T22:00:00+02:00;NO3;Sekundær Industri;1761711,954;9245
2026-09-15T21:00:00+02:00;2026-09-15T22:00:00+02:00;NO3;Tertiære Tjenester;434405,389;52398
2026-09-15T21:00:00+02:00;2026-09-15T22:00:00+02:00;NO4;Hytter og fritidseiendommer;26702,968;44166
2026-09-15T21:00:00+02:00;2026-09-15T22:00:00+02:00;NO4;Husholdning;443279,995;245814
2026-09-15T21:00:00+02:00;2026-09-15T22:00:00+02:00;NO4;Primær Industri;67179,017;3977
2026-09-15T21:00:00+02:00;2026-09-15T22:00:00+02:00;NO4;Sekundær Industri;1210909,927;6125
2026-09-15T21:00:00+02:00;2026-09-15T22:00:00+02:00;NO4;Tertiære Tjenester;346736,424;40300
2026-09-15T21:00:00+02:00;2026-09-15T22:00:00+02:00;NO5;Hytter og fritidseiendommer;23796,205;48408
2026-09-15T21:00:00+02:00;2026-09-15T22:00:00+02:00;NO5;Husholdning;419655,515;260409
2026-09-15T21:00:00+02:00;2026-09-15T22:00:00+02:00;NO5;Primær Industri;13299,430;1954
2026-09-15T21:00:00+02:00;2026-09-15T22:00:00+02:00;NO5;Sekundær Industri;1074517,443;5021
2026-09-15T21:00:00+02:00;2026-09-15T22:00:00+02:00;NO5;Tertiære Tjenester;240116,820;27953
2026-09-15T22:00:00+02:00;2026-09-15T23:00:00+02:00;NO1;Hytter og fritidseiendommer;45253,477;110805
2026-09-15T22:00:00+02:00;2026-09-15T23:00:00+02:00;NO1;Husholdning;1539376,843;1122246
2026-09-15T22:00:00+02:00;2026-09-15T23:00:00+02:00;NO1;Primær Industri;33333,036;7482
2026-09-15T22:00:00+02:00;2026-09-15T23:00:00+02:00;NO1;Sekundær Industri;550504,544;15114
2026-09-15T22:00:00+02:00;2026-09-15T23:00:00+02:00;NO1;Tertiære Tjenester;922904,333;96218
2026-09-15T22:00:00+02:00;2026-09-15T23:00:00+02:00;NO2;Hytter og fritidseiendommer;38435,867;106609
2026-09-15T22:00:00+02:00;2026-09-15T23:00:00+02:00;NO2;Husholdning;930240,251;634389
2026-09-15T22:00:00+02:00;2026-09-15T23:00:00+02:00;NO2;Primær Industri;62925,646;5761
2026-09-15T22:00:00+02:00;2026-09-15T23:00:00+02:00;NO2;Sekundær Industri;2106026,843;12585
2026-09-15T22:00:00+02:00;2026-09-15T23:00:00+02:00;NO2;Tertiære Tjenester;529488,470;70967
2026-09-15T22:00:00+02:00;2026-09-15T23:00:00+02:00;NO3;Hytter og fritidseiendommer;26927,515;62801
2026-09-15T22:00:00+02:00;2026-09-15T23:00:00+02:00;NO3;Husholdning;644453,518;412174
2026-09-15T22:00:00+02:00;2026-09-15T23:00:00+02:00;NO3;Primær Industri;89197,333;10286
2026-09-15T22:00:00+02:00;2026-09-15T23:00:00+02:00;NO3;Sekundær Industri;1746369,832;9245
2026-09-15T22:00:00+02:00;2026-09-15T23:00:00+02:00;NO3;Tertiære Tjenester;414779,990;52398
2026-09-15T22:00:00+02:00;2026-09-15T23:00:00+02:00;NO4;Hytter og fritidseiendommer;26223,335;44166
2026-09-15T22:00:00+02:00;2026-09-15T23:00:00+02:00;NO4;Husholdning;430955,441;245814
2026-09-15T22:00:00+02:00;2026-09-15T23:00:00+02:00;NO4;Primær Industri;66069,233;3977
2026-09-15T22:00:00+02:00;2026-09-15T23:00:00+02:00;NO4;Sekundær Industri;1212167,494;6125
2026-09-15T22:00:00+02:00;2026-09-15T23:00:00+02:00;NO4;Tertiære Tjenester;333248,040;40300
2026-09-15T22:00:00+02:00;2026-09-15T23:00:00+02:00;NO5;Hytter og fritidseiendommer;23687,570;48408
2026-09-15T22:00:00+02:00;2026-09-15T23:00:00+02:00;NO5;Husholdning;406046,431;260409
2026-09-15T22:00:00+02:00;2026-09-15T23:00:00+02:00;NO5;Primær Industri;13436,250;1954
2026-09-15T22:00:00+02:00;2026-09-15T23:00:00+02:00;NO5;Sekundær Industri;1069427,073;5021
2026-09-15T22:00:00+02:00;2026-09-15T23:00:00+02:00;NO5;Tertiære Tjenester;221149,748;27953
2026-09-15T23:00:00+02:00;2026-09-16T00:00:00+02:00;NO1;Hytter og fritidseiendommer;43992,372;110805
2026-09-15T23:00:00+02:00;2026-09-16T00:00:00+02:00;NO1;Husholdning;1370038,395;1122246
2026-09-15T23:00:00+02:00;2026-09-16T00:00:00+02:00;NO1;Primær Industri;30421,294;7482
2026-09-15T23:00:00+02:00;2026-09-16T00:00:00+02:00;NO1;Sekundær Industri;534624,796;15114
2026-09-15T23:00:00+02:00;2026-09-16T00:00:00+02:00;NO1;Tertiære Tjenester;859086,086;96218
2026-09-15T23:00:00+02:00;2026-09-16T00:00:00+02:00;NO2;Hytter og fritidseiendommer;37524,113;106609
2026-09-15T23:00:00+02:00;2026-09-16T00:00:00+02:00;NO2;Husholdning;838813,582;634389
2026-09-15T23:00:00+02:00;2026-09-16T00:00:00+02:00;NO2;Primær Industri;59109,082;5761
2026-09-15T23:00:00+02:00;2026-09-16T00:00:00+02:00;NO2;Sekundær Industri;2086777,825;12585
2026-09-15T23:00:00+02:00;2026-09-16T00:00:00+02:00;NO2;Tertiære Tjenester;491700,759;70967
2026-09-15T23:00:00+02:00;2026-09-16T00:00:00+02:00;NO3;Hytter og fritidseiendommer;26109,456;62801
2026-09-15T23:00:00+02:00;2026-09-16T00:00:00+02:00;NO3;Husholdning;589010,543;412174
2026-09-15T23:00:00+02:00;2026-09-16T00:00:00+02:00;NO3;Primær Industri;84514,655;10286
2026-09-15T23:00:00+02:00;2026-09-16T00:00:00+02:00;NO3;Sekundær Industri;1730008,288;9245
2026-09-15T23:00:00+02:00;2026-09-16T00:00:00+02:00;NO3;Tertiære Tjenester;389529,932;52398
2026-09-15T23:00:00+02:00;2026-09-16T00:00:00+02:00;NO4;Hytter og fritidseiendommer;25548,298;44166
2026-09-15T23:00:00+02:00;2026-09-16T00:00:00+02:00;NO4;Husholdning;399739,668;245814
2026-09-15T23:00:00+02:00;2026-09-16T00:00:00+02:00;NO4;Primær Industri;64603,895;3977
2026-09-15T23:00:00+02:00;2026-09-16T00:00:00+02:00;NO4;Sekundær Industri;1190232,160;6125
2026-09-15T23:00:00+02:00;2026-09-16T00:00:00+02:00;NO4;Tertiære Tjenester;317273,424;40300
2026-09-15T23:00:00+02:00;2026-09-16T00:00:00+02:00;NO5;Hytter og fritidseiendommer;23055,328;48408
2026-09-15T23:00:00+02:00;2026-09-16T00:00:00+02:00;NO5;Husholdning;365981,354;260409
2026-09-15T23:00:00+02:00;2026-09-16T00:00:00+02:00;NO5;Primær Industri;12885,278;1954
2026-09-15T23:00:00+02:00;2026-09-16T00:00:00+02:00;NO5;Sekundær Industri;1064540,779;5021
2026-09-15T23:00:00+02:00;2026-09-16T00:00:00+02:00;NO5;Tertiære Tjenester;206738,322;27953
