Latitude (decimal degrees):	59.794
Longitude (decimal degrees):	7.568
Elevation (m):	914
Radiation database:	PVGIS-SARAH3


Slope: 46 deg. (optimum)
Azimuth: - deg. 
Nominal power of the PV system (c-Si) (kWp):	1.0
System losses (%):	14.0
time,P,G(i),H_sun,T2m,WS10m,Int
20200101:0011,0.0,0.0,0.0,-0.65,5.86,0.0
20200101:0111,0.0,0.0,0.0,-0.45,6.21,0.0
20200101:0211,0.0,0.0,0.0,-0.68,6.14,0.0
20200101:0311,0.0,0.0,0.0,-0.78,5.86,0.0
20200101:0411,0.0,0.0,0.0,-0.88,5.45,0.0
20200101:0511,0.0,0.0,0.0,-1.16,5.24,0.0
20200101:0611,0.0,0.0,0.0,-1.6,5.1,0.0
20200101:0711,0.0,0.0,0.0,-1.48,4.34,0.0
20200101:0811,0.0,0.0,0.0,-1.48,4.34,0.0
20200101:0911,1.97,9.75,2.26,-1.36,4.28,0.0
20200101:1011,2.72,11.12,5.52,-1.31,4.0,0.0
20200101:1111,26.17,42.94,7.08,-1.2,3.72,0.0
20200101:1211,231.93,262.92,6.83,-1.03,3.86,0.0
20200101:1311,5.17,15.22,4.78,-0.62,4.07,0.0
20200101:1411,0.0,0.0,0.0,-0.67,4.07,0.0
20200101:1511,0.0,0.0,0.0,-0.75,4.07,0.0
20200101:1611,0.0,0.0,0.0,-0.5,4.48,0.0
20200101:1711,0.0,0.0,0.0,-0.24,5.03,0.0
20200101:1811,0.0,0.0,0.0,-0.07,5.24,0.0
20200101:1911,0.0,0.0,0.0,0.11,4.69,0.0
20200101:2011,0.0,0.0,0.0,0.27,4.55,0.0
20200101:2111,0.0,0.0,0.0,0.12,4.34,0.0
20200101:2211,0.0,0.0,0.0,0.03,4.48,0.0
20200101:2311,0.0,0.0,0.0,-0.01,4.48,0.0
20200102:0011,0.0,0.0,0.0,-0.34,4.34,0.0
20200102:0111,0.0,0.0,0.0,-0.3,4.34,0.0
20200102:0211,0.0,0.0,0.0,-0.35,4.28,0.0
20200102:0311,0.0,0.0,0.0,-0.48,4.14,0.0
20200102:0411,0.0,0.0,0.0,-0.43,3.79,0.0
20200102:0511,0.0,0.0,0.0,-0.68,3.38,0.0
20200102:0611,0.0,0.0,0.0,-0.81,3.03,0.0
20200102:0711,0.0,0.0,0.0,-0.62,3.17,0.0
20200102:0811,0.0,0.0,0.0,-0.54,3.31,0.0
20200102:0911,0.0,1.62,2.32,-0.14,3.59,0.0
20200102:1011,0.0,5.13,5.58,-0.11,3.59,0.0
20200102:1111,1.02,7.9,7.16,0.33,3.79,0.0
20200102:1211,0.6,6.99,6.92,0.47,4.07,0.0
20200102:1311,0.0,4.23,4.89,0.3,4.55,0.0
20200102:1411,0.0,0.0,0.0,0.27,4.62,0.0
20200102:1511,0.0,0.0,0.0,0.15,4.69,0.0
20200102:1611,0.0,0.0,0.0,0.08,4.69,0.0
20200102:1711,0.0,0.0,0.0,0.19,4.69,0.0
20200102:1811,0.0,0.0,0.0,0.1,4.97,0.0
20200102:1911,0.0,0.0,0.0,0.6,4.97,0.0
20200102:2011,0.0,0.0,0.0,0.62,4.9,0.0
20200102:2111,0.0,0.0,0.0,0.67,4.9,0.0
20200102:2211,0.0,0.0,0.0,0.65,4.69,0.0
20200102:2311,0.0,0.0,0.0,0.61,4.55,0.0
20200103:0011,0.0,0.0,0.0,0.69,4.62,0.0
20200103:0111,0.0,0.0,0.0,0.79,4.83,0.0
20200103:0211,0.0,0.0,0.0,1.07,4.69,0.0
20200103:0311,0.0,0.0,0.0,1.14,4.76,0.0
20200103:0411,0.0,0.0,0.0,0.26,5.66,0.0
20200103:0511,0.0,0.0,0.0,-1.33,5.86,0.0
20200103:0611,0.0,0.0,0.0,-2.67,6.55,0.0
20200103:0711,0.0,0.0,0.0,-2.92,6.21,0.0
20200103:0811,0.0,0.0,0.0,-3.49,6.07,0.0
20200103:0911,0.0,1.62,2.38,-3.56,6.69,0.0
20200103:1011,0.21,5.99,5.66,-3.6,6.97,0.0
20200103:1111,1.06,7.89,7.25,-4.01,6.41,0.0
20200103:1211,26.61,42.92,7.02,-4.42,6.14,0.0
20200103:1311,0.0,5.08,5.0,-4.65,6.28,0.0
20200103:1411,0.0,0.0,0.0,-4.25,6.07,0.0
20200103:1511,0.0,0.0,0.0,-4.0,6.48,0.0
20200103:1611,0.0,0.0,0.0,-3.86,7.03,0.0
20200103:1711,0.0,0.0,0.0,-4.31,7.86,0.0
20200103:1811,0.0,0.0,0.0,-4.57,7.45,0.0
20200103:1911,0.0,0.0,0.0,-3.9,4.97,0.0
20200103:2011,0.0,0.0,0.0,-4.04,6.34,0.0
20200103:2111,0.0,0.0,0.0,-4.97,6.55,0.0
20200103:2211,0.0,0.0,0.0,-5.66,6.0,0.0
20200103:2311,0.0,0.0,0.0,-6.44,6.62,0.0
20200104:0011,0.0,0.0,0.0,-7.02,6.34,0.0
20200104:0111,0.0,0.0,0.0,-6.78,6.21,0.0
20200104:0211,0.0,0.0,0.0,-6.35,6.41,0.0
20200104:0311,0.0,0.0,0.0,-5.85,6.48,0.0
20200104:0411,0.0,0.0,0.0,-5.52,6.41,0.0
20200104:0511,0.0,0.0,0.0,-5.32,6.28,0.0
20200104:0611,0.0,0.0,0.0,-5.17,5.86,0.0
20200104:0711,0.0,0.0,0.0,-5.21,5.45,0.0
20200104:0811,0.0,0.0,0.0,-5.59,5.03,0.0
20200104:0911,0.0,1.62,2.44,-5.85,4.9,0.0
20200104:1011,0.99,7.7,5.74,-5.81,4.9,0.0
20200104:1111,1.08,7.89,7.34,-5.82,4.9,0.0
20200104:1211,1.07,7.87,7.13,-5.98,4.69,0.0
20200104:1311,0.2,5.93,5.12,-6.28,4.34,0.0
20200104:1411,0.0,0.0,0.0,-6.74,4.07,0.0
20200104:1511,0.0,0.0,0.0,-7.12,3.86,0.0
20200104:1611,0.0,0.0,0.0,-7.41,3.45,0.0
20200104:1711,0.0,0.0,0.0,-8.12,2.97,0.0
20200104:1811,0.0,0.0,0.0,-8.73,2.55,0.0
20200104:1911,0.0,0.0,0.0,-8.95,2.07,0.0
20200104:2011,0.0,0.0,0.0,-9.76,1.93,0.0
20200104:2111,0.0,0.0,0.0,-10.09,1.86,0.0
20200104:2211,0.0,0.0,0.0,-10.13,2.0,0.0
20200104:2311,0.0,0.0,0.0,-10.0,1.93,0.0
20200105:0011,0.0,0.0,0.0,-9.75,1.93,0.0
20200105:0111,0.0,0.0,0.0,-9.02,1.93,0.0
20200105:0211,0.0,0.0,0.0,-8.17,1.66,0.0
20200105:0311,0.0,0.0,0.0,-7.57,1.31,0.0
20200105:0411,0.0,0.0,0.0,-7.18,1.03,0.0
20200105:0511,0.0,0.0,0.0,-6.83,0.9,0.0
20200105:0611,0.0,0.0,0.0,-6.54,0.97,0.0
20200105:0711,0.0,0.0,0.0,-6.44,1.03,0.0
20200105:0811,0.0,0.0,0.0,-6.01,1.31,0.0
20200105:0911,0.0,1.62,2.52,-5.52,1.52,0.0
20200105:1011,8.29,19.66,5.83,-4.79,1.79,0.0
20200105:1111,17.09,31.57,7.44,-3.51,2.28,0.0
20200105:1211,85.93,108.92,7.25,-1.92,3.38,0.0
20200105:1311,0.0,5.08,5.25,-1.2,3.86,0.0
20200105:1411,0.0,0.8,1.6,-0.71,4.34,0.0
20200105:1511,0.0,0.0,0.0,-0.42,4.55,0.0
20200105:1611,0.0,0.0,0.0,-0.3,4.48,0.0
20200105:1711,0.0,0.0,0.0,0.18,4.41,0.0
20200105:1811,0.0,0.0,0.0,0.42,4.55,0.0
20200105:1911,0.0,0.0,0.0,0.35,4.0,0.0
20200105:2011,0.0,0.0,0.0,-0.18,3.59,0.0
20200105:2111,0.0,0.0,0.0,-0.54,3.1,0.0
20200105:2211,0.0,0.0,0.0,-0.66,2.62,0.0
20200105:2311,0.0,0.0,0.0,-0.38,2.07,0.0
20200106:0011,0.0,0.0,0.0,-0.61,1.59,0.0
20200106:0111,0.0,0.0,0.0,-0.61,1.24,0.0
20200106:0211,0.0,0.0,0.0,-0.27,1.1,0.0
20200106:0311,0.0,0.0,0.0,-0.48,1.17,0.0
20200106:0411,0.0,0.0,0.0,-0.42,1.17,0.0
20200106:0511,0.0,0.0,0.0,-0.4,1.24,0.0
20200106:0611,0.0,0.0,0.0,-0.27,1.24,0.0
20200106:0711,0.0,0.0,0.0,-0.08,1.17,0.0
20200106:0811,0.0,0.0,0.0,0.36,1.03,0.0
20200106:0911,0.0,1.62,2.6,0.3,1.1,0.0
20200106:1011,0.18,5.98,5.92,0.64,1.03,0.0
20200106:1111,1.01,7.89,7.56,0.53,1.17,0.0
20200106:1211,1.0,7.87,7.37,0.4,1.38,0.0
20200106:1311,0.0,5.08,5.38,0.6,1.52,0.0
20200106:1411,0.0,0.8,1.74,0.56,1.66,0.0
20200106:1511,0.0,0.0,0.0,0.59,1.93,0.0
20200106:1611,0.0,0.0,0.0,0.61,2.21,0.0
20200106:1711,0.0,0.0,0.0,0.51,2.69,0.0
20200106:1811,0.0,0.0,0.0,0.0,3.1,0.0
20200106:1911,0.0,0.0,0.0,-0.79,2.76,0.0
20200106:2011,0.0,0.0,0.0,-0.97,2.48,0.0
20200106:2111,0.0,0.0,0.0,-0.85,2.34,0.0
20200106:2211,0.0,0.0,0.0,-0.99,2.21,0.0
20200106:2311,0.0,0.0,0.0,-1.14,1.93,0.0
20200107:0011,0.0,0.0,0.0,-0.96,1.86,0.0
20200107:0111,0.0,0.0,0.0,-1.09,1.72,0.0
20200107:0211,0.0,0.0,0.0,-1.12,1.59,0.0
20200107:0311,0.0,0.0,0.0,-1.14,1.59,0.0
20200107:0411,0.0,0.0,0.0,-1.1,1.66,0.0
20200107:0511,0.0,0.0,0.0,-1.11,1.79,0.0
20200107:0611,0.0,0.0,0.0,-0.98,2.0,0.0
20200107:0711,0.0,0.0,0.0,-1.72,2.28,0.0
20200107:0811,0.0,0.0,0.0,-1.6,2.48,0.0
20200107:0911,0.0,1.62,2.69,-1.73,2.69,0.0
20200107:1011,22.71,38.49,6.03,-2.23,2.62,0.0
20200107:1111,1.04,7.89,7.67,-2.31,2.28,0.0
20200107:1211,6.7,17.49,7.5,-2.47,2.34,0.0
20200107:1311,3.67,12.72,5.52,-2.23,2.97,0.0
20200107:1411,0.0,0.8,1.89,-2.06,3.66,0.0
20200107:1511,0.0,0.0,0.0,-1.76,4.21,0.0
20200107:1611,0.0,0.0,0.0,-1.42,4.48,0.0
20200107:1711,0.0,0.0,0.0,-0.88,4.14,0.0
20200107:1811,0.0,0.0,0.0,-0.29,3.86,0.0
20200107:1911,0.0,0.0,0.0,0.3,4.21,0.0
20200107:2011,0.0,0.0,0.0,0.78,4.55,0.0
20200107:2111,0.0,0.0,0.0,1.22,4.83,0.0
20200107:2211,0.0,0.0,0.0,1.61,4.48,0.0
20200107:2311,0.0,0.0,0.0,1.79,4.34,0.0
20200108:0011,0.0,0.0,0.0,2.74,4.69,0.0
20200108:0111,0.0,0.0,0.0,3.1,4.55,0.0
20200108:0211,0.0,0.0,0.0,2.97,4.48,0.0
20200108:0311,0.0,0.0,0.0,2.67,4.9,0.0
20200108:0411,0.0,0.0,0.0,1.68,4.97,0.0
20200108:0511,0.0,0.0,0.0,1.06,5.38,0.0
20200108:0611,0.0,0.0,0.0,0.04,6.34,0.0
20200108:0711,0.0,0.0,0.0,-0.99,5.59,0.0
20200108:0811,0.0,0.0,0.0,-1.87,4.76,0.0
20200108:0911,68.68,89.08,2.78,-1.98,4.62,0.0
20200108:1011,0.2,5.98,6.14,-1.93,5.1,0.0
20200108:1111,1.47,8.77,7.8,-1.94,5.45,0.0
20200108:1211,395.88,434.02,7.64,-1.92,5.93,0.0
20200108:1311,61.85,82.43,5.67,-2.17,6.21,0.0
20200108:1411,0.0,0.8,2.04,-2.44,6.0,0.0
20200108:1511,0.0,0.0,0.0,-2.47,5.86,0.0
20200108:1611,0.0,0.0,0.0,-2.48,5.86,0.0
20200108:1711,0.0,0.0,0.0,-2.39,5.93,0.0
20200108:1811,0.0,0.0,0.0,-2.45,5.86,0.0
20200108:1911,0.0,0.0,0.0,-2.25,5.31,0.0
20200108:2011,0.0,0.0,0.0,-2.23,5.72,0.0
20200108:2111,0.0,0.0,0.0,-2.12,6.07,0.0
20200108:2211,0.0,0.0,0.0,-2.28,6.34,0.0
20200108:2311,0.0,0.0,0.0,-2.1,6.14,0.0
20200109:0011,0.0,0.0,0.0,-2.05,5.52,0.0
20200109:0111,0.0,0.0,0.0,-2.01,5.17,0.0
20200109:0211,0.0,0.0,0.0,-2.32,4.76,0.0
20200109:0311,0.0,0.0,0.0,-2.72,4.14,0.0
20200109:0411,0.0,0.0,0.0,-3.26,3.52,0.0
20200109:0511,0.0,0.0,0.0,-3.82,3.17,0.0
20200109:0611,0.0,0.0,0.0,-4.05,2.62,0.0
20200109:0711,0.0,0.0,0.0,-4.02,1.31,0.0
20200109:0811,0.0,0.0,0.0,-4.24,1.1,0.0
20200109:0911,0.0,2.43,2.89,-3.72,0.62,0.0
20200109:1011,4.8,14.52,6.26,-3.49,0.21,0.0
20200109:1111,145.77,172.4,7.93,-3.48,0.34,0.0
20200109:1211,3.93,13.12,7.78,-3.21,0.14,0.0
20200109:1311,0.19,5.94,5.82,-3.66,0.41,0.0
20200109:1411,0.0,1.6,2.2,-3.96,0.62,0.0
20200109:1511,0.0,0.0,0.0,-4.27,0.97,0.0
20200109:1611,0.0,0.0,0.0,-4.53,1.1,0.0
20200109:1711,0.0,0.0,0.0,-4.84,1.24,0.0
20200109:1811,0.0,0.0,0.0,-5.1,1.31,0.0
20200109:1911,0.0,0.0,0.0,-5.39,1.66,0.0
20200109:2011,0.0,0.0,0.0,-5.81,1.72,0.0
20200109:2111,0.0,0.0,0.0,-6.47,1.59,0.0
20200109:2211,0.0,0.0,0.0,-7.21,1.72,0.0
20200109:2311,0.0,0.0,0.0,-7.78,1.86,0.0
20200110:0011,0.0,0.0,0.0,-8.16,1.79,0.0
20200110:0111,0.0,0.0,0.0,-8.54,1.86,0.0
20200110:0211,0.0,0.0,0.0,-8.63,1.93,0.0
20200110:0311,0.0,0.0,0.0,-8.78,1.93,0.0
20200110:0411,0.0,0.0,0.0,-9.06,2.0,0.0
20200110:0511,0.0,0.0,0.0,-9.48,1.93,0.0
20200110:0611,0.0,0.0,0.0,-9.85,1.93,0.0
20200110:0711,0.0,0.0,0.0,-10.44,1.79,0.0
20200110:0811,0.0,0.0,0.0,-11.67,1.86,0.0
20200110:0911,0.0,2.43,3.0,-12.35,2.0,0.0
20200110:1011,5.64,15.37,6.38,-12.13,1.93,0.0
20200110:1111,1.6,8.77,8.07,-11.61,1.93,0.0
20200110:1211,1.58,8.75,7.94,-11.09,1.93,0.0
20200110:1311,0.61,6.79,5.98,-10.64,1.93,0.0
20200110:1411,0.0,1.6,2.37,-10.59,1.86,0.0
20200110:1511,0.0,0.0,0.0,-10.42,1.93,0.0
20200110:1611,0.0,0.0,0.0,-10.34,1.86,0.0
20200110:1711,0.0,0.0,0.0,-10.57,1.79,0.0
20200110:1811,0.0,0.0,0.0,-10.42,1.66,0.0
20200110:1911,0.0,0.0,0.0,-10.62,1.45,0.0
20200110:2011,0.0,0.0,0.0,-9.5,1.17,0.0
20200110:2111,0.0,0.0,0.0,-8.58,1.1,0.0
20200110:2211,0.0,0.0,0.0,-7.88,0.97,0.0
20200110:2311,0.0,0.0,0.0,-7.24,0.9,0.0
20200111:0011,0.0,0.0,0.0,-7.83,1.38,0.0
20200111:0111,0.0,0.0,0.0,-7.85,1.66,0.0
20200111:0211,0.0,0.0,0.0,-8.01,2.0,0.0
20200111:0311,0.0,0.0,0.0,-7.39,2.34,0.0
20200111:0411,0.0,0.0,0.0,-5.39,2.9,0.0
20200111:0511,0.0,0.0,0.0,-4.49,3.38,0.0
20200111:0611,0.0,0.0,0.0,-3.57,3.93,0.0
20200111:0711,0.0,0.0,0.0,-2.53,4.28,0.0
20200111:0811,0.0,0.0,0.0,-1.93,4.41,0.0
20200111:0911,0.0,2.43,3.12,-1.3,4.62,0.0
20200111:1011,10.49,23.05,6.52,-0.7,4.55,0.0
20200111:1111,31.0,48.98,8.22,-0.11,4.48,0.0
20200111:1211,528.18,588.73,8.09,0.27,4.34,0.0
20200111:1311,1.3,8.49,6.15,0.39,3.86,0.0
20200111:1411,0.0,1.6,2.54,0.46,3.59,0.0
20200111:1511,0.0,0.0,0.0,0.5,3.1,0.0
20200111:1611,0.0,0.0,0.0,0.59,2.97,0.0
20200111:1711,0.0,0.0,0.0,0.66,2.55,0.0
20200111:1811,0.0,0.0,0.0,0.52,2.0,0.0
20200111:1911,0.0,0.0,0.0,0.25,1.45,0.0
20200111:2011,0.0,0.0,0.0,0.24,2.07,0.0
20200111:2111,0.0,0.0,0.0,0.39,2.9,0.0
20200111:2211,0.0,0.0,0.0,0.1,3.17,0.0
20200111:2311,0.0,0.0,0.0,-0.16,3.31,0.0
20200112:0011,0.0,0.0,0.0,-0.33,3.03,0.0
20200112:0111,0.0,0.0,0.0,-0.69,3.17,0.0
20200112:0211,0.0,0.0,0.0,-0.69,3.79,0.0
20200112:0311,0.0,0.0,0.0,-0.87,4.07,0.0
20200112:0411,0.0,0.0,0.0,-1.1,4.83,0.0
20200112:0511,0.0,0.0,0.0,-1.79,4.97,0.0
20200112:0611,0.0,0.0,0.0,-2.25,5.1,0.0
20200112:0711,0.0,0.0,0.0,-2.38,4.62,0.0
20200112:0811,0.0,0.0,0.0,-2.86,4.48,0.0
20200112:0911,0.0,3.24,3.24,-3.05,4.07,0.0
20200112:1011,7.05,17.92,6.66,-3.64,3.45,0.0
20200112:1111,1.95,9.64,8.37,-3.86,3.1,0.0
20200112:1211,94.25,117.09,8.26,-3.89,3.1,0.0
20200112:1311,11.22,23.78,6.33,-4.12,2.83,0.0
20200112:1411,0.0,1.61,2.72,-4.4,2.9,0.0
20200112:1511,0.0,0.0,0.0,-4.73,2.97,0.0
20200112:1611,0.0,0.0,0.0,-4.71,3.03,0.0
20200112:1711,0.0,0.0,0.0,-5.0,3.03,0.0
20200112:1811,0.0,0.0,0.0,-5.51,2.9,0.0
20200112:1911,0.0,0.0,0.0,-5.04,3.03,0.0
20200112:2011,0.0,0.0,0.0,-4.91,2.21,0.0
20200112:2111,0.0,0.0,0.0,-5.35,2.07,0.0
20200112:2211,0.0,0.0,0.0,-6.03,2.21,0.0
20200112:2311,0.0,0.0,0.0,-6.01,2.76,0.0
20200113:0011,0.0,0.0,0.0,-6.13,2.97,0.0
20200113:0111,0.0,0.0,0.0,-5.96,3.03,0.0
20200113:0211,0.0,0.0,0.0,-5.66,2.9,0.0
20200113:0311,0.0,0.0,0.0,-5.39,2.55,0.0
20200113:0411,0.0,0.0,0.0,-5.3,2.69,0.0
20200113:0511,0.0,0.0,0.0,-5.15,2.69,0.0
20200113:0611,0.0,0.0,0.0,-4.94,2.69,0.0
20200113:0711,0.0,0.0,0.0,-4.79,2.55,0.0
20200113:0811,0.0,0.0,0.0,-4.19,2.97,0.0
20200113:0911,0.0,4.86,3.38,-4.13,3.1,0.0
20200113:1011,0.57,6.83,6.8,-4.55,2.9,0.0
20200113:1111,1.95,9.64,8.53,-4.19,2.34,0.0
20200113:1211,1.94,9.63,8.43,-3.74,2.28,0.0
20200113:1311,0.55,6.8,6.51,-3.65,2.41,0.0
20200113:1411,0.0,2.41,2.91,-3.5,2.34,0.0
20200113:1511,0.0,0.0,0.0,-4.0,2.34,0.0
20200113:1611,0.0,0.0,0.0,-4.0,2.21,0.0
20200113:1711,0.0,0.0,0.0,-3.65,2.41,0.0
20200113:1811,0.0,0.0,0.0,-3.47,2.97,0.0
20200113:1911,0.0,0.0,0.0,-2.96,3.79,0.0
20200113:2011,0.0,0.0,0.0,-2.67,4.07,0.0
20200113:2111,0.0,0.0,0.0,-2.38,4.34,0.0
20200113:2211,0.0,0.0,0.0,-2.04,4.55,0.0
20200113:2311,0.0,0.0,0.0,-1.77,4.9,0.0
20200114:0011,0.0,0.0,0.0,-1.63,5.52,0.0
20200114:0111,0.0,0.0,0.0,-1.64,5.59,0.0
20200114:0211,0.0,0.0,0.0,-1.7,5.52,0.0
20200114:0311,0.0,0.0,0.0,-1.71,5.52,0.0
20200114:0411,0.0,0.0,0.0,-1.69,4.9,0.0
20200114:0511,0.0,0.0,0.0,-1.71,3.38,0.0
20200114:0611,0.0,0.0,0.0,-1.97,2.21,0.0
20200114:0711,0.0,0.0,0.0,-2.19,2.21,0.0
20200114:0811,0.0,0.0,0.0,-1.7,2.69,0.0
20200114:0911,0.0,3.24,3.52,-1.24,3.52,0.0
20200114:1011,15.59,29.86,6.96,-1.28,4.55,0.0
20200114:1111,580.37,640.57,8.7,-1.61,5.03,0.0
20200114:1211,1.92,9.63,8.61,-2.14,4.97,0.0
20200114:1311,0.55,6.8,6.69,-2.48,4.34,0.0
20200114:1411,333.73,365.46,3.1,-2.94,3.86,0.0
20200114:1511,0.0,0.0,0.0,-3.23,3.59,0.0
20200114:1611,0.0,0.0,0.0,-3.39,3.31,0.0
20200114:1711,0.0,0.0,0.0,-3.7,2.76,0.0
20200114:1811,0.0,0.0,0.0,-3.68,2.76,0.0
20200114:1911,0.0,0.0,0.0,-2.76,2.97,0.0
20200114:2011,0.0,0.0,0.0,-2.38,2.97,0.0
20200114:2111,0.0,0.0,0.0,-2.09,2.83,0.0
20200114:2211,0.0,0.0,0.0,-1.91,2.9,0.0
20200114:2311,0.0,0.0,0.0,-1.84,2.97,0.0
20200115:0011,0.0,0.0,0.0,-1.93,2.28,0.0
20200115:0111,0.0,0.0,0.0,-1.96,1.38,0.0
20200115:0211,0.0,0.0,0.0,-2.08,1.66,0.0
20200115:0311,0.0,0.0,0.0,-1.68,2.9,0.0
20200115:0411,0.0,0.0,0.0,-1.58,4.34,0.0
20200115:0511,0.0,0.0,0.0,-1.34,5.31,0.0
20200115:0611,0.0,0.0,0.0,-2.21,4.76,0.0
20200115:0711,0.0,0.0,0.0,-2.44,4.21,0.0
20200115:0811,0.0,0.0,0.0,-2.7,4.21,0.0
20200115:0911,0.0,3.24,3.66,-2.94,4.34,0.0
20200115:1011,0.95,7.68,7.12,-2.96,4.41,0.0
20200115:1111,2.41,10.52,8.88,-2.94,4.0,0.0
20200115:1211,19.74,35.01,8.8,-2.76,4.07,0.0
20200115:1311,96.51,119.55,6.89,-2.62,3.93,0.0
20200115:1411,0.0,2.41,3.29,-2.42,3.86,0.0
20200115:1511,0.0,0.0,0.0,-2.51,3.38,0.0
20200115:1611,0.0,0.0,0.0,-3.06,3.24,0.0
20200115:1711,0.0,0.0,0.0,-3.47,2.9,0.0
20200115:1811,0.0,0.0,0.0,-3.21,3.38,0.0
20200115:1911,0.0,0.0,0.0,-2.31,3.66,0.0
20200115:2011,0.0,0.0,0.0,-2.67,3.79,0.0
20200115:2111,0.0,0.0,0.0,-2.07,4.34,0.0
20200115:2211,0.0,0.0,0.0,-1.14,4.62,0.0
20200115:2311,0.0,0.0,0.0,-0.78,4.76,0.0
20200116:0011,0.0,0.0,0.0,-0.71,4.69,0.0
20200116:0111,0.0,0.0,0.0,-0.82,4.55,0.0
20200116:0211,0.0,0.0,0.0,-1.12,4.21,0.0
20200116:0311,0.0,0.0,0.0,-1.09,4.69,0.0
20200116:0411,0.0,0.0,0.0,-0.8,4.62,0.0
20200116:0511,0.0,0.0,0.0,-0.76,4.48,0.0
20200116:0611,0.0,0.0,0.0,-0.63,4.28,0.0
20200116:0711,0.0,0.0,0.0,-0.9,4.62,0.0
20200116:0811,0.0,0.0,0.0,-0.98,4.28,0.0
20200116:0911,0.0,3.23,3.82,-0.66,4.62,0.0
20200116:1011,1.76,9.38,7.29,-0.4,4.97,0.0
20200116:1111,31.24,49.18,9.06,-0.59,5.17,0.0
20200116:1211,40.75,60.09,8.99,-1.01,4.76,0.0
20200116:1311,0.92,7.65,7.09,-1.3,4.62,0.0
20200116:1411,75.18,96.3,3.5,-1.75,4.14,0.0
20200116:1511,0.0,0.0,0.0,-2.09,3.24,0.0
20200116:1611,0.0,0.0,0.0,-2.52,2.41,0.0
20200116:1711,0.0,0.0,0.0,-2.76,1.59,0.0
20200116:1811,0.0,0.0,0.0,-3.48,1.24,0.0
20200116:1911,0.0,0.0,0.0,-3.65,2.14,0.0
20200116:2011,0.0,0.0,0.0,-2.78,2.41,0.0
20200116:2111,0.0,0.0,0.0,-1.7,2.97,0.0
20200116:2211,0.0,0.0,0.0,-1.11,3.72,0.0
20200116:2311,0.0,0.0,0.0,-1.12,3.52,0.0
20200117:0011,0.0,0.0,0.0,-1.19,3.31,0.0
20200117:0111,0.0,0.0,0.0,-0.92,3.52,0.0
20200117:0211,0.0,0.0,0.0,-0.79,3.45,0.0
20200117:0311,0.0,0.0,0.0,-0.79,3.03,0.0
20200117:0411,0.0,0.0,0.0,-0.78,2.69,0.0
20200117:0511,0.0,0.0,0.0,-0.79,2.34,0.0
20200117:0611,0.0,0.0,0.0,-0.79,2.0,0.0
20200117:0711,0.0,0.0,0.0,-0.52,1.86,0.0
20200117:0811,0.0,0.0,0.0,-0.41,1.79,0.0
20200117:0911,123.4,148.76,3.98,-0.23,1.66,0.0
20200117:1011,14.82,28.99,7.46,-0.05,1.45,0.0
20200117:1111,351.3,397.93,9.25,0.11,1.45,0.0
20200117:1211,2.35,10.51,9.19,0.21,1.45,0.0
20200117:1311,7.42,18.71,7.29,0.13,1.45,0.0
20200117:1411,0.0,3.22,3.71,0.16,1.38,0.0
20200117:1511,0.0,0.0,0.0,-0.06,1.38,0.0
20200117:1611,0.0,0.0,0.0,-0.05,1.31,0.0
20200117:1711,0.0,0.0,0.0,-0.14,1.31,0.0
20200117:1811,0.0,0.0,0.0,-0.33,1.31,0.0
20200117:1911,0.0,0.0,0.0,-0.06,0.97,0.0
20200117:2011,0.0,0.0,0.0,-0.19,0.83,0.0
20200117:2111,0.0,0.0,0.0,-0.74,1.03,0.0
20200117:2211,0.0,0.0,0.0,-1.06,1.24,0.0
20200117:2311,0.0,0.0,0.0,-1.01,1.31,0.0
20200118:0011,0.0,0.0,0.0,-0.64,1.52,0.0
20200118:0111,0.0,0.0,0.0,-0.47,1.66,0.0
20200118:0211,0.0,0.0,0.0,-0.47,1.59,0.0
20200118:0311,0.0,0.0,0.0,-0.62,1.31,0.0
20200118:0411,0.0,0.0,0.0,-0.68,0.97,0.0
20200118:0511,0.0,0.0,0.0,-1.08,0.97,0.0
20200118:0611,0.0,0.0,0.0,-2.2,1.66,0.0
20200118:0711,0.0,0.0,0.0,-2.31,1.59,0.0
20200118:0811,0.0,0.0,0.0,-2.71,1.79,0.0
20200118:0911,2.41,10.51,4.14,-3.07,1.79,0.0
20200118:1011,4.77,14.49,7.65,-2.89,1.79,0.0
20200118:1111,113.07,137.85,9.44,-2.88,1.93,0.0
20200118:1211,243.08,274.6,9.39,-2.85,2.14,0.0
20200118:1311,143.79,169.25,7.5,-3.16,2.41,0.0
20200118:1411,0.0,3.22,3.92,-3.56,2.55,0.0
20200118:1511,0.0,0.0,0.0,-3.84,2.62,0.0
20200118:1611,0.0,0.0,0.0,-4.26,2.62,0.0
20200118:1711,0.0,0.0,0.0,-4.8,2.48,0.0
20200118:1811,0.0,0.0,0.0,-5.11,2.83,0.0
20200118:1911,0.0,0.0,0.0,-4.91,2.9,0.0
20200118:2011,0.0,0.0,0.0,-4.96,2.9,0.0
20200118:2111,0.0,0.0,0.0,-5.14,2.69,0.0
20200118:2211,0.0,0.0,0.0,-5.44,2.41,0.0
20200118:2311,0.0,0.0,0.0,-5.95,2.62,0.0
20200119:0011,0.0,0.0,0.0,-5.85,2.83,0.0
20200119:0111,0.0,0.0,0.0,-5.72,3.03,0.0
20200119:0211,0.0,0.0,0.0,-5.25,3.52,0.0
20200119:0311,0.0,0.0,0.0,-4.68,4.07,0.0
20200119:0411,0.0,0.0,0.0,-4.48,4.41,0.0
20200119:0511,0.0,0.0,0.0,-4.46,4.69,0.0
20200119:0611,0.0,0.0,0.0,-4.73,4.34,0.0
20200119:0711,0.0,0.0,0.0,-5.56,3.24,0.0
20200119:0811,0.0,0.0,0.0,-6.15,2.97,0.0
20200119:0911,0.0,3.23,4.32,-6.67,2.83,0.0
20200119:1011,81.37,102.24,7.83,-6.77,2.55,0.0
20200119:1111,2.98,11.39,9.64,-6.69,2.55,0.0
20200119:1211,2.97,11.38,9.61,-6.41,2.48,0.0
20200119:1311,14.61,28.08,7.72,-6.2,2.55,0.0
20200119:1411,0.0,3.22,4.14,-6.04,2.41,0.0
20200119:1511,0.0,0.0,0.0,-6.15,2.28,0.0
20200119:1611,0.0,0.0,0.0,-5.94,2.21,0.0
20200119:1711,0.0,0.0,0.0,-5.59,2.21,0.0
20200119:1811,0.0,0.0,0.0,-5.14,2.21,0.0
20200119:1911,0.0,0.0,0.0,-4.88,2.41,0.0
20200119:2011,0.0,0.0,0.0,-4.07,2.14,0.0
20200119:2111,0.0,0.0,0.0,-3.88,2.14,0.0
20200119:2211,0.0,0.0,0.0,-3.51,2.48,0.0
20200119:2311,0.0,0.0,0.0,-2.72,3.24,0.0
20200120:0011,0.0,0.0,0.0,-2.22,4.0,0.0
20200120:0111,0.0,0.0,0.0,-2.05,4.55,0.0
20200120:0211,0.0,0.0,0.0,-2.08,4.48,0.0
20200120:0311,0.0,0.0,0.0,-2.05,4.28,0.0
20200120:0411,0.0,0.0,0.0,-1.69,4.07,0.0
20200120:0511,0.0,0.0,0.0,-1.63,3.59,0.0
20200120:0611,0.0,0.0,0.0,-1.56,3.31,0.0
20200120:0711,0.0,0.0,0.0,-2.08,3.1,0.0
20200120:0811,0.0,0.0,0.0,-1.68,3.03,0.0
20200120:0911,0.0,4.04,4.5,-0.91,3.17,0.0
20200120:1011,1.33,8.52,8.03,-0.26,3.45,0.0
20200120:1111,2.84,11.39,9.85,0.39,3.79,0.0
20200120:1211,2.82,11.38,9.82,0.88,4.21,0.0
20200120:1311,1.31,8.51,7.94,1.13,4.48,0.0
20200120:1411,0.0,3.23,4.37,1.44,4.41,0.0
20200120:1511,0.0,0.0,0.0,1.43,4.41,0.0
20200120:1611,0.0,0.0,0.0,1.47,4.48,0.0
20200120:1711,0.0,0.0,0.0,1.35,4.69,0.0
20200120:1811,0.0,0.0,0.0,1.69,5.1,0.0
20200120:1911,0.0,0.0,0.0,1.6,4.76,0.0
20200120:2011,0.0,0.0,0.0,1.67,5.1,0.0
20200120:2111,0.0,0.0,0.0,1.68,5.24,0.0
20200120:2211,0.0,0.0,0.0,1.9,5.59,0.0
20200120:2311,0.0,0.0,0.0,1.88,5.93,0.0
20200121:0011,0.0,0.0,0.0,2.15,6.21,0.0
20200121:0111,0.0,0.0,0.0,2.32,6.41,0.0
20200121:0211,0.0,0.0,0.0,2.33,6.48,0.0
20200121:0311,0.0,0.0,0.0,2.38,6.83,0.0
20200121:0411,0.0,0.0,0.0,2.19,6.21,0.0
20200121:0511,0.0,0.0,0.0,2.56,5.72,0.0
20200121:0611,0.0,0.0,0.0,2.26,5.52,0.0
20200121:0711,0.0,0.0,0.0,1.74,4.21,0.0
20200121:0811,0.0,0.0,0.0,0.64,4.14,0.0
20200121:0911,0.0,4.04,4.69,-0.01,4.76,0.0
20200121:1011,5.8,16.19,8.23,-0.82,4.69,0.0
20200121:1111,12.88,26.28,10.07,-1.26,4.97,0.0
20200121:1211,2.87,11.39,10.05,-1.5,5.31,0.0
20200121:1311,1.34,8.52,8.17,-1.71,5.59,0.0
20200121:1411,4.27,13.72,4.6,-1.83,5.59,0.0
20200121:1511,0.0,0.0,0.0,-2.07,5.45,0.0
20200121:1611,0.0,0.0,0.0,-2.2,5.52,0.0
20200121:1711,0.0,0.0,0.0,-2.14,5.72,0.0
20200121:1811,0.0,0.0,0.0,-1.96,5.72,0.0
20200121:1911,0.0,0.0,0.0,-2.0,5.59,0.0
20200121:2011,0.0,0.0,0.0,-1.76,5.79,0.0
20200121:2111,0.0,0.0,0.0,-1.64,5.72,0.0
20200121:2211,0.0,0.0,0.0,-1.29,5.79,0.0
20200121:2311,0.0,0.0,0.0,-1.18,5.66,0.0
20200122:0011,0.0,0.0,0.0,-1.26,5.52,0.0
20200122:0111,0.0,0.0,0.0,-1.45,5.31,0.0
20200122:0211,0.0,0.0,0.0,-1.8,5.17,0.0
20200122:0311,0.0,0.0,0.0,-2.03,5.31,0.0
20200122:0411,0.0,0.0,0.0,-2.34,5.59,0.0
20200122:0511,0.0,0.0,0.0,-2.71,5.66,0.0
20200122:0611,0.0,0.0,0.0,-3.14,5.59,0.0
20200122:0711,0.0,0.0,0.0,-3.02,5.03,0.0
20200122:0811,0.0,0.0,0.0,-3.46,4.48,0.0
20200122:0911,88.82,110.2,4.88,-4.15,3.24,0.0
20200122:1011,2.75,11.08,8.44,-4.37,2.0,0.0
20200122:1111,3.45,12.26,10.29,-4.82,1.66,0.0
20200122:1211,3.45,12.26,10.28,-4.87,1.59,0.0
20200122:1311,1.82,9.37,8.41,-5.0,1.66,0.0
20200122:1411,3.88,12.92,4.83,-5.71,1.86,0.0
20200122:1511,0.0,0.0,0.0,-6.25,2.0,0.0
20200122:1611,0.0,0.0,0.0,-6.45,2.28,0.0
20200122:1711,0.0,0.0,0.0,-6.43,2.34,0.0
20200122:1811,0.0,0.0,0.0,-6.93,2.34,0.0
20200122:1911,0.0,0.0,0.0,-6.26,2.21,0.0
20200122:2011,0.0,0.0,0.0,-6.26,2.14,0.0
20200122:2111,0.0,0.0,0.0,-6.09,2.07,0.0
20200122:2211,0.0,0.0,0.0,-6.12,2.07,0.0
20200122:2311,0.0,0.0,0.0,-6.06,2.07,0.0
20200123:0011,0.0,0.0,0.0,-5.82,2.14,0.0
20200123:0111,0.0,0.0,0.0,-5.18,2.28,0.0
20200123:0211,0.0,0.0,0.0,-4.06,2.55,0.0
20200123:0311,0.0,0.0,0.0,-3.18,2.9,0.0
20200123:0411,0.0,0.0,0.0,-1.3,4.34,0.0
20200123:0511,0.0,0.0,0.0,-0.36,5.38,0.0
20200123:0611,0.0,0.0,0.0,-0.28,5.59,0.0
20200123:0711,0.0,0.0,0.0,0.03,5.59,0.0
20200123:0811,0.0,0.0,0.0,0.33,5.79,0.0
20200123:0911,408.66,450.88,5.08,0.63,6.07,0.0
20200123:1011,581.31,644.04,8.66,0.73,6.41,0.0
20200123:1111,182.43,212.42,10.52,0.9,6.48,0.0
20200123:1211,3.32,12.26,10.51,1.01,6.34,0.0
20200123:1311,1.74,9.37,8.65,1.14,6.21,0.0
20200123:1411,271.47,304.48,5.07,0.95,5.93,0.0
20200123:1511,0.0,0.0,0.0,0.89,6.07,0.0
20200123:1611,0.0,0.0,0.0,0.88,5.93,0.0
20200123:1711,0.0,0.0,0.0,0.86,6.0,0.0
20200123:1811,0.0,0.0,0.0,0.91,6.0,0.0
20200123:1911,0.0,0.0,0.0,0.97,5.31,0.0
20200123:2011,0.0,0.0,0.0,0.88,5.24,0.0
20200123:2111,0.0,0.0,0.0,0.92,5.45,0.0
20200123:2211,0.0,0.0,0.0,0.97,5.52,0.0
20200123:2311,0.0,0.0,0.0,1.11,5.52,0.0
20200124:0011,0.0,0.0,0.0,1.01,5.45,0.0
20200124:0111,0.0,0.0,0.0,0.69,5.45,0.0
20200124:0211,0.0,0.0,0.0,0.26,5.38,0.0
20200124:0311,0.0,0.0,0.0,-0.34,5.1,0.0
20200124:0411,0.0,0.0,0.0,-0.69,4.76,0.0
20200124:0511,0.0,0.0,0.0,-1.13,4.55,0.0
20200124:0611,0.0,0.0,0.0,-1.46,4.48,0.0
20200124:0711,0.0,0.0,0.0,-1.69,4.07,0.0
20200124:0811,0.0,0.0,0.0,-1.85,4.28,0.0
20200124:0911,0.0,4.85,5.29,-2.01,4.62,0.0
20200124:1011,2.23,10.22,8.88,-1.84,5.38,0.0
20200124:1111,3.9,13.14,10.75,-1.54,5.93,0.0
20200124:1211,3.9,13.14,10.75,-1.28,6.21,0.0
20200124:1311,1.78,9.37,8.89,-1.83,6.41,0.0
20200124:1411,3.8,12.93,5.32,-2.22,6.34,0.0
20200124:1511,0.0,0.0,0.0,-2.65,6.07,0.0
20200124:1611,0.0,0.0,0.0,-2.97,5.66,0.0
20200124:1711,0.0,0.0,0.0,-3.0,5.45,0.0
20200124:1811,0.0,0.0,0.0,-3.12,5.17,0.0
20200124:1911,0.0,0.0,0.0,-3.22,5.17,0.0
20200124:2011,0.0,0.0,0.0,-3.38,4.97,0.0
20200124:2111,0.0,0.0,0.0,-3.56,4.76,0.0
20200124:2211,0.0,0.0,0.0,-3.57,4.69,0.0
20200124:2311,0.0,0.0,0.0,-3.57,4.48,0.0
20200125:0011,0.0,0.0,0.0,-3.67,4.21,0.0
20200125:0111,0.0,0.0,0.0,-3.74,3.72,0.0
20200125:0211,0.0,0.0,0.0,-3.72,3.31,0.0
20200125:0311,0.0,0.0,0.0,-3.74,3.03,0.0
20200125:0411,0.0,0.0,0.0,-3.63,2.69,0.0
20200125:0511,0.0,0.0,0.0,-3.56,2.28,0.0
20200125:0611,0.0,0.0,0.0,-3.42,2.0,0.0
20200125:0711,0.0,0.0,0.0,-3.36,1.66,0.0
20200125:0811,0.0,0.0,0.0,-3.6,1.59,0.0
20200125:0911,18.1,32.45,5.5,-3.92,1.52,0.0
20200125:1011,21.79,37.48,9.1,-3.53,1.72,0.0
20200125:1111,213.58,244.51,10.99,-2.09,2.14,0.0
20200125:1211,7.86,19.27,11.0,-1.35,2.55,0.0
20200125:1311,2.22,10.23,9.14,-1.16,2.48,0.0
20200125:1411,0.0,4.85,5.57,-0.87,2.48,0.0
20200125:1511,0.0,0.0,0.0,-0.53,2.83,0.0
20200125:1611,0.0,0.0,0.0,-0.07,3.45,0.0
20200125:1711,0.0,0.0,0.0,0.25,4.0,0.0
20200125:1811,0.0,0.0,0.0,0.39,4.34,0.0
20200125:1911,0.0,0.0,0.0,0.4,4.07,0.0
20200125:2011,0.0,0.0,0.0,0.12,3.93,0.0
20200125:2111,0.0,0.0,0.0,0.04,3.86,0.0
20200125:2211,0.0,0.0,0.0,-0.08,3.72,0.0
20200125:2311,0.0,0.0,0.0,-0.29,3.52,0.0
20200126:0011,0.0,0.0,0.0,-0.73,3.17,0.0
20200126:0111,0.0,0.0,0.0,-0.89,2.9,0.0
20200126:0211,0.0,0.0,0.0,-0.85,2.76,0.0
20200126:0311,0.0,0.0,0.0,-1.18,2.62,0.0
20200126:0411,0.0,0.0,0.0,-1.18,2.48,0.0
20200126:0511,0.0,0.0,0.0,-1.07,2.28,0.0
20200126:0611,0.0,0.0,0.0,-0.99,2.14,0.0
20200126:0711,0.0,0.0,0.0,-0.64,1.79,0.0
20200126:0811,0.0,0.0,0.0,-0.62,2.0,0.0
20200126:0911,19.53,34.66,5.72,-0.7,2.55,0.0
20200126:1011,18.81,34.07,9.34,-0.88,2.69,0.0
20200126:1111,3.89,13.14,11.23,-1.07,2.41,0.0
20200126:1211,3.88,13.14,11.25,-0.88,1.52,0.0
20200126:1311,2.22,10.23,9.4,-0.62,1.45,0.0
20200126:1411,0.0,4.85,5.82,-0.92,1.45,0.0
20200126:1511,0.0,0.0,0.0,-0.98,1.38,0.0
20200126:1611,0.0,0.0,0.0,-1.09,1.45,0.0
20200126:1711,0.0,0.0,0.0,-1.03,1.72,0.0
20200126:1811,0.0,0.0,0.0,-0.96,1.72,0.0
20200126:1911,0.0,0.0,0.0,-0.75,2.0,0.0
20200126:2011,0.0,0.0,0.0,-0.54,2.21,0.0
20200126:2111,0.0,0.0,0.0,-0.55,2.28,0.0
20200126:2211,0.0,0.0,0.0,-0.52,2.41,0.0
20200126:2311,0.0,0.0,0.0,-0.54,2.69,0.0
20200127:0011,0.0,0.0,0.0,-0.57,2.83,0.0
20200127:0111,0.0,0.0,0.0,-0.55,2.9,0.0
20200127:0211,0.0,0.0,0.0,-0.5,2.62,0.0
20200127:0311,0.0,0.0,0.0,-0.58,2.41,0.0
20200127:0411,0.0,0.0,0.0,-0.65,2.34,0.0
20200127:0511,0.0,0.0,0.0,-0.66,2.14,0.0
20200127:0611,0.0,0.0,0.0,-0.77,1.93,0.0
20200127:0711,0.0,0.0,0.0,-0.89,1.86,0.0
20200127:0811,0.0,0.0,0.0,-0.97,1.72,0.0
20200127:0911,9.05,21.0,5.95,-0.98,1.72,0.0
20200127:1011,91.95,116.34,9.58,-0.91,1.72,0.0
20200127:1111,16.82,31.53,11.48,-0.93,1.72,0.0
20200127:1211,58.5,80.45,11.51,-0.84,2.0,0.0
20200127:1311,157.49,186.02,9.66,-0.48,2.41,0.0
20200127:1411,0.07,5.66,6.08,-0.73,2.07,0.0
20200127:1511,0.0,0.0,0.0,-1.21,2.34,0.0
20200127:1611,0.0,0.0,0.0,-2.33,2.07,0.0
20200127:1711,0.0,0.0,0.0,-2.98,1.93,0.0
20200127:1811,0.0,0.0,0.0,-3.89,1.59,0.0
20200127:1911,0.0,0.0,0.0,-3.78,1.45,0.0
20200127:2011,0.0,0.0,0.0,-3.48,1.52,0.0
20200127:2111,0.0,0.0,0.0,-3.14,1.59,0.0
20200127:2211,0.0,0.0,0.0,-3.71,1.24,0.0
20200127:2311,0.0,0.0,0.0,-4.28,1.24,0.0
20200128:0011,0.0,0.0,0.0,-4.97,1.31,0.0
20200128:0111,0.0,0.0,0.0,-5.04,1.17,0.0
20200128:0211,0.0,0.0,0.0,-4.72,0.83,0.0
20200128:0311,0.0,0.0,0.0,-5.66,0.9,0.0
20200128:0411,0.0,0.0,0.0,-5.47,0.9,0.0
20200128:0511,0.0,0.0,0.0,-5.73,0.83,0.0
20200128:0611,0.0,0.0,0.0,-6.55,1.1,0.0
20200128:0711,0.0,0.0,0.0,-5.66,1.03,0.0
20200128:0811,0.0,0.0,0.0,-6.14,1.1,0.0
20200128:0911,540.53,598.06,6.18,-6.46,1.24,0.0
20200128:1011,537.72,593.56,9.82,-6.29,1.72,0.0
20200128:1111,151.32,176.38,11.74,-5.89,1.86,0.0
20200128:1211,239.58,268.74,11.78,-5.36,1.93,0.0
20200128:1311,233.76,262.38,9.93,-4.98,2.0,0.0
20200128:1411,22.59,37.95,6.35,-4.87,2.48,0.0
20200128:1511,0.0,0.0,0.0,-5.04,2.83,0.0
20200128:1611,0.0,0.0,0.0,-4.88,3.03,0.0
20200128:1711,0.0,0.0,0.0,-4.87,3.31,0.0
20200128:1811,0.0,0.0,0.0,-4.76,3.24,0.0
20200128:1911,0.0,0.0,0.0,-3.92,3.17,0.0
20200128:2011,0.0,0.0,0.0,-3.92,2.83,0.0
20200128:2111,0.0,0.0,0.0,-3.88,2.48,0.0
20200128:2211,0.0,0.0,0.0,-3.79,2.21,0.0
20200128:2311,0.0,0.0,0.0,-3.79,1.93,0.0
20200129:0011,0.0,0.0,0.0,-3.96,1.79,0.0
20200129:0111,0.0,0.0,0.0,-4.5,1.79,0.0
20200129:0211,0.0,0.0,0.0,-4.82,1.59,0.0
20200129:0311,0.0,0.0,0.0,-5.01,1.38,0.0
20200129:0411,0.0,0.0,0.0,-5.56,1.38,0.0
20200129:0511,0.0,0.0,0.0,-5.45,1.31,0.0
20200129:0611,0.0,0.0,0.0,-5.62,1.31,0.0
20200129:0711,0.0,0.0,0.0,-4.31,0.9,0.0
20200129:0811,0.0,0.0,0.0,-4.49,0.83,0.0
20200129:0911,0.42,6.46,6.42,-4.85,0.9,0.0
20200129:1011,15.19,28.96,10.08,-5.19,1.1,0.0
20200129:1111,5.06,14.89,12.0,-4.39,0.97,0.0
20200129:1211,5.08,14.9,12.05,-4.73,1.1,0.0
20200129:1311,3.26,11.94,10.2,-4.74,1.1,0.0
20200129:1411,0.43,6.48,6.61,-4.79,1.03,0.0
20200129:1511,0.0,0.0,0.0,-5.0,1.03,0.0
20200129:1611,0.0,0.0,0.0,-5.25,1.03,0.0
20200129:1711,0.0,0.0,0.0,-5.95,1.17,0.0
20200129:1811,0.0,0.0,0.0,-6.61,1.24,0.0
20200129:1911,0.0,0.0,0.0,-6.38,1.31,0.0
20200129:2011,0.0,0.0,0.0,-7.08,1.38,0.0
20200129:2111,0.0,0.0,0.0,-7.01,1.31,0.0
20200129:2211,0.0,0.0,0.0,-6.86,1.17,0.0
20200129:2311,0.0,0.0,0.0,-7.3,1.1,0.0
20200130:0011,0.0,0.0,0.0,-7.75,1.1,0.0
20200130:0111,0.0,0.0,0.0,-7.99,1.1,0.0
20200130:0211,0.0,0.0,0.0,-8.26,1.1,0.0
20200130:0311,0.0,0.0,0.0,-8.71,1.24,0.0
20200130:0411,0.0,0.0,0.0,-9.38,1.38,0.0
20200130:0511,0.0,0.0,0.0,-9.8,1.45,0.0
20200130:0611,0.0,0.0,0.0,-10.14,1.45,0.0
20200130:0711,0.0,0.0,0.0,-9.41,1.45,0.0
20200130:0811,0.0,0.0,0.0,-9.61,1.31,0.0
20200130:0911,199.38,221.41,6.67,-9.9,1.31,0.0
20200130:1011,144.51,166.98,10.33,-9.23,1.1,0.0
20200130:1111,188.78,214.36,12.27,-8.02,0.69,0.0
20200130:1211,8.74,20.15,12.32,-7.11,0.41,0.0
20200130:1311,631.15,718.48,10.47,-6.75,0.28,0.0
20200130:1411,7.11,17.82,6.89,-6.89,1.1,0.0
20200130:1511,0.0,0.75,1.83,-6.82,1.52,0.0
20200130:1611,0.0,0.0,0.0,-6.65,1.86,0.0
20200130:1711,0.0,0.0,0.0,-6.46,2.07,0.0
20200130:1811,0.0,0.0,0.0,-6.28,2.28,0.0
20200130:1911,0.0,0.0,0.0,-6.57,2.07,0.0
20200130:2011,0.0,0.0,0.0,-6.48,2.07,0.0
20200130:2111,0.0,0.0,0.0,-6.33,1.86,0.0
20200130:2211,0.0,0.0,0.0,-6.22,1.66,0.0
20200130:2311,0.0,0.0,0.0,-6.1,1.31,0.0
20200131:0011,0.0,0.0,0.0,-6.09,1.03,0.0
20200131:0111,0.0,0.0,0.0,-5.8,0.62,0.0
20200131:0211,0.0,0.0,0.0,-5.76,0.62,0.0
20200131:0311,0.0,0.0,0.0,-5.66,0.62,0.0
20200131:0411,0.0,0.0,0.0,-5.81,0.83,0.0
20200131:0511,0.0,0.0,0.0,-5.91,1.24,0.0
20200131:0611,0.0,0.0,0.0,-5.64,1.59,0.0
20200131:0711,0.0,0.0,0.0,-5.4,1.86,0.0
20200131:0811,0.0,0.62,1.78,-5.18,1.72,0.0
20200131:0911,12.79,25.84,6.92,-4.69,1.52,0.0
20200131:1011,5.9,16.18,10.6,-4.07,1.52,0.0
20200131:1111,7.93,19.26,12.54,-2.94,2.62,0.0
20200131:1211,5.58,15.77,12.6,-2.5,3.24,0.0
20200131:1311,23.09,39.26,10.75,-2.05,3.72,0.0
20200131:1411,515.1,568.11,7.16,-1.72,4.14,0.0
20200131:1511,0.0,0.75,2.11,-1.98,3.79,0.0
20200131:1611,0.0,0.0,0.0,-2.68,3.31,0.0
20200131:1711,0.0,0.0,0.0,-3.2,2.76,0.0
20200131:1811,0.0,0.0,0.0,-3.63,2.0,0.0
20200131:1911,0.0,0.0,0.0,-3.15,1.24,0.0
20200131:2011,0.0,0.0,0.0,-3.46,1.24,0.0
20200131:2111,0.0,0.0,0.0,-4.38,1.66,0.0
20200131:2211,0.0,0.0,0.0,-3.9,1.52,0.0
20200131:2311,0.0,0.0,0.0,-3.52,1.59,0.0
20200201:0011,0.0,0.0,0.0,-3.24,1.52,0.0
20200201:0111,0.0,0.0,0.0,-2.92,1.66,0.0
20200201:0211,0.0,0.0,0.0,-2.52,1.72,0.0
20200201:0311,0.0,0.0,0.0,-1.95,2.0,0.0
20200201:0411,0.0,0.0,0.0,-1.37,2.34,0.0
20200201:0511,0.0,0.0,0.0,-1.35,2.41,0.0
20200201:0611,0.0,0.0,0.0,-1.3,2.55,0.0
20200201:0711,0.0,0.0,0.0,-1.39,2.9,0.0
20200201:0811,0.0,0.62,2.03,-1.71,2.9,0.0
20200201:0911,0.75,7.27,7.17,-1.41,2.55,0.0
20200201:1011,3.67,12.77,10.86,-0.87,2.9,0.0
20200201:1111,21.57,37.65,12.82,-0.15,3.45,0.0
20200201:1211,5.49,15.77,12.88,0.14,3.59,0.0
20200201:1311,3.66,12.81,11.04,0.24,3.45,0.0
20200201:1411,0.75,7.3,7.44,0.04,3.17,0.0
20200201:1511,0.0,1.51,2.38,-0.16,2.97,0.0
20200201:1611,0.0,0.0,0.0,-0.61,2.69,0.0
20200201:1711,0.0,0.0,0.0,-0.83,2.41,0.0
20200201:1811,0.0,0.0,0.0,-0.87,2.48,0.0
20200201:1911,0.0,0.0,0.0,-2.04,2.76,0.0
20200201:2011,0.0,0.0,0.0,-3.36,3.59,0.0
20200201:2111,0.0,0.0,0.0,-4.4,4.07,0.0
20200201:2211,0.0,0.0,0.0,-5.31,4.21,0.0
20200201:2311,0.0,0.0,0.0,-5.85,4.07,0.0
20200202:0011,0.0,0.0,0.0,-6.12,3.52,0.0
20200202:0111,0.0,0.0,0.0,-6.24,3.31,0.0
20200202:0211,0.0,0.0,0.0,-6.36,3.38,0.0
20200202:0311,0.0,0.0,0.0,-6.37,3.31,0.0
20200202:0411,0.0,0.0,0.0,-6.58,3.1,0.0
20200202:0511,0.0,0.0,0.0,-6.78,2.97,0.0
20200202:0611,0.0,0.0,0.0,-7.03,2.97,0.0
20200202:0711,0.0,0.0,0.0,-7.06,3.03,0.0
20200202:0811,0.62,6.87,2.28,-7.31,2.97,0.0
20200202:0911,264.17,289.51,7.43,-7.32,3.03,0.0
20200202:1011,19.41,34.06,11.14,-6.99,3.24,0.0
20200202:1111,30.37,47.28,13.11,-6.65,3.31,0.0
20200202:1211,6.3,16.65,13.17,-6.55,3.24,0.0
20200202:1311,44.65,63.46,11.33,-6.65,3.1,0.0
20200202:1411,7.13,17.84,7.73,-6.89,2.9,0.0
20200202:1511,0.0,1.51,2.66,-7.43,2.76,0.0
20200202:1611,0.0,0.0,0.0,-8.05,2.62,0.0
20200202:1711,0.0,0.0,0.0,-8.63,2.48,0.0
20200202:1811,0.0,0.0,0.0,-9.26,2.34,0.0
20200202:1911,0.0,0.0,0.0,-9.01,2.07,0.0
20200202:2011,0.0,0.0,0.0,-9.55,2.07,0.0
20200202:2111,0.0,0.0,0.0,-9.59,2.0,0.0
20200202:2211,0.0,0.0,0.0,-9.93,2.07,0.0
20200202:2311,0.0,0.0,0.0,-10.25,2.28,0.0
20200203:0011,0.0,0.0,0.0,-10.53,2.21,0.0
20200203:0111,0.0,0.0,0.0,-11.09,2.07,0.0
20200203:0211,0.0,0.0,0.0,-11.39,2.07,0.0
20200203:0311,0.0,0.0,0.0,-11.94,1.93,0.0
20200203:0411,0.0,0.0,0.0,-12.36,1.86,0.0
20200203:0511,0.0,0.0,0.0,-13.23,1.79,0.0
20200203:0611,0.0,0.0,0.0,-13.9,1.72,0.0
20200203:0711,0.0,0.0,0.0,-14.46,1.45,0.0
20200203:0811,0.0,1.25,2.53,-14.39,1.24,0.0
20200203:0911,27.72,42.81,7.7,-13.65,1.03,0.0
20200203:1011,30.8,46.84,11.42,-12.41,0.83,0.0
20200203:1111,253.35,278.44,13.4,-11.0,0.76,0.0
20200203:1211,162.73,185.8,13.47,-10.24,0.97,0.0
20200203:1311,23.99,39.28,11.62,-9.74,1.38,0.0
20200203:1411,36.07,52.89,8.02,-9.33,1.38,0.0
20200203:1511,0.0,2.26,2.94,-9.44,1.24,0.0
20200203:1611,0.0,0.0,0.0,-9.27,1.38,0.0
20200203:1711,0.0,0.0,0.0,-9.09,1.38,0.0
20200203:1811,0.0,0.0,0.0,-8.89,1.38,0.0
20200203:1911,0.0,0.0,0.0,-8.39,0.83,0.0
20200203:2011,0.0,0.0,0.0,-8.29,0.76,0.0
20200203:2111,0.0,0.0,0.0,-8.24,0.9,0.0
20200203:2211,0.0,0.0,0.0,-8.17,0.83,0.0
20200203:2311,0.0,0.0,0.0,-8.09,0.76,0.0
20200204:0011,0.0,0.0,0.0,-7.82,0.69,0.0
20200204:0111,0.0,0.0,0.0,-7.67,0.62,0.0
20200204:0211,0.0,0.0,0.0,-7.72,0.69,0.0
20200204:0311,0.0,0.0,0.0,-7.84,0.83,0.0
20200204:0411,0.0,0.0,0.0,-7.84,0.9,0.0
20200204:0511,0.0,0.0,0.0,-8.59,1.24,0.0
20200204:0611,0.0,0.0,0.0,-9.02,1.31,0.0
20200204:0711,0.0,0.0,0.0,-9.57,1.66,0.0
20200204:0811,0.0,1.25,2.79,-9.64,1.72,0.0
20200204:0911,6.66,16.96,7.97,-10.17,1.93,0.0
20200204:1011,179.26,201.59,11.7,-10.05,2.07,0.0
20200204:1111,28.52,44.65,13.69,-9.59,2.21,0.0
20200204:1211,9.5,21.03,13.76,-9.39,2.41,0.0
20200204:1311,9.71,21.35,11.92,-8.94,2.55,0.0
20200204:1411,5.57,15.42,8.31,-8.97,2.55,0.0
20200204:1511,0.0,2.26,3.22,-9.38,2.48,0.0
20200204:1611,0.0,0.0,0.0,-10.13,2.55,0.0
20200204:1711,0.0,0.0,0.0,-10.87,2.55,0.0
20200204:1811,0.0,0.0,0.0,-11.39,2.62,0.0
20200204:1911,0.0,0.0,0.0,-11.78,2.83,0.0
20200204:2011,0.0,0.0,0.0,-12.15,2.69,0.0
20200204:2111,0.0,0.0,0.0,-12.4,2.48,0.0
20200204:2211,0.0,0.0,0.0,-12.92,2.34,0.0
20200204:2311,0.0,0.0,0.0,-13.56,2.34,0.0
20200205:0011,0.0,0.0,0.0,-13.93,2.28,0.0
20200205:0111,0.0,0.0,0.0,-13.88,2.21,0.0
20200205:0211,0.0,0.0,0.0,-13.45,2.21,0.0
20200205:0311,0.0,0.0,0.0,-12.98,2.14,0.0
20200205:0411,0.0,0.0,0.0,-12.04,2.21,0.0
20200205:0511,0.0,0.0,0.0,-10.93,2.14,0.0
20200205:0611,0.0,0.0,0.0,-10.79,2.28,0.0
20200205:0711,0.0,0.0,0.0,-10.08,2.34,0.0
20200205:0811,2.24,10.0,3.05,-9.48,2.41,0.0
20200205:0911,14.91,28.28,8.25,-8.02,2.76,0.0
20200205:1011,295.1,324.24,11.99,-6.29,3.1,0.0
20200205:1111,91.2,114.48,13.99,-4.46,4.07,0.0
20200205:1211,137.66,163.53,14.07,-3.24,5.03,0.0
20200205:1311,69.35,91.57,12.22,-2.48,5.45,0.0
20200205:1411,1.55,8.93,8.6,-1.76,5.86,0.0
20200205:1511,0.0,2.26,3.51,-1.11,6.07,0.0
20200205:1611,0.0,0.0,0.0,-0.6,6.34,0.0
20200205:1711,0.0,0.0,0.0,-0.27,6.41,0.0
20200205:1811,0.0,0.0,0.0,-0.29,6.0,0.0
20200205:1911,0.0,0.0,0.0,-0.39,5.1,0.0
20200205:2011,0.0,0.0,0.0,-0.41,4.83,0.0
20200205:2111,0.0,0.0,0.0,-0.3,4.9,0.0
20200205:2211,0.0,0.0,0.0,-0.5,4.76,0.0
20200205:2311,0.0,0.0,0.0,-0.47,4.76,0.0
20200206:0011,0.0,0.0,0.0,-0.71,4.55,0.0
20200206:0111,0.0,0.0,0.0,-0.93,4.28,0.0
20200206:0211,0.0,0.0,0.0,-0.7,4.14,0.0
20200206:0311,0.0,0.0,0.0,-0.88,3.86,0.0
20200206:0411,0.0,0.0,0.0,-0.76,3.66,0.0
20200206:0511,0.0,0.0,0.0,-0.96,3.45,0.0
20200206:0611,0.0,0.0,0.0,-1.02,3.24,0.0
20200206:0711,0.0,0.0,0.0,-0.69,3.72,0.0
20200206:0811,338.02,374.37,3.32,-0.52,3.45,0.0
20200206:0911,568.45,636.71,8.53,-0.39,3.31,0.0
20200206:1011,642.78,726.63,12.29,-0.2,3.31,0.0
20200206:1111,714.88,817.61,14.29,0.0,3.1,0.0
20200206:1211,710.35,816.35,14.37,0.12,2.69,0.0
20200206:1311,136.48,164.88,12.52,0.27,2.34,0.0
20200206:1411,607.06,691.21,8.9,0.24,2.28,0.0
20200206:1511,0.0,3.02,3.8,-0.06,2.41,0.0
20200206:1611,0.0,0.0,0.0,-0.49,2.62,0.0
20200206:1711,0.0,0.0,0.0,-0.39,2.55,0.0
20200206:1811,0.0,0.0,0.0,-0.57,2.28,0.0
20200206:1911,0.0,0.0,0.0,-1.03,2.34,0.0
20200206:2011,0.0,0.0,0.0,-1.27,2.21,0.0
20200206:2111,0.0,0.0,0.0,-1.63,1.93,0.0
20200206:2211,0.0,0.0,0.0,-2.22,1.66,0.0
20200206:2311,0.0,0.0,0.0,-2.72,1.45,0.0
20200207:0011,0.0,0.0,0.0,-2.8,1.38,0.0
20200207:0111,0.0,0.0,0.0,-3.53,1.59,0.0
20200207:0211,0.0,0.0,0.0,-4.19,1.66,0.0
20200207:0311,0.0,0.0,0.0,-4.26,1.66,0.0
20200207:0411,0.0,0.0,0.0,-4.26,1.59,0.0
20200207:0511,0.0,0.0,0.0,-3.93,1.45,0.0
20200207:0611,0.0,0.0,0.0,-3.47,1.31,0.0
20200207:0711,0.0,0.0,0.0,-2.43,1.24,0.0
20200207:0811,1.99,9.75,3.6,-2.27,1.24,0.0
20200207:0911,8.54,20.2,8.82,-2.04,1.24,0.0
20200207:1011,47.32,67.94,12.59,-1.36,1.24,0.0
20200207:1111,261.05,299.65,14.6,-0.36,1.03,0.0
20200207:1211,7.21,18.41,14.69,0.15,0.9,0.0
20200207:1311,68.65,92.33,12.83,0.47,0.76,0.0
20200207:1411,3.77,13.0,9.21,0.42,0.69,0.0
20200207:1511,0.0,3.02,4.1,0.07,0.62,0.0
20200207:1611,0.0,0.0,0.0,-0.66,0.55,0.0
20200207:1711,0.0,0.0,0.0,-1.33,0.41,0.0
20200207:1811,0.0,0.0,0.0,-1.74,0.14,0.0
20200207:1911,0.0,0.0,0.0,-1.88,0.97,0.0
20200207:2011,0.0,0.0,0.0,-2.72,1.17,0.0
20200207:2111,0.0,0.0,0.0,-4.34,1.45,0.0
20200207:2211,0.0,0.0,0.0,-5.0,1.52,0.0
20200207:2311,0.0,0.0,0.0,-5.22,1.45,0.0
20200208:0011,0.0,0.0,0.0,-5.62,1.59,0.0
20200208:0111,0.0,0.0,0.0,-5.72,1.86,0.0
20200208:0211,0.0,0.0,0.0,-5.74,1.93,0.0
20200208:0311,0.0,0.0,0.0,-5.46,2.07,0.0
20200208:0411,0.0,0.0,0.0,-5.15,2.0,0.0
20200208:0511,0.0,0.0,0.0,-5.54,2.14,0.0
20200208:0611,0.0,0.0,0.0,-4.97,2.21,0.0
20200208:0711,0.0,0.0,0.0,-3.93,2.76,0.0
20200208:0811,0.0,3.0,3.88,-3.62,2.9,0.0
20200208:0911,10.92,23.44,9.12,-3.26,3.1,0.0
20200208:1011,14.37,28.11,12.89,-2.83,2.97,0.0
20200208:1111,7.91,19.26,14.91,-2.48,3.03,0.0
20200208:1211,7.92,19.28,15.0,-2.38,2.69,0.0
20200208:1311,140.78,167.79,13.14,-2.18,2.76,0.0
20200208:1411,149.9,176.69,9.51,-1.9,2.48,0.0
20200208:1511,0.0,4.53,4.39,-1.78,2.21,0.0
20200208:1611,0.0,0.0,0.0,-1.87,1.66,0.0
20200208:1711,0.0,0.0,0.0,-1.98,1.66,0.0
20200208:1811,0.0,0.0,0.0,-2.02,1.72,0.0
20200208:1911,0.0,0.0,0.0,-2.18,1.86,0.0
20200208:2011,0.0,0.0,0.0,-2.43,2.41,0.0
20200208:2111,0.0,0.0,0.0,-2.74,2.69,0.0
20200208:2211,0.0,0.0,0.0,-3.68,2.97,0.0
20200208:2311,0.0,0.0,0.0,-3.93,3.24,0.0
20200209:0011,0.0,0.0,0.0,-4.54,3.24,0.0
20200209:0111,0.0,0.0,0.0,-4.37,3.72,0.0
20200209:0211,0.0,0.0,0.0,-3.92,4.21,0.0
20200209:0311,0.0,0.0,0.0,-3.31,4.83,0.0
20200209:0411,0.0,0.0,0.0,-2.59,5.17,0.0
20200209:0511,0.0,0.0,0.0,-2.02,5.24,0.0
20200209:0611,0.0,0.0,0.0,-1.68,5.24,0.0
20200209:0711,0.0,0.0,0.0,-1.35,6.14,0.0
20200209:0811,0.0,3.0,4.17,-1.4,6.28,0.0
20200209:0911,3.3,12.13,9.41,-1.37,6.28,0.0
20200209:1011,27.85,45.14,13.2,-1.39,6.14,0.0
20200209:1111,7.86,19.26,15.23,-1.35,5.52,0.0
20200209:1211,26.73,43.83,15.32,-1.24,5.45,0.0
20200209:1311,16.28,30.77,13.46,-1.16,4.83,0.0
20200209:1411,5.85,16.26,9.82,-1.12,4.34,0.0
20200209:1511,0.0,3.78,4.69,-1.15,4.69,0.0
20200209:1611,0.0,0.0,0.0,-1.28,4.0,0.0
20200209:1711,0.0,0.0,0.0,-1.15,3.1,0.0
20200209:1811,0.0,0.0,0.0,-0.96,2.48,0.0
20200209:1911,0.0,0.0,0.0,-0.17,3.03,0.0
20200209:2011,0.0,0.0,0.0,0.2,3.59,0.0
20200209:2111,0.0,0.0,0.0,0.2,4.07,0.0
20200209:2211,0.0,0.0,0.0,-0.12,4.14,0.0
20200209:2311,0.0,0.0,0.0,-0.85,3.45,0.0
20200210:0011,0.0,0.0,0.0,-1.02,3.45,0.0
20200210:0111,0.0,0.0,0.0,-0.92,3.38,0.0
20200210:0211,0.0,0.0,0.0,-0.85,4.14,0.0
20200210:0311,0.0,0.0,0.0,-0.82,5.1,0.0
20200210:0411,0.0,0.0,0.0,-1.33,5.59,0.0
20200210:0511,0.0,0.0,0.0,-1.77,6.14,0.0
20200210:0611,0.0,0.0,0.0,-1.87,6.55,0.0
20200210:0711,0.0,0.0,0.0,-2.18,6.21,0.0
20200210:0811,2.4,10.51,4.46,-2.55,5.59,0.0
20200210:0911,18.29,33.15,9.72,-2.73,4.97,0.0
20200210:1011,286.4,318.97,13.52,-2.83,4.34,0.0
20200210:1111,764.42,863.73,15.55,-2.9,3.45,0.0
20200210:1211,690.64,780.06,15.64,-3.32,2.55,0.0
20200210:1311,14.48,28.21,13.78,-3.24,3.03,0.0
20200210:1411,2.91,11.38,10.13,-3.29,5.31,0.0
20200210:1511,0.24,6.05,4.99,-3.56,5.03,0.0
20200210:1611,0.0,0.0,0.0,-3.92,4.55,0.0
20200210:1711,0.0,0.0,0.0,-4.43,4.07,0.0
20200210:1811,0.0,0.0,0.0,-4.81,3.79,0.0
20200210:1911,0.0,0.0,0.0,-4.65,3.93,0.0
20200210:2011,0.0,0.0,0.0,-5.23,3.59,0.0
20200210:2111,0.0,0.0,0.0,-5.7,3.24,0.0
20200210:2211,0.0,0.0,0.0,-6.17,2.76,0.0
20200210:2311,0.0,0.0,0.0,-6.57,2.34,0.0
20200211:0011,0.0,0.0,0.0,-6.93,2.62,0.0
20200211:0111,0.0,0.0,0.0,-6.81,3.1,0.0
20200211:0211,0.0,0.0,0.0,-6.24,3.31,0.0
20200211:0311,0.0,0.0,0.0,-6.06,3.52,0.0
20200211:0411,0.0,0.0,0.0,-6.24,3.17,0.0
20200211:0511,0.0,0.0,0.0,-6.18,2.41,0.0
20200211:0611,0.0,0.0,0.0,-5.94,2.07,0.0
20200211:0711,0.0,0.0,0.0,-5.25,2.69,0.0
20200211:0811,0.0,3.76,4.75,-5.36,2.55,0.0
20200211:0911,7.58,18.6,10.02,-5.27,2.28,0.0
20200211:1011,6.5,17.04,13.83,-4.88,2.41,0.0
20200211:1111,609.46,674.97,15.88,-4.79,3.03,0.0
20200211:1211,536.71,590.52,15.97,-4.74,3.31,0.0
20200211:1311,144.26,169.96,14.1,-4.17,3.72,0.0
20200211:1411,603.34,664.63,10.45,-4.02,3.72,0.0
20200211:1511,7.24,18.16,5.3,-4.11,4.14,0.0
20200211:1611,0.0,0.0,0.0,-4.15,4.21,0.0
20200211:1711,0.0,0.0,0.0,-4.07,4.34,0.0
20200211:1811,0.0,0.0,0.0,-3.96,4.97,0.0
20200211:1911,0.0,0.0,0.0,-3.71,4.62,0.0
20200211:2011,0.0,0.0,0.0,-3.67,4.9,0.0
20200211:2111,0.0,0.0,0.0,-3.69,5.24,0.0
20200211:2211,0.0,0.0,0.0,-3.84,4.76,0.0
20200211:2311,0.0,0.0,0.0,-4.21,4.69,0.0
20200212:0011,0.0,0.0,0.0,-4.24,4.41,0.0
20200212:0111,0.0,0.0,0.0,-4.43,4.28,0.0
20200212:0211,0.0,0.0,0.0,-4.4,3.93,0.0
20200212:0311,0.0,0.0,0.0,-4.72,3.79,0.0
20200212:0411,0.0,0.0,0.0,-5.28,3.72,0.0
20200212:0511,0.0,0.0,0.0,-5.83,3.66,0.0
20200212:0611,0.0,0.0,0.0,-6.04,3.66,0.0
20200212:0711,0.0,0.0,0.0,-5.88,3.72,0.0
20200212:0811,1.65,9.02,5.06,-5.79,3.79,0.0
20200212:0911,6.5,16.99,10.34,-5.74,4.0,0.0
20200212:1011,215.09,242.08,14.16,-5.27,4.14,0.0
20200212:1111,9.26,21.01,16.21,-4.99,4.28,0.0
20200212:1211,30.91,48.21,16.3,-4.89,4.14,0.0
20200212:1311,7.13,17.96,14.43,-5.12,4.07,0.0
20200212:1411,7.67,18.71,10.76,-5.44,3.79,0.0
20200212:1511,0.0,5.3,5.6,-6.23,3.38,0.0
20200212:1611,0.0,0.0,0.0,-7.33,3.03,0.0
20200212:1711,0.0,0.0,0.0,-8.04,2.76,0.0
20200212:1811,0.0,0.0,0.0,-8.46,2.69,0.0
20200212:1911,0.0,0.0,0.0,-8.13,2.9,0.0
20200212:2011,0.0,0.0,0.0,-8.12,3.1,0.0
20200212:2111,0.0,0.0,0.0,-8.32,3.31,0.0
20200212:2211,0.0,0.0,0.0,-8.43,3.31,0.0
20200212:2311,0.0,0.0,0.0,-8.68,3.1,0.0
20200213:0011,0.0,0.0,0.0,-8.84,3.03,0.0
20200213:0111,0.0,0.0,0.0,-9.21,2.97,0.0
20200213:0211,0.0,0.0,0.0,-9.37,2.9,0.0
20200213:0311,0.0,0.0,0.0,-9.43,2.76,0.0
20200213:0411,0.0,0.0,0.0,-9.58,2.48,0.0
20200213:0511,0.0,0.0,0.0,-9.91,2.28,0.0
20200213:0611,0.0,0.0,0.0,-10.61,2.14,0.0
20200213:0711,0.0,0.0,0.0,-9.76,2.07,0.0
20200213:0811,3.9,12.78,5.36,-10.14,1.79,0.0
20200213:0911,10.73,22.65,10.65,-9.82,1.59,0.0
20200213:1011,18.18,32.38,14.49,-8.52,1.24,0.0
20200213:1111,10.04,21.89,16.54,-7.85,1.31,0.0
20200213:1211,18.14,32.44,16.64,-7.7,1.03,0.0
20200213:1311,42.69,61.57,14.76,-6.6,0.62,0.0
20200213:1411,27.48,43.94,11.08,-6.52,0.48,0.0
20200213:1511,19.39,33.6,5.91,-7.75,0.97,0.0
20200213:1611,0.0,0.0,0.0,-8.68,1.17,0.0
20200213:1711,0.0,0.0,0.0,-9.51,1.31,0.0
20200213:1811,0.0,0.0,0.0,-10.08,1.52,0.0
20200213:1911,0.0,0.0,0.0,-6.88,1.17,0.0
20200213:2011,0.0,0.0,0.0,-8.74,1.31,0.0
20200213:2111,0.0,0.0,0.0,-9.49,1.31,0.0
20200213:2211,0.0,0.0,0.0,-10.46,1.31,0.0
20200213:2311,0.0,0.0,0.0,-11.51,1.38,0.0
20200214:0011,0.0,0.0,0.0,-12.29,1.38,0.0
20200214:0111,0.0,0.0,0.0,-12.6,1.66,0.0
20200214:0211,0.0,0.0,0.0,-12.12,1.79,0.0
20200214:0311,0.0,0.0,0.0,-12.37,2.0,0.0
20200214:0411,0.0,0.0,0.0,-12.39,1.86,0.0
20200214:0511,0.0,0.0,0.0,-12.47,1.86,0.0
20200214:0611,0.0,0.0,0.0,-12.78,1.79,0.0
20200214:0711,0.0,0.0,0.0,-12.73,1.66,0.0
20200214:0811,3.49,12.03,5.67,-12.39,1.52,0.0
20200214:0911,7.32,17.8,10.98,-12.17,1.38,0.0
20200214:1011,45.85,63.91,14.82,-11.41,1.45,0.0
20200214:1111,67.58,87.73,16.88,-10.52,1.1,0.0
20200214:1211,18.31,32.44,16.97,-9.62,0.69,0.0
20200214:1311,7.88,18.81,15.09,-8.8,0.62,0.0
20200214:1411,4.0,13.02,11.4,-8.08,0.55,0.0
20200214:1511,0.95,7.58,6.22,-8.04,1.17,0.0
20200214:1611,0.0,0.0,0.0,-7.95,1.59,0.0
20200214:1711,0.0,0.0,0.0,-7.49,2.0,0.0
20200214:1811,0.0,0.0,0.0,-6.95,2.28,0.0
20200214:1911,0.0,0.0,0.0,-6.08,2.48,0.0
20200214:2011,0.0,0.0,0.0,-5.33,2.62,0.0
20200214:2111,0.0,0.0,0.0,-4.48,2.83,0.0
20200214:2211,0.0,0.0,0.0,-3.69,2.9,0.0
20200214:2311,0.0,0.0,0.0,-3.32,2.97,0.0
20200215:0011,0.0,0.0,0.0,-3.23,2.34,0.0
20200215:0111,0.0,0.0,0.0,-3.41,1.72,0.0
20200215:0211,0.0,0.0,0.0,-3.42,1.45,0.0
20200215:0311,0.0,0.0,0.0,-4.24,1.93,0.0
20200215:0411,0.0,0.0,0.0,-4.46,2.76,0.0
20200215:0511,0.0,0.0,0.0,-4.87,2.9,0.0
20200215:0611,0.0,0.0,0.0,-5.13,2.62,0.0
20200215:0711,0.0,0.0,0.0,-4.68,1.72,0.0
20200215:0811,1.26,8.27,5.98,-4.62,1.52,0.0
20200215:0911,55.32,75.77,11.3,-4.24,1.38,0.0
20200215:1011,360.02,406.56,15.15,-2.76,0.55,0.0
20200215:1111,69.08,92.06,17.22,-2.88,1.1,0.0
20200215:1211,10.49,22.79,17.32,-4.19,1.66,0.0
20200215:1311,150.35,177.22,15.43,-4.15,1.79,0.0
20200215:1411,24.49,40.71,11.73,-3.91,2.21,0.0
20200215:1511,2.07,9.85,6.53,-4.17,2.62,0.0
20200215:1611,0.0,0.0,0.0,-3.87,2.9,0.0
20200215:1711,0.0,0.0,0.0,-3.4,3.17,0.0
20200215:1811,0.0,0.0,0.0,-2.75,3.72,0.0
20200215:1911,0.0,0.0,0.0,-1.53,4.28,0.0
20200215:2011,0.0,0.0,0.0,-1.16,4.34,0.0
20200215:2111,0.0,0.0,0.0,-0.84,4.21,0.0
20200215:2211,0.0,0.0,0.0,-0.27,4.48,0.0
20200215:2311,0.0,0.0,0.0,0.16,4.9,0.0
20200216:0011,0.0,0.0,0.0,0.34,4.69,0.0
20200216:0111,0.0,0.0,0.0,0.29,4.34,0.0
20200216:0211,0.0,0.0,0.0,0.18,3.52,0.0
20200216:0311,0.0,0.0,0.0,0.31,4.97,0.0
20200216:0411,0.0,0.0,0.0,-0.43,4.14,0.0
20200216:0511,0.0,0.0,0.0,-0.97,3.66,0.0
20200216:0611,0.0,0.0,0.0,-0.62,3.86,0.0
20200216:0711,0.0,0.0,0.0,-0.76,3.31,0.0
20200216:0811,0.86,7.53,6.3,-1.22,3.38,0.0
20200216:0911,8.54,20.24,11.63,-1.22,3.38,0.0
20200216:1011,43.73,63.92,15.49,-1.15,3.31,0.0
20200216:1111,27.29,44.65,17.57,-0.68,2.41,0.0
20200216:1211,37.54,56.98,17.66,-0.05,3.66,0.0
20200216:1311,600.97,667.43,15.76,-0.28,5.66,0.0
20200216:1411,230.24,260.06,12.06,-1.25,6.83,0.0
20200216:1511,82.54,104.62,6.85,-1.89,6.07,0.0
20200216:1611,0.0,0.0,0.0,-2.27,5.17,0.0
20200216:1711,0.0,0.0,0.0,-2.78,4.41,0.0
20200216:1811,0.0,0.0,0.0,-3.0,4.48,0.0
20200216:1911,0.0,0.0,0.0,-2.24,4.14,0.0
20200216:2011,0.0,0.0,0.0,-2.42,4.07,0.0
20200216:2111,0.0,0.0,0.0,-2.82,4.14,0.0
20200216:2211,0.0,0.0,0.0,-2.7,4.07,0.0
20200216:2311,0.0,0.0,0.0,-2.89,3.52,0.0
20200217:0011,0.0,0.0,0.0,-2.67,3.59,0.0
20200217:0111,0.0,0.0,0.0,-2.64,4.14,0.0
20200217:0211,0.0,0.0,0.0,-2.07,5.17,0.0
20200217:0311,0.0,0.0,0.0,-1.64,5.66,0.0
20200217:0411,0.0,0.0,0.0,-1.79,5.86,0.0
20200217:0511,0.0,0.0,0.0,-1.73,5.17,0.0
20200217:0611,0.0,0.0,0.0,-1.57,4.97,0.0
20200217:0711,0.0,0.0,0.0,-1.72,4.9,0.0
20200217:0811,193.08,220.47,6.63,-1.36,4.97,0.0
20200217:0911,12.62,25.92,11.97,-1.11,5.17,0.0
20200217:1011,43.67,63.93,15.84,-0.55,5.52,0.0
20200217:1111,27.29,44.66,17.92,-0.3,6.07,0.0
20200217:1211,10.91,23.67,18.01,-0.3,6.41,0.0
20200217:1311,27.85,45.33,16.1,-0.18,7.24,0.0
20200217:1411,4.31,13.85,12.38,-0.37,6.9,0.0
20200217:1511,560.92,615.42,7.16,-0.37,6.83,0.0
20200217:1611,0.0,0.0,0.0,-0.72,6.14,0.0
20200217:1711,0.0,0.0,0.0,-0.68,5.86,0.0
20200217:1811,0.0,0.0,0.0,-0.79,5.31,0.0
20200217:1911,0.0,0.0,0.0,-0.88,4.76,0.0
20200217:2011,0.0,0.0,0.0,-1.23,3.93,0.0
20200217:2111,0.0,0.0,0.0,-1.45,4.14,0.0
20200217:2211,0.0,0.0,0.0,-1.31,4.97,0.0
20200217:2311,0.0,0.0,0.0,-1.34,4.97,0.0
20200218:0011,0.0,0.0,0.0,-1.6,4.55,0.0
20200218:0111,0.0,0.0,0.0,-1.98,4.41,0.0
20200218:0211,0.0,0.0,0.0,-1.77,4.34,0.0
20200218:0311,0.0,0.0,0.0,-1.82,4.48,0.0
20200218:0411,0.0,0.0,0.0,-2.19,4.07,0.0
20200218:0511,0.0,0.0,0.0,-2.66,4.0,0.0
20200218:0611,0.0,0.0,0.0,-2.94,3.86,0.0
20200218:0711,0.0,0.0,0.0,-2.81,4.62,0.0
20200218:0811,170.68,196.59,6.95,-2.21,4.9,0.0
20200218:0911,17.02,31.6,12.3,-2.1,5.24,0.0
20200218:1011,44.75,64.79,16.18,-2.19,4.55,0.0
20200218:1111,16.29,30.65,18.27,-2.41,4.69,0.0
20200218:1211,30.56,48.22,18.36,-2.54,4.55,0.0
20200218:1311,615.43,686.55,16.45,-2.62,3.45,0.0
20200218:1411,20.43,35.84,12.72,-2.79,4.55,0.0
20200218:1511,13.81,27.32,7.48,-3.19,4.48,0.0
20200218:1611,0.0,0.0,0.0,-3.56,4.21,0.0
20200218:1711,0.0,0.0,0.0,-3.92,3.72,0.0
20200218:1811,0.0,0.0,0.0,-4.31,3.38,0.0
20200218:1911,0.0,0.0,0.0,-4.15,2.97,0.0
20200218:2011,0.0,0.0,0.0,-4.3,2.55,0.0
20200218:2111,0.0,0.0,0.0,-4.92,1.93,0.0
20200218:2211,0.0,0.0,0.0,-5.72,1.66,0.0
20200218:2311,0.0,0.0,0.0,-6.77,1.72,0.0
20200219:0011,0.0,0.0,0.0,-7.19,1.86,0.0
20200219:0111,0.0,0.0,0.0,-7.45,1.93,0.0
20200219:0211,0.0,0.0,0.0,-7.44,1.93,0.0
20200219:0311,0.0,0.0,0.0,-7.36,1.93,0.0
20200219:0411,0.0,0.0,0.0,-7.0,1.86,0.0
20200219:0511,0.0,0.0,0.0,-7.19,1.72,0.0
20200219:0611,0.0,0.0,0.0,-7.52,1.72,0.0
20200219:0711,0.0,0.0,0.0,-6.54,1.93,0.0
20200219:0811,215.96,241.86,7.28,-5.89,1.93,0.0
20200219:0911,171.9,197.73,12.64,-5.38,2.28,0.0
20200219:1011,66.61,88.31,16.53,-5.3,2.28,0.0
20200219:1111,56.25,77.06,18.62,-5.3,1.86,0.0
20200219:1211,12.51,25.42,18.71,-5.44,1.72,0.0
20200219:1311,15.31,29.09,16.79,-5.37,1.59,0.0
20200219:1411,14.87,28.52,13.05,-5.27,1.45,0.0
20200219:1511,3.38,12.15,7.8,-4.47,1.24,0.0
20200219:1611,0.0,0.0,0.0,-4.49,1.1,0.0
20200219:1711,0.0,0.0,0.0,-5.4,0.97,0.0
20200219:1811,0.0,0.0,0.0,-6.09,0.9,0.0
20200219:1911,0.0,0.0,0.0,-6.12,0.9,0.0
20200219:2011,0.0,0.0,0.0,-6.49,0.55,0.0
20200219:2111,0.0,0.0,0.0,-6.51,0.14,0.0
20200219:2211,0.0,0.0,0.0,-6.18,0.48,0.0
20200219:2311,0.0,0.0,0.0,-5.98,1.03,0.0
20200220:0011,0.0,0.0,0.0,-6.77,1.24,0.0
20200220:0111,0.0,0.0,0.0,-6.84,1.59,0.0
20200220:0211,0.0,0.0,0.0,-6.25,1.72,0.0
20200220:0311,0.0,0.0,0.0,-5.52,2.0,0.0
20200220:0411,0.0,0.0,0.0,-5.16,2.34,0.0
20200220:0511,0.0,0.0,0.0,-5.0,2.34,0.0
20200220:0611,0.0,0.0,0.0,-4.63,2.41,0.0
20200220:0711,0.0,0.0,0.0,-4.66,2.69,0.0
20200220:0811,0.56,6.79,7.62,-4.24,2.62,0.0
20200220:0911,11.01,23.51,12.99,-3.78,2.76,0.0
20200220:1011,288.79,323.13,16.89,-3.23,2.97,0.0
20200220:1111,19.04,34.15,18.98,-2.65,3.17,0.0
20200220:1211,12.31,25.42,19.07,-2.29,3.17,0.0
20200220:1311,39.67,59.03,17.14,-2.05,2.97,0.0
20200220:1411,15.23,29.34,13.38,-1.78,3.17,0.0
20200220:1511,0.9,7.59,8.12,-1.45,2.97,0.0
20200220:1611,0.0,0.56,1.74,-1.0,3.31,0.0
20200220:1711,0.0,0.0,0.0,-0.67,3.45,0.0
20200220:1811,0.0,0.0,0.0,-0.76,2.69,0.0
20200220:1911,0.0,0.0,0.0,-1.47,3.31,0.0
20200220:2011,0.0,0.0,0.0,-2.52,4.0,0.0
20200220:2111,0.0,0.0,0.0,-3.51,4.07,0.0
20200220:2211,0.0,0.0,0.0,-4.14,4.21,0.0
20200220:2311,0.0,0.0,0.0,-4.56,4.48,0.0
20200221:0011,0.0,0.0,0.0,-4.91,4.41,0.0
20200221:0111,0.0,0.0,0.0,-4.99,4.14,0.0
20200221:0211,0.0,0.0,0.0,-4.89,3.72,0.0
20200221:0311,0.0,0.0,0.0,-4.93,3.38,0.0
20200221:0411,0.0,0.0,0.0,-4.65,3.59,0.0
20200221:0511,0.0,0.0,0.0,-4.43,3.66,0.0
20200221:0611,0.0,0.0,0.0,-4.29,3.59,0.0
20200221:0711,0.0,0.0,0.0,-3.49,4.48,0.0
20200221:0811,151.78,176.45,7.96,-3.48,4.28,0.0
20200221:0911,13.39,26.76,13.34,-3.18,4.41,0.0
20200221:1011,12.45,25.59,17.25,-2.4,4.41,0.0
20200221:1111,49.25,70.06,19.34,-1.69,4.83,0.0
20200221:1211,464.05,514.84,19.43,-0.98,4.9,0.0
20200221:1311,9.91,22.24,17.49,-0.66,4.69,0.0
20200221:1411,46.22,66.69,13.72,-0.6,4.76,0.0
20200221:1511,12.5,25.83,8.44,-0.45,5.24,0.0
20200221:1611,0.0,0.56,2.05,-0.3,5.1,0.0
20200221:1711,0.0,0.0,0.0,-0.26,5.1,0.0
20200221:1811,0.0,0.0,0.0,-0.18,4.9,0.0
20200221:1911,0.0,0.0,0.0,-0.09,4.28,0.0
20200221:2011,0.0,0.0,0.0,-0.22,4.0,0.0
20200221:2111,0.0,0.0,0.0,-0.2,3.66,0.0
20200221:2211,0.0,0.0,0.0,-0.18,3.38,0.0
20200221:2311,0.0,0.0,0.0,-0.1,3.86,0.0
20200222:0011,0.0,0.0,0.0,0.33,4.41,0.0
20200222:0111,0.0,0.0,0.0,0.29,4.0,0.0
20200222:0211,0.0,0.0,0.0,0.09,3.24,0.0
20200222:0311,0.0,0.0,0.0,-0.14,3.24,0.0
20200222:0411,0.0,0.0,0.0,-0.05,3.31,0.0
20200222:0511,0.0,0.0,0.0,0.01,2.97,0.0
20200222:0611,0.0,0.0,0.0,-0.21,3.1,0.0
20200222:0711,0.0,0.55,1.82,-0.19,6.41,0.0
20200222:0811,0.87,7.55,8.3,-1.24,6.07,0.0
20200222:0911,33.63,51.92,13.69,-1.83,6.14,0.0
20200222:1011,794.32,884.58,17.61,-2.21,6.0,0.0
20200222:1111,62.92,84.95,19.71,-2.85,7.03,0.0
20200222:1211,13.04,26.3,19.79,-3.26,6.21,0.0
20200222:1311,18.54,33.37,17.84,-3.69,5.17,0.0
20200222:1411,36.3,54.61,14.06,-4.07,5.1,0.0
20200222:1511,13.89,27.35,8.77,-3.87,3.93,0.0
20200222:1611,0.06,5.59,2.36,-4.05,5.52,0.0
20200222:1711,0.0,0.0,0.0,-3.85,5.31,0.0
20200222:1811,0.0,0.0,0.0,-3.76,4.83,0.0
20200222:1911,0.0,0.0,0.0,-3.27,4.14,0.0
20200222:2011,0.0,0.0,0.0,-2.72,4.97,0.0
20200222:2111,0.0,0.0,0.0,-2.33,6.55,0.0
20200222:2211,0.0,0.0,0.0,-2.1,6.41,0.0
20200222:2311,0.0,0.0,0.0,-2.13,5.59,0.0
20200223:0011,0.0,0.0,0.0,-2.1,5.1,0.0
20200223:0111,0.0,0.0,0.0,-2.21,5.1,0.0
20200223:0211,0.0,0.0,0.0,-2.15,5.03,0.0
20200223:0311,0.0,0.0,0.0,-2.19,4.62,0.0
20200223:0411,0.0,0.0,0.0,-2.54,4.14,0.0
20200223:0511,0.0,0.0,0.0,-3.48,3.31,0.0
20200223:0611,0.0,0.0,0.0,-4.36,2.62,0.0
20200223:0711,0.0,1.11,2.16,-5.17,1.86,0.0
20200223:0811,685.63,774.18,8.65,-4.98,1.66,0.0
20200223:0911,5.96,16.23,14.05,-4.8,1.66,0.0
20200223:1011,74.64,97.49,17.97,-4.35,1.93,0.0
20200223:1111,372.05,414.35,20.07,-3.67,2.28,0.0
20200223:1211,601.16,673.55,20.15,-3.67,2.48,0.0
20200223:1311,57.38,78.71,18.19,-3.69,2.69,0.0
20200223:1411,75.41,97.95,14.4,-3.81,2.69,0.0
20200223:1511,29.92,46.92,9.09,-4.24,2.97,0.0
20200223:1611,0.0,1.12,2.67,-4.91,3.03,0.0
20200223:1711,0.0,0.0,0.0,-5.8,3.17,0.0
20200223:1811,0.0,0.0,0.0,-6.28,3.1,0.0
20200223:1911,0.0,0.0,0.0,-6.53,2.9,0.0
20200223:2011,0.0,0.0,0.0,-6.85,3.03,0.0
20200223:2111,0.0,0.0,0.0,-6.81,3.03,0.0
20200223:2211,0.0,0.0,0.0,-6.97,2.97,0.0
20200223:2311,0.0,0.0,0.0,-7.44,2.83,0.0
20200224:0011,0.0,0.0,0.0,-7.66,2.97,0.0
20200224:0111,0.0,0.0,0.0,-7.69,3.17,0.0
20200224:0211,0.0,0.0,0.0,-7.42,3.1,0.0
20200224:0311,0.0,0.0,0.0,-7.25,3.17,0.0
20200224:0411,0.0,0.0,0.0,-7.49,2.9,0.0
20200224:0511,0.0,0.0,0.0,-7.41,2.41,0.0
20200224:0611,0.0,0.0,0.0,-7.41,2.14,0.0
20200224:0711,0.0,1.11,2.5,-8.74,1.72,0.0
20200224:0811,130.95,152.46,8.99,-8.74,1.79,0.0
20200224:0911,15.03,28.41,14.41,-8.36,1.66,0.0
20200224:1011,39.83,58.03,18.34,-7.6,1.66,0.0
20200224:1111,129.73,155.2,20.44,-6.58,1.52,0.0
20200224:1211,459.71,508.69,20.52,-6.08,1.66,0.0
20200224:1311,806.24,935.0,18.55,-5.46,1.31,0.0
20200224:1411,56.26,77.09,14.74,-4.84,0.9,0.0
20200224:1511,14.58,28.13,9.42,-5.54,0.97,0.0
20200224:1611,0.0,2.24,2.98,-6.39,1.24,0.0
20200224:1711,0.0,0.0,0.0,-7.44,1.45,0.0
20200224:1811,0.0,0.0,0.0,-8.32,1.52,0.0
20200224:1911,0.0,0.0,0.0,-8.41,1.45,0.0
20200224:2011,0.0,0.0,0.0,-9.22,1.59,0.0
20200224:2111,0.0,0.0,0.0,-9.62,1.66,0.0
20200224:2211,0.0,0.0,0.0,-9.77,1.72,0.0
20200224:2311,0.0,0.0,0.0,-9.58,1.86,0.0
20200225:0011,0.0,0.0,0.0,-9.34,2.14,0.0
20200225:0111,0.0,0.0,0.0,-8.62,2.62,0.0
20200225:0211,0.0,0.0,0.0,-8.15,3.03,0.0
20200225:0311,0.0,0.0,0.0,-7.77,3.1,0.0
20200225:0411,0.0,0.0,0.0,-7.78,3.1,0.0
20200225:0511,0.0,0.0,0.0,-7.75,3.17,0.0
20200225:0611,0.0,0.0,0.0,-7.74,3.24,0.0
20200225:0711,0.0,1.67,2.84,-7.51,3.45,0.0
20200225:0811,8.43,19.66,9.35,-7.51,2.97,0.0
20200225:0911,7.17,17.87,14.77,-7.33,3.17,0.0
20200225:1011,528.2,573.93,18.71,-7.24,3.52,0.0
20200225:1111,357.07,389.74,20.82,-7.02,3.72,0.0
20200225:1211,689.98,758.48,20.89,-6.8,3.79,0.0
20200225:1311,864.51,967.59,18.91,-6.63,3.79,0.0
20200225:1411,93.19,115.57,15.08,-6.69,3.45,0.0
20200225:1511,42.33,60.49,9.74,-6.97,2.62,0.0
20200225:1611,0.0,2.8,3.3,-7.44,2.97,0.0
20200225:1711,0.0,0.0,0.0,-7.72,2.76,0.0
20200225:1811,0.0,0.0,0.0,-7.84,2.62,0.0
20200225:1911,0.0,0.0,0.0,-7.49,2.41,0.0
20200225:2011,0.0,0.0,0.0,-7.48,2.34,0.0
20200225:2111,0.0,0.0,0.0,-7.4,2.34,0.0
20200225:2211,0.0,0.0,0.0,-7.43,2.34,0.0
20200225:2311,0.0,0.0,0.0,-7.44,2.48,0.0
20200226:0011,0.0,0.0,0.0,-7.46,2.62,0.0
20200226:0111,0.0,0.0,0.0,-7.68,2.69,0.0
20200226:0211,0.0,0.0,0.0,-7.92,2.62,0.0
20200226:0311,0.0,0.0,0.0,-8.44,2.21,0.0
20200226:0411,0.0,0.0,0.0,-8.96,1.72,0.0
20200226:0511,0.0,0.0,0.0,-9.57,1.45,0.0
20200226:0611,0.0,0.0,0.0,-10.44,1.45,0.0
20200226:0711,0.0,1.67,3.19,-10.44,1.45,0.0
20200226:0811,146.09,167.16,9.7,-10.38,1.45,0.0
20200226:0911,139.82,162.18,15.13,-10.17,1.38,0.0
20200226:1011,65.17,85.36,19.08,-10.0,1.45,0.0
20200226:1111,45.48,63.94,21.19,-9.67,1.31,0.0
20200226:1211,15.48,28.93,21.26,-9.11,1.1,0.0
20200226:1311,50.1,69.3,19.27,-8.75,1.03,0.0
20200226:1411,21.72,36.7,15.42,-8.68,1.03,0.0
20200226:1511,14.79,28.14,10.07,-8.03,0.9,0.0
20200226:1611,0.32,6.17,3.61,-8.68,0.97,0.0
20200226:1711,0.0,0.0,0.0,-9.51,0.9,0.0
20200226:1811,0.0,0.0,0.0,-10.15,0.83,0.0
20200226:1911,0.0,0.0,0.0,-10.05,1.1,0.0
20200226:2011,0.0,0.0,0.0,-10.77,1.17,0.0
20200226:2111,0.0,0.0,0.0,-11.54,1.38,0.0
20200226:2211,0.0,0.0,0.0,-11.98,1.38,0.0
20200226:2311,0.0,0.0,0.0,-12.25,1.38,0.0
20200227:0011,0.0,0.0,0.0,-12.27,1.38,0.0
20200227:0111,0.0,0.0,0.0,-12.5,1.31,0.0
20200227:0211,0.0,0.0,0.0,-12.42,1.38,0.0
20200227:0311,0.0,0.0,0.0,-12.16,1.45,0.0
20200227:0411,0.0,0.0,0.0,-11.8,1.52,0.0
20200227:0511,0.0,0.0,0.0,-11.62,1.38,0.0
20200227:0611,0.0,0.0,0.0,-11.57,1.31,0.0
20200227:0711,0.0,1.67,3.54,-11.59,1.45,0.0
20200227:0811,106.22,126.12,10.06,-11.37,1.31,0.0
20200227:0911,449.15,484.96,15.5,-10.98,1.45,0.0
20200227:1011,230.97,255.92,19.45,-10.49,1.66,0.0
20200227:1111,77.02,98.1,21.57,-9.85,2.0,0.0
20200227:1211,16.2,29.8,21.63,-9.44,2.21,0.0
20200227:1311,12.96,25.67,19.63,-9.2,2.14,0.0
20200227:1411,49.57,68.51,15.77,-9.21,2.0,0.0
20200227:1511,16.08,29.67,10.4,-9.06,1.93,0.0
20200227:1611,175.62,196.09,3.93,-9.46,1.31,0.0
20200227:1711,0.0,0.0,0.0,-9.91,1.24,0.0
20200227:1811,0.0,0.0,0.0,-10.19,1.17,0.0
20200227:1911,0.0,0.0,0.0,-9.72,1.17,0.0
20200227:2011,0.0,0.0,0.0,-10.11,1.17,0.0
20200227:2111,0.0,0.0,0.0,-10.11,1.31,0.0
20200227:2211,0.0,0.0,0.0,-10.36,1.17,0.0
20200227:2311,0.0,0.0,0.0,-10.07,1.1,0.0
20200228:0011,0.0,0.0,0.0,-10.1,1.24,0.0
20200228:0111,0.0,0.0,0.0,-10.15,1.31,0.0
20200228:0211,0.0,0.0,0.0,-10.29,1.31,0.0
20200228:0311,0.0,0.0,0.0,-10.35,1.38,0.0
20200228:0411,0.0,0.0,0.0,-9.98,1.31,0.0
20200228:0511,0.0,0.0,0.0,-9.67,1.24,0.0
20200228:0611,0.0,0.0,0.0,-9.51,1.1,0.0
20200228:0711,0.55,6.69,3.89,-9.4,1.24,0.0
20200228:0811,2.58,10.61,10.42,-9.15,1.17,0.0
20200228:0911,48.42,67.49,15.87,-8.39,1.24,0.0
20200228:1011,97.98,121.19,19.83,-7.46,1.66,0.0
20200228:1111,86.36,109.5,21.95,-6.46,2.0,0.0
20200228:1211,15.87,29.8,22.0,-5.41,2.69,0.0
20200228:1311,13.34,26.52,19.99,-5.2,3.45,0.0
20200228:1411,8.26,19.57,16.11,-5.3,3.17,0.0
20200228:1511,2.98,11.41,10.73,-5.79,2.9,0.0
20200228:1611,44.53,62.02,4.24,-6.24,2.55,0.0
20200228:1711,0.0,0.0,0.0,-6.74,1.86,0.0
20200228:1811,0.0,0.0,0.0,-7.22,1.24,0.0
20200228:1911,0.0,0.0,0.0,-6.31,0.9,0.0
20200228:2011,0.0,0.0,0.0,-6.54,0.48,0.0
20200228:2111,0.0,0.0,0.0,-6.82,0.62,0.0
20200228:2211,0.0,0.0,0.0,-7.32,0.83,0.0
20200228:2311,0.0,0.0,0.0,-7.48,0.9,0.0
20200229:0011,0.0,0.0,0.0,-7.78,0.97,0.0
20200229:0111,0.0,0.0,0.0,-7.68,0.9,0.0
20200229:0211,0.0,0.0,0.0,-7.86,1.17,0.0
20200229:0311,0.0,0.0,0.0,-7.94,1.38,0.0
20200229:0411,0.0,0.0,0.0,-7.81,1.66,0.0
20200229:0511,0.0,0.0,0.0,-7.34,1.93,0.0
20200229:0611,0.0,0.0,0.0,-6.88,2.41,0.0
20200229:0711,0.0,2.79,3.89,-6.12,3.03,0.0
20200229:0811,12.81,25.76,10.42,-5.77,3.17,0.0
20200229:0911,16.77,30.9,15.87,-5.71,2.9,0.0
20200229:1011,28.55,45.26,19.83,-5.83,3.52,0.0
20200229:1111,140.92,166.63,21.95,-6.11,3.72,0.0
20200229:1211,37.16,55.22,22.0,-6.24,3.72,0.0
20200229:1311,84.94,107.7,19.99,-6.29,3.52,0.0
20200229:1411,61.76,82.48,16.11,-6.39,3.72,0.0
20200229:1511,7.41,18.26,10.73,-6.6,4.0,0.0
20200229:1611,0.06,5.57,4.24,-6.83,4.07,0.0
20200229:1711,0.0,0.0,0.0,-7.0,3.93,0.0
20200229:1811,0.0,0.0,0.0,-7.05,4.0,0.0
20200229:1911,0.0,0.0,0.0,-6.11,4.07,0.0
20200229:2011,0.0,0.0,0.0,-5.77,5.17,0.0
20200229:2111,0.0,0.0,0.0,-5.66,4.97,0.0
20200229:2211,0.0,0.0,0.0,-5.6,5.03,0.0
20200229:2311,0.0,0.0,0.0,-5.6,4.48,0.0
20200301:0011,0.0,0.0,0.0,-5.67,3.31,0.0
20200301:0111,0.0,0.0,0.0,-5.91,1.86,0.0
20200301:0211,0.0,0.0,0.0,-5.92,0.62,0.0
20200301:0311,0.0,0.0,0.0,-5.71,0.21,0.0
20200301:0411,0.0,0.0,0.0,-5.94,0.62,0.0
20200301:0511,0.0,0.0,0.0,-6.74,1.1,0.0
20200301:0611,0.0,0.0,0.0,-7.09,1.31,0.0
20200301:0711,77.73,97.35,4.25,-6.98,1.38,0.0
20200301:0811,203.4,229.05,10.79,-6.71,1.72,0.0
20200301:0911,109.38,133.15,16.25,-6.19,1.93,0.0
20200301:1011,309.4,344.45,20.21,-5.46,1.86,0.0
20200301:1111,137.15,164.08,22.33,-5.08,1.72,0.0
20200301:1211,16.5,30.68,22.38,-4.84,2.48,0.0
20200301:1311,13.93,27.38,20.35,-4.38,2.48,0.0
20200301:1411,36.28,54.65,16.46,-4.06,2.62,0.0
20200301:1511,736.75,833.91,11.06,-4.0,2.48,0.0
20200301:1611,16.57,30.32,4.56,-4.31,1.86,0.0
20200301:1711,0.0,0.0,0.0,-4.69,1.86,0.0
20200301:1811,0.0,0.0,0.0,-4.97,1.72,0.0
20200301:1911,0.0,0.0,0.0,-3.87,2.34,0.0
20200301:2011,0.0,0.0,0.0,-3.7,1.93,0.0
20200301:2111,0.0,0.0,0.0,-3.8,2.0,0.0
20200301:2211,0.0,0.0,0.0,-3.87,1.93,0.0
20200301:2311,0.0,0.0,0.0,-4.15,2.0,0.0
20200302:0011,0.0,0.0,0.0,-4.22,2.0,0.0
20200302:0111,0.0,0.0,0.0,-4.48,1.72,0.0
20200302:0211,0.0,0.0,0.0,-4.04,1.17,0.0
20200302:0311,0.0,0.0,0.0,-4.8,1.38,0.0
20200302:0411,0.0,0.0,0.0,-5.4,1.86,0.0
20200302:0511,0.0,0.0,0.0,-4.48,2.14,0.0
20200302:0611,0.0,0.0,0.0,-4.16,2.41,0.0
20200302:0711,0.0,3.47,4.6,-3.14,2.69,0.0
20200302:0811,11.53,24.28,11.15,-3.04,2.9,0.0
20200302:0911,62.56,84.64,16.62,-2.65,2.76,0.0
20200302:1011,90.95,115.86,20.6,-2.51,2.83,0.0
20200302:1111,61.08,83.23,22.71,-2.66,2.28,0.0
20200302:1211,16.93,31.55,22.76,-1.92,2.69,0.0
20200302:1311,100.35,126.15,20.71,-2.25,2.69,0.0
20200302:1411,9.87,22.02,16.81,-2.8,2.55,0.0
20200302:1511,269.48,302.05,11.39,-3.32,2.07,0.0
20200302:1611,58.19,77.74,4.87,-3.88,1.93,0.0
20200302:1711,0.0,0.0,0.0,-4.8,1.93,0.0
20200302:1811,0.0,0.0,0.0,-5.42,1.93,0.0
20200302:1911,0.0,0.0,0.0,-4.87,1.79,0.0
20200302:2011,0.0,0.0,0.0,-4.54,1.59,0.0
20200302:2111,0.0,0.0,0.0,-5.35,1.66,0.0
20200302:2211,0.0,0.0,0.0,-5.25,1.59,0.0
20200302:2311,0.0,0.0,0.0,-5.13,1.59,0.0
20200303:0011,0.0,0.0,0.0,-5.42,1.52,0.0
20200303:0111,0.0,0.0,0.0,-5.06,1.72,0.0
20200303:0211,0.0,0.0,0.0,-5.4,1.45,0.0
20200303:0311,0.0,0.0,0.0,-5.49,1.52,0.0
20200303:0411,0.0,0.0,0.0,-5.64,1.52,0.0
20200303:0511,0.0,0.0,0.0,-5.38,1.66,0.0
20200303:0611,0.0,0.0,0.0,-5.21,2.21,0.0
20200303:0711,100.25,121.94,4.96,-4.57,2.76,0.0
20200303:0811,99.51,122.69,11.52,-4.3,2.83,0.0
20200303:0911,34.8,52.92,17.0,-3.99,3.38,0.0
20200303:1011,14.48,28.2,20.98,-3.35,3.31,0.0
20200303:1111,734.33,827.47,23.1,-3.06,3.66,0.0
20200303:1211,17.71,32.43,23.13,-2.78,4.83,0.0
20200303:1311,22.55,38.5,21.08,-2.66,4.48,0.0
20200303:1411,19.81,35.08,17.15,-2.71,3.86,0.0
20200303:1511,575.18,639.1,11.72,-2.78,3.24,0.0
20200303:1611,16.92,30.95,5.19,-3.08,3.45,0.0
20200303:1711,0.0,0.0,0.0,-3.28,3.17,0.0
20200303:1811,0.0,0.0,0.0,-3.44,2.76,0.0
20200303:1911,0.0,0.0,0.0,-3.56,2.83,0.0
20200303:2011,0.0,0.0,0.0,-3.71,2.48,0.0
20200303:2111,0.0,0.0,0.0,-3.87,1.72,0.0
20200303:2211,0.0,0.0,0.0,-3.91,1.45,0.0
20200303:2311,0.0,0.0,0.0,-4.03,1.52,0.0
20200304:0011,0.0,0.0,0.0,-4.02,1.38,0.0
20200304:0111,0.0,0.0,0.0,-4.06,1.17,0.0
20200304:0211,0.0,0.0,0.0,-4.05,1.1,0.0
20200304:0311,0.0,0.0,0.0,-4.01,0.97,0.0
20200304:0411,0.0,0.0,0.0,-4.04,0.83,0.0
20200304:0511,0.0,0.0,0.0,-4.03,0.69,0.0
20200304:0611,0.0,0.0,0.0,-4.08,0.76,0.0
20200304:0711,18.5,32.91,5.33,-3.91,0.83,0.0
20200304:0811,275.66,309.88,11.89,-3.93,0.9,0.0
20200304:0911,251.62,285.72,17.38,-3.55,1.03,0.0
20200304:1011,295.04,335.06,21.37,-3.07,0.76,0.0
20200304:1111,690.09,816.66,23.49,-2.43,0.28,0.0
20200304:1211,17.66,32.43,23.51,-2.57,1.1,0.0
20200304:1311,152.02,181.27,21.45,-2.59,1.72,0.0
20200304:1411,174.24,203.54,17.5,-2.82,1.86,0.0
20200304:1511,418.48,466.65,12.05,-3.22,1.52,0.0
20200304:1611,195.69,222.72,5.51,-3.8,1.38,0.0
20200304:1711,0.0,0.0,0.0,-4.84,1.38,0.0
20200304:1811,0.0,0.0,0.0,-5.72,1.45,0.0
20200304:1911,0.0,0.0,0.0,-5.81,1.45,0.0
20200304:2011,0.0,0.0,0.0,-6.39,1.52,0.0
20200304:2111,0.0,0.0,0.0,-6.88,1.59,0.0
20200304:2211,0.0,0.0,0.0,-6.7,1.66,0.0
20200304:2311,0.0,0.0,0.0,-6.69,1.72,0.0
20200305:0011,0.0,0.0,0.0,-6.9,1.66,0.0
20200305:0111,0.0,0.0,0.0,-7.29,1.59,0.0
20200305:0211,0.0,0.0,0.0,-7.09,1.59,0.0
20200305:0311,0.0,0.0,0.0,-6.91,1.66,0.0
20200305:0411,0.0,0.0,0.0,-6.84,1.52,0.0
20200305:0511,0.0,0.0,0.0,-7.12,1.45,0.0
20200305:0611,0.0,0.0,0.0,-7.41,1.52,0.0
20200305:0711,628.29,698.44,5.69,-7.27,1.38,0.0
20200305:0811,799.46,910.09,12.27,-6.89,1.79,0.0
20200305:0911,867.54,995.58,17.76,-6.82,2.07,0.0
20200305:1011,891.76,1032.45,21.76,-6.56,1.93,0.0
20200305:1111,896.38,1044.94,23.88,-6.27,1.72,0.0
20200305:1211,46.31,65.73,23.9,-6.13,1.52,0.0
20200305:1311,72.79,94.96,21.81,-6.18,1.52,0.0
20200305:1411,717.04,812.47,17.85,-6.33,1.59,0.0
20200305:1511,792.56,906.18,12.38,-6.77,1.52,0.0
20200305:1611,627.52,694.48,5.82,-7.57,1.59,0.0
20200305:1711,0.0,0.0,0.0,-8.99,1.79,0.0
20200305:1811,0.0,0.0,0.0,-9.86,1.79,0.0
20200305:1911,0.0,0.0,0.0,-9.54,1.59,0.0
20200305:2011,0.0,0.0,0.0,-10.97,1.66,0.0
20200305:2111,0.0,0.0,0.0,-11.76,1.59,0.0
20200305:2211,0.0,0.0,0.0,-12.37,1.52,0.0
20200305:2311,0.0,0.0,0.0,-12.79,1.59,0.0
20200306:0011,0.0,0.0,0.0,-12.92,1.66,0.0
20200306:0111,0.0,0.0,0.0,-13.16,1.72,0.0
20200306:0211,0.0,0.0,0.0,-13.16,1.66,0.0
20200306:0311,0.0,0.0,0.0,-13.16,1.66,0.0
20200306:0411,0.0,0.0,0.0,-13.33,1.66,0.0
20200306:0511,0.0,0.0,0.0,-13.83,1.66,0.0
20200306:0611,0.0,0.0,0.0,-14.0,1.66,0.0
20200306:0711,216.8,236.17,6.06,-12.71,1.31,0.0
20200306:0811,810.78,911.28,12.64,-11.66,1.24,0.0
20200306:0911,860.86,996.66,18.15,-9.28,0.97,0.0
20200306:1011,872.68,1032.66,22.15,-7.27,0.69,0.0
20200306:1111,874.31,1045.53,24.27,-6.25,0.55,0.0
20200306:1211,283.03,319.08,24.28,-5.72,0.76,0.0
20200306:1311,798.48,925.56,22.18,-6.45,1.1,0.0
20200306:1411,445.84,493.16,18.2,-6.48,1.24,0.0
20200306:1511,786.87,905.92,12.71,-6.56,1.17,0.0
20200306:1611,633.46,703.33,6.14,-7.85,1.31,0.0
20200306:1711,0.0,0.0,0.0,-9.09,1.45,0.0
20200306:1811,0.0,0.0,0.0,-10.66,1.66,0.0
20200306:1911,0.0,0.0,0.0,-11.15,1.52,0.0
20200306:2011,0.0,0.0,0.0,-11.83,1.52,0.0
20200306:2111,0.0,0.0,0.0,-12.52,1.59,0.0
20200306:2211,0.0,0.0,0.0,-13.02,1.66,0.0
20200306:2311,0.0,0.0,0.0,-13.16,1.66,0.0
20200307:0011,0.0,0.0,0.0,-13.26,1.66,0.0
20200307:0111,0.0,0.0,0.0,-13.37,1.66,0.0
20200307:0211,0.0,0.0,0.0,-13.35,1.66,0.0
20200307:0311,0.0,0.0,0.0,-13.41,1.66,0.0
20200307:0411,0.0,0.0,0.0,-13.56,1.72,0.0
20200307:0511,0.0,0.0,0.0,-13.55,1.72,0.0
20200307:0611,0.0,0.0,0.0,-12.96,1.52,0.0
20200307:0711,655.88,702.37,6.43,-15.66,1.38,0.0
20200307:0811,813.14,900.46,13.02,-14.83,1.17,0.0
20200307:0911,862.17,984.56,18.53,-12.8,0.76,0.0
20200307:1011,494.0,545.2,22.54,-10.77,0.21,0.0
20200307:1111,380.83,421.55,24.66,-9.13,0.28,0.0
20200307:1211,532.95,590.64,24.66,-9.26,0.76,0.0
20200307:1311,836.15,968.76,22.55,-7.78,1.1,0.0
20200307:1411,850.45,981.25,18.55,-7.2,1.52,0.0
20200307:1511,157.05,181.31,13.04,-6.98,1.79,0.0
20200307:1611,124.74,146.53,6.46,-7.03,2.14,0.0
20200307:1711,0.0,0.0,0.0,-6.91,2.48,0.0
20200307:1811,0.0,0.0,0.0,-6.74,2.55,0.0
20200307:1911,0.0,0.0,0.0,-6.23,2.97,0.0
20200307:2011,0.0,0.0,0.0,-5.81,2.9,0.0
20200307:2111,0.0,0.0,0.0,-5.4,2.9,0.0
20200307:2211,0.0,0.0,0.0,-5.0,2.83,0.0
20200307:2311,0.0,0.0,0.0,-4.69,2.55,0.0
20200308:0011,0.0,0.0,0.0,-4.44,2.41,0.0
20200308:0111,0.0,0.0,0.0,-4.26,2.28,0.0
20200308:0211,0.0,0.0,0.0,-4.12,2.28,0.0
20200308:0311,0.0,0.0,0.0,-3.81,2.34,0.0
20200308:0411,0.0,0.0,0.0,-3.44,2.34,0.0
20200308:0511,0.0,0.0,0.0,-2.93,2.55,0.0
20200308:0611,0.0,0.0,0.0,-2.36,2.69,0.0
20200308:0711,590.8,662.36,6.81,-1.92,2.55,0.0
20200308:0811,324.82,363.6,13.4,-1.43,2.76,0.0
20200308:0911,57.04,79.16,18.92,-0.87,2.97,0.0
20200308:1011,846.38,986.21,22.93,-0.65,2.97,0.0
20200308:1111,122.23,150.98,25.05,-0.42,3.1,0.0
20200308:1211,264.93,303.51,25.05,-0.33,3.03,0.0
20200308:1311,15.56,29.94,22.92,-0.33,2.9,0.0
20200308:1411,46.15,66.9,18.9,-0.41,2.69,0.0
20200308:1511,409.19,459.85,13.38,-0.57,2.14,0.0
20200308:1611,157.16,184.61,6.78,-0.74,2.0,0.0
20200308:1711,0.0,0.0,0.0,-1.12,1.72,0.0
20200308:1811,0.0,0.0,0.0,-1.89,1.66,0.0
20200308:1911,0.0,0.0,0.0,-2.15,2.0,0.0
20200308:2011,0.0,0.0,0.0,-2.78,2.21,0.0
20200308:2111,0.0,0.0,0.0,-3.64,2.34,0.0
20200308:2211,0.0,0.0,0.0,-4.2,2.21,0.0
20200308:2311,0.0,0.0,0.0,-4.11,2.21,0.0
20200309:0011,0.0,0.0,0.0,-3.43,2.28,0.0
20200309:0111,0.0,0.0,0.0,-2.88,2.28,0.0
20200309:0211,0.0,0.0,0.0,-2.98,2.41,0.0
20200309:0311,0.0,0.0,0.0,-3.13,2.14,0.0
20200309:0411,0.0,0.0,0.0,-3.79,2.07,0.0
20200309:0511,0.0,0.0,0.0,-4.43,1.93,0.0
20200309:0611,0.0,0.0,0.0,-4.12,1.72,0.0
20200309:0711,114.98,138.86,7.18,-3.35,1.31,0.0
20200309:0811,234.71,266.26,13.78,-3.33,1.52,0.0
20200309:0911,176.59,205.86,19.31,-3.4,1.93,0.0
20200309:1011,70.05,93.27,23.33,-2.33,2.41,0.0
20200309:1111,46.95,67.48,25.45,-1.85,2.76,0.0
20200309:1211,19.64,35.05,25.43,-1.53,2.48,0.0
20200309:1311,263.68,300.99,23.29,-1.43,2.41,0.0
20200309:1411,10.97,23.66,19.25,-1.46,2.0,0.0
20200309:1511,402.42,453.35,13.71,-1.38,1.38,0.0
20200309:1611,104.51,128.86,7.09,-1.5,1.03,0.0
20200309:1711,0.0,0.0,0.0,-1.56,0.9,0.0
20200309:1811,0.0,0.0,0.0,-1.79,0.97,0.0
20200309:1911,0.0,0.0,0.0,-3.45,1.52,0.0
20200309:2011,0.0,0.0,0.0,-3.76,1.59,0.0
20200309:2111,0.0,0.0,0.0,-3.7,1.59,0.0
20200309:2211,0.0,0.0,0.0,-4.07,1.59,0.0
20200309:2311,0.0,0.0,0.0,-4.51,1.52,0.0
20200310:0011,0.0,0.0,0.0,-5.12,1.59,0.0
20200310:0111,0.0,0.0,0.0,-4.58,1.59,0.0
20200310:0211,0.0,0.0,0.0,-4.31,2.0,0.0
20200310:0311,0.0,0.0,0.0,-4.07,2.34,0.0
20200310:0411,0.0,0.0,0.0,-3.82,2.55,0.0
20200310:0511,0.0,0.0,0.0,-3.5,3.31,0.0
20200310:0611,0.0,0.0,0.0,-3.46,3.17,0.0
20200310:0711,10.61,23.08,7.56,-2.63,3.66,0.0
20200310:0811,6.24,16.79,14.17,-2.39,4.14,0.0
20200310:0911,193.01,222.88,19.7,-2.1,4.76,0.0
20200310:1011,70.9,94.15,23.72,-1.96,4.76,0.0
20200310:1111,226.17,259.4,25.84,-1.84,4.83,0.0
20200310:1211,111.5,138.43,25.82,-1.77,4.69,0.0
20200310:1311,17.01,31.64,23.66,-1.76,4.41,0.0
20200310:1411,40.83,60.37,19.6,-1.8,4.0,0.0
20200310:1511,23.99,40.38,14.04,-1.98,3.17,0.0
20200310:1611,161.76,188.49,7.41,-2.07,2.28,0.0
20200310:1711,0.0,0.0,0.0,-2.36,1.72,0.0
20200310:1811,0.0,0.0,0.0,-2.82,1.45,0.0
20200310:1911,0.0,0.0,0.0,-2.59,1.17,0.0
20200310:2011,0.0,0.0,0.0,-2.51,1.52,0.0
20200310:2111,0.0,0.0,0.0,-2.75,1.31,0.0
20200310:2211,0.0,0.0,0.0,-3.14,1.72,0.0
20200310:2311,0.0,0.0,0.0,-3.12,2.07,0.0
20200311:0011,0.0,0.0,0.0,-3.08,2.69,0.0
20200311:0111,0.0,0.0,0.0,-3.06,3.52,0.0
20200311:0211,0.0,0.0,0.0,-2.69,4.07,0.0
20200311:0311,0.0,0.0,0.0,-2.94,4.48,0.0
20200311:0411,0.0,0.0,0.0,-2.82,4.9,0.0
20200311:0511,0.0,0.0,0.0,-2.7,5.17,0.0
20200311:0611,0.0,0.0,0.0,-2.64,5.38,0.0
20200311:0711,566.01,618.44,7.93,-2.47,5.93,0.0
20200311:0811,33.07,51.17,14.55,-2.33,6.34,0.0
20200311:0911,198.59,228.42,20.09,-2.13,5.66,0.0
20200311:1011,370.76,411.53,24.12,-1.92,5.45,0.0
20200311:1111,131.98,160.37,26.24,-1.55,5.24,0.0
20200311:1211,21.08,36.8,26.21,-1.8,5.1,0.0
20200311:1311,17.69,32.5,24.03,-1.84,4.97,0.0
20200311:1411,127.79,155.03,19.95,-1.89,3.93,0.0
20200311:1511,574.35,641.62,14.37,-1.98,3.17,0.0
20200311:1611,63.24,84.23,7.73,-2.17,2.97,0.0
20200311:1711,0.0,0.0,0.0,-2.23,3.24,0.0
20200311:1811,0.0,0.0,0.0,-1.96,4.41,0.0
20200311:1911,0.0,0.0,0.0,-1.93,3.66,0.0
20200311:2011,0.0,0.0,0.0,-2.71,3.86,0.0
20200311:2111,0.0,0.0,0.0,-3.04,3.38,0.0
20200311:2211,0.0,0.0,0.0,-3.98,3.17,0.0
20200311:2311,0.0,0.0,0.0,-4.97,2.76,0.0
20200312:0011,0.0,0.0,0.0,-5.25,2.62,0.0
20200312:0111,0.0,0.0,0.0,-4.91,2.41,0.0
20200312:0211,0.0,0.0,0.0,-4.66,1.66,0.0
20200312:0311,0.0,0.0,0.0,-4.39,0.97,0.0
20200312:0411,0.0,0.0,0.0,-3.9,0.48,0.0
20200312:0511,0.0,0.0,0.0,-3.86,0.48,0.0
20200312:0611,0.0,0.0,0.0,-4.77,1.03,0.0
20200312:0711,332.04,365.72,8.31,-5.63,1.59,0.0
20200312:0811,838.6,961.96,14.94,-5.65,2.14,0.0
20200312:0911,894.17,1032.44,20.49,-4.79,2.62,0.0
20200312:1011,927.75,1064.21,24.52,-4.04,3.72,0.0
20200312:1111,305.83,341.5,26.64,-3.77,4.28,0.0
20200312:1211,21.97,37.67,26.59,-3.53,4.55,0.0
20200312:1311,18.51,33.35,24.4,-3.44,4.69,0.0
20200312:1411,885.09,1007.14,20.3,-3.4,4.14,0.0
20200312:1511,831.99,953.85,14.7,-3.49,2.83,0.0
20200312:1611,0.63,6.98,8.04,-3.45,3.45,0.0
20200312:1711,0.0,0.0,0.0,-3.66,3.1,0.0
20200312:1811,0.0,0.0,0.0,-4.48,2.9,0.0
20200312:1911,0.0,0.0,0.0,-3.62,4.0,0.0
20200312:2011,0.0,0.0,0.0,-3.67,3.93,0.0
20200312:2111,0.0,0.0,0.0,-4.17,3.59,0.0
20200312:2211,0.0,0.0,0.0,-4.3,3.24,0.0
20200312:2311,0.0,0.0,0.0,-4.32,2.69,0.0
20200313:0011,0.0,0.0,0.0,-4.13,2.21,0.0
20200313:0111,0.0,0.0,0.0,-4.49,1.79,0.0
20200313:0211,0.0,0.0,0.0,-5.03,1.52,0.0
20200313:0311,0.0,0.0,0.0,-5.05,1.38,0.0
20200313:0411,0.0,0.0,0.0,-5.46,1.45,0.0
20200313:0511,0.0,0.0,0.0,-5.73,1.59,0.0
20200313:0611,0.0,0.49,1.41,-5.98,1.79,0.0
20200313:0711,350.01,381.98,8.69,-5.58,3.24,0.0
20200313:0811,700.15,775.29,15.32,-5.95,3.38,0.0
20200313:0911,685.72,753.37,20.88,-6.48,4.07,0.0
20200313:1011,436.18,474.42,24.92,-6.84,4.21,0.0
20200313:1111,421.02,458.71,27.03,-6.91,4.21,0.0
20200313:1211,30.45,47.31,26.98,-6.94,4.28,0.0
20200313:1311,92.43,115.44,24.77,-6.97,4.28,0.0
20200313:1411,391.68,425.48,20.65,-7.06,4.0,0.0
20200313:1511,476.74,516.25,15.03,-7.42,3.38,0.0
20200313:1611,202.66,225.52,8.36,-8.11,2.97,0.0
20200313:1711,0.0,0.0,0.0,-8.94,2.55,0.0
20200313:1811,0.0,0.0,0.0,-9.72,2.28,0.0
20200313:1911,0.0,0.0,0.0,-9.92,1.93,0.0
20200313:2011,0.0,0.0,0.0,-9.94,1.72,0.0
20200313:2111,0.0,0.0,0.0,-9.61,1.52,0.0
20200313:2211,0.0,0.0,0.0,-9.13,1.31,0.0
20200313:2311,0.0,0.0,0.0,-8.89,1.1,0.0
20200314:0011,0.0,0.0,0.0,-9.24,1.03,0.0
20200314:0111,0.0,0.0,0.0,-9.82,1.03,0.0
20200314:0211,0.0,0.0,0.0,-10.17,0.97,0.0
20200314:0311,0.0,0.0,0.0,-10.48,0.9,0.0
20200314:0411,0.0,0.0,0.0,-10.78,1.03,0.0
20200314:0511,0.0,0.0,0.0,-10.85,1.03,0.0
20200314:0611,0.0,0.98,1.79,-11.0,0.9,0.0
20200314:0711,39.5,55.89,9.07,-13.7,0.97,0.0
20200314:0811,391.9,424.33,15.71,-11.99,0.55,0.0
20200314:0911,83.43,104.75,21.28,-10.6,0.34,0.0
20200314:1011,58.38,77.96,25.32,-10.28,1.03,0.0
20200314:1111,908.39,1048.92,27.43,-9.42,1.52,0.0
20200314:1211,171.14,197.62,27.37,-8.48,1.79,0.0
20200314:1311,32.58,49.59,25.14,-8.23,2.07,0.0
20200314:1411,201.89,227.91,21.0,-8.07,2.48,0.0
20200314:1511,63.63,84.0,15.36,-7.8,2.34,0.0
20200314:1611,46.72,64.93,8.67,-7.71,2.48,0.0
20200314:1711,0.0,0.0,0.0,-8.05,2.55,0.0
20200314:1811,0.0,0.0,0.0,-8.32,2.62,0.0
20200314:1911,0.0,0.0,0.0,-7.38,2.76,0.0
20200314:2011,0.0,0.0,0.0,-7.02,2.69,0.0
20200314:2111,0.0,0.0,0.0,-6.58,2.62,0.0
20200314:2211,0.0,0.0,0.0,-6.21,2.69,0.0
20200314:2311,0.0,0.0,0.0,-5.81,2.69,0.0
20200315:0011,0.0,0.0,0.0,-5.46,2.62,0.0
20200315:0111,0.0,0.0,0.0,-5.07,2.55,0.0
20200315:0211,0.0,0.0,0.0,-4.61,2.69,0.0
20200315:0311,0.0,0.0,0.0,-4.16,2.83,0.0
20200315:0411,0.0,0.0,0.0,-3.71,2.97,0.0
20200315:0511,0.0,0.0,0.0,-3.26,2.9,0.0
20200315:0611,0.0,0.98,2.17,-2.87,3.03,0.0
20200315:0711,709.94,799.69,9.45,-1.63,3.66,0.0
20200315:0811,7.26,18.38,16.1,-1.16,3.66,0.0
20200315:0911,878.98,1018.82,21.68,-0.78,3.66,0.0
20200315:1011,79.68,104.55,25.72,-0.44,3.52,0.0
20200315:1111,286.18,326.42,27.83,-0.28,3.59,0.0
20200315:1211,315.54,358.56,27.76,-0.06,3.52,0.0
20200315:1311,825.98,960.71,25.51,-0.05,3.17,0.0
20200315:1411,429.35,482.88,21.35,-0.07,3.1,0.0
20200315:1511,22.53,38.87,15.69,0.04,3.17,0.0
20200315:1611,1.26,8.38,8.99,-0.51,3.17,0.0
20200315:1711,0.0,0.49,1.67,-1.28,2.62,0.0
20200315:1811,0.0,0.0,0.0,-1.92,1.93,0.0
20200315:1911,0.0,0.0,0.0,-2.01,1.38,0.0
20200315:2011,0.0,0.0,0.0,-2.4,1.31,0.0
20200315:2111,0.0,0.0,0.0,-2.23,1.1,0.0
20200315:2211,0.0,0.0,0.0,-3.06,1.24,0.0
20200315:2311,0.0,0.0,0.0,-4.04,1.45,0.0
20200316:0011,0.0,0.0,0.0,-4.5,1.52,0.0
20200316:0111,0.0,0.0,0.0,-4.58,1.45,0.0
20200316:0211,0.0,0.0,0.0,-5.08,1.59,0.0
20200316:0311,0.0,0.0,0.0,-5.36,1.59,0.0
20200316:0411,0.0,0.0,0.0,-5.38,1.59,0.0
20200316:0511,0.0,0.0,0.0,-5.51,1.52,0.0
20200316:0611,0.0,1.48,2.54,-5.31,1.24,0.0
20200316:0711,388.93,431.06,9.84,-4.92,1.1,0.0
20200316:0811,498.58,564.03,16.49,-3.57,0.69,0.0
20200316:0911,194.47,226.8,22.07,-3.13,0.41,0.0
20200316:1011,122.44,150.23,26.12,-3.27,0.83,0.0
20200316:1111,468.61,530.14,28.23,-3.09,1.24,0.0
20200316:1211,384.26,433.91,28.15,-2.25,1.79,0.0
20200316:1311,44.05,64.12,25.88,-2.16,1.72,0.0
20200316:1411,112.81,139.79,21.7,-1.75,2.28,0.0
20200316:1511,28.36,45.73,16.02,-1.79,2.21,0.0
20200316:1611,638.14,721.84,9.3,-2.49,2.07,0.0
20200316:1711,0.0,0.97,1.98,-3.21,2.14,0.0
20200316:1811,0.0,0.0,0.0,-4.27,2.21,0.0
20200316:1911,0.0,0.0,0.0,-4.48,2.48,0.0
20200316:2011,0.0,0.0,0.0,-4.67,2.21,0.0
20200316:2111,0.0,0.0,0.0,-4.84,2.34,0.0
20200316:2211,0.0,0.0,0.0,-4.89,2.55,0.0
20200316:2311,0.0,0.0,0.0,-4.36,2.76,0.0
20200317:0011,0.0,0.0,0.0,-3.59,3.59,0.0
20200317:0111,0.0,0.0,0.0,-2.87,3.66,0.0
20200317:0211,0.0,0.0,0.0,-2.1,3.72,0.0
20200317:0311,0.0,0.0,0.0,-1.62,3.93,0.0
20200317:0411,0.0,0.0,0.0,-1.37,3.79,0.0
20200317:0511,0.0,0.0,0.0,-1.18,3.79,0.0
20200317:0611,0.0,1.48,2.92,-0.71,4.0,0.0
20200317:0711,2.02,9.86,10.22,-0.83,4.34,0.0
20200317:0811,849.82,972.81,16.88,-0.37,4.55,0.0
20200317:0911,519.46,580.19,22.47,-0.17,4.62,0.0
20200317:1011,575.33,647.62,26.53,0.24,4.34,0.0
20200317:1111,470.02,527.9,28.63,0.27,4.48,0.0
20200317:1211,568.41,640.8,28.53,0.05,4.07,0.0
20200317:1311,868.07,1002.29,26.25,0.12,4.34,0.0
20200317:1411,885.92,1028.98,22.05,-0.1,3.86,0.0
20200317:1511,832.16,956.14,16.35,-0.43,3.93,0.0
20200317:1611,715.29,804.4,9.62,-0.82,4.34,0.0
20200317:1711,0.0,0.98,2.28,-1.3,4.28,0.0
20200317:1811,0.0,0.0,0.0,-1.58,4.41,0.0
20200317:1911,0.0,0.0,0.0,-1.15,4.83,0.0
20200317:2011,0.0,0.0,0.0,-1.24,4.55,0.0
20200317:2111,0.0,0.0,0.0,-1.29,4.41,0.0
20200317:2211,0.0,0.0,0.0,-1.54,4.07,0.0
20200317:2311,0.0,0.0,0.0,-1.54,3.59,0.0
20200318:0011,0.0,0.0,0.0,-1.51,3.38,0.0
20200318:0111,0.0,0.0,0.0,-1.49,2.83,0.0
20200318:0211,0.0,0.0,0.0,-1.54,2.55,0.0
20200318:0311,0.0,0.0,0.0,-1.58,2.48,0.0
20200318:0411,0.0,0.0,0.0,-1.51,2.34,0.0
20200318:0511,0.0,0.0,0.0,-1.46,2.62,0.0
20200318:0611,0.0,2.97,3.3,-1.8,3.17,0.0
20200318:0711,49.17,69.26,10.6,-1.97,3.79,0.0
20200318:0811,546.06,604.52,17.27,-2.28,4.21,0.0
20200318:0911,392.84,435.71,22.87,-2.59,4.0,0.0
20200318:1011,330.62,368.54,26.93,-2.55,5.17,0.0
20200318:1111,417.94,462.41,29.03,-2.64,5.38,0.0
20200318:1211,443.29,490.68,28.92,-2.63,4.97,0.0
20200318:1311,76.44,100.01,26.62,-2.61,4.55,0.0
20200318:1411,545.85,603.18,22.4,-2.67,4.62,0.0
20200318:1511,81.13,104.43,16.68,-2.91,4.48,0.0
20200318:1611,2.79,11.18,9.93,-3.24,4.28,0.0
20200318:1711,0.35,6.34,2.59,-3.47,4.0,0.0
20200318:1811,0.0,0.0,0.0,-4.05,3.86,0.0
20200318:1911,0.0,0.0,0.0,-4.04,3.93,0.0
20200318:2011,0.0,0.0,0.0,-4.25,3.86,0.0
20200318:2111,0.0,0.0,0.0,-4.43,3.72,0.0
20200318:2211,0.0,0.0,0.0,-4.84,3.66,0.0
20200318:2311,0.0,0.0,0.0,-4.95,3.66,0.0
20200319:0011,0.0,0.0,0.0,-5.03,3.59,0.0
20200319:0111,0.0,0.0,0.0,-5.08,3.45,0.0
20200319:0211,0.0,0.0,0.0,-4.86,3.45,0.0
20200319:0311,0.0,0.0,0.0,-4.86,3.31,0.0
20200319:0411,0.0,0.0,0.0,-4.76,3.1,0.0
20200319:0511,0.0,0.0,0.0,-4.84,2.97,0.0
20200319:0611,0.0,2.55,3.68,-4.73,3.1,0.0
20200319:0711,26.43,43.05,10.99,-4.12,2.34,0.0
20200319:0811,864.95,1012.64,17.66,-3.49,1.93,0.0
20200319:0911,116.36,142.87,23.27,-3.15,2.62,0.0
20200319:1011,423.31,473.82,27.33,-2.35,2.83,0.0
20200319:1111,276.47,316.02,29.43,-1.82,2.14,0.0
20200319:1211,24.54,41.17,29.31,-1.51,2.0,0.0
20200319:1311,20.98,36.75,26.99,-1.39,2.14,0.0
20200319:1411,15.21,29.36,22.74,-1.39,1.86,0.0
20200319:1511,301.93,339.88,17.01,-1.91,2.21,0.0
20200319:1611,47.66,67.45,10.24,-2.48,2.48,0.0
20200319:1711,0.15,5.85,2.9,-3.49,2.28,0.0
20200319:1811,0.0,0.0,0.0,-4.81,2.21,0.0
20200319:1911,0.0,0.0,0.0,-5.38,2.21,0.0
20200319:2011,0.0,0.0,0.0,-5.99,2.0,0.0
20200319:2111,0.0,0.0,0.0,-6.44,1.93,0.0
20200319:2211,0.0,0.0,0.0,-7.15,1.86,0.0
20200319:2311,0.0,0.0,0.0,-7.58,1.86,0.0
20200320:0011,0.0,0.0,0.0,-7.09,1.66,0.0
20200320:0111,0.0,0.0,0.0,-6.93,1.66,0.0
20200320:0211,0.0,0.0,0.0,-7.09,1.79,0.0
20200320:0311,0.0,0.0,0.0,-7.4,1.79,0.0
20200320:0411,0.0,0.0,0.0,-7.67,1.86,0.0
20200320:0511,0.0,0.0,0.0,-7.91,1.86,0.0
20200320:0611,554.75,603.22,4.06,-8.06,2.0,0.0
20200320:0711,809.48,914.8,11.37,-8.11,1.93,0.0
20200320:0811,902.27,1036.71,18.06,-7.77,2.07,0.0
20200320:0911,943.64,1092.42,23.67,-7.38,2.21,0.0
20200320:1011,949.26,1115.39,27.73,-6.51,1.79,0.0
20200320:1111,177.66,207.1,29.83,-5.66,1.72,0.0
20200320:1211,25.69,42.04,29.7,-5.01,1.72,0.0
20200320:1311,61.35,82.9,27.36,-4.64,1.79,0.0
20200320:1411,223.88,255.04,23.09,-4.74,1.86,0.0
20200320:1511,28.83,45.73,17.33,-5.15,1.72,0.0
20200320:1611,775.66,883.89,10.56,-6.07,1.72,0.0
20200320:1711,0.0,2.44,3.2,-7.51,1.72,0.0
20200320:1811,0.0,0.0,0.0,-9.06,1.93,0.0
20200320:1911,0.0,0.0,0.0,-8.01,1.86,0.0
20200320:2011,0.0,0.0,0.0,-8.83,1.72,0.0
20200320:2111,0.0,0.0,0.0,-9.55,1.66,0.0
20200320:2211,0.0,0.0,0.0,-10.51,1.66,0.0
20200320:2311,0.0,0.0,0.0,-11.47,1.66,0.0
20200321:0011,0.0,0.0,0.0,-11.97,1.66,0.0
20200321:0111,0.0,0.0,0.0,-12.46,1.66,0.0
20200321:0211,0.0,0.0,0.0,-12.78,1.72,0.0
20200321:0311,0.0,0.0,0.0,-13.16,1.72,0.0
20200321:0411,0.0,0.0,0.0,-13.48,1.66,0.0
20200321:0511,0.0,0.0,0.0,-13.7,1.59,0.0
20200321:0611,568.43,605.57,4.45,-13.82,1.52,0.0
20200321:0711,813.99,909.94,11.76,-13.33,1.1,0.0
20200321:0811,889.96,1028.39,18.45,-11.43,0.83,0.0
20200321:0911,908.68,1083.62,24.07,-8.58,0.48,0.0
20200321:1011,909.99,1108.07,28.14,-6.82,0.21,0.0
20200321:1111,26.63,42.98,30.23,-6.38,0.9,0.0
20200321:1211,25.77,42.04,30.09,-5.69,1.1,0.0
20200321:1311,161.06,190.06,27.73,-5.16,1.03,0.0
20200321:1411,895.0,1076.18,23.44,-4.69,0.83,0.0
20200321:1511,8.93,20.58,17.66,-4.51,0.41,0.0
20200321:1611,337.13,374.66,10.87,-5.92,0.41,0.0
20200321:1711,0.0,1.89,3.5,-9.0,0.97,0.0
20200321:1811,0.0,0.0,0.0,-10.6,1.1,0.0
20200321:1911,0.0,0.0,0.0,-11.58,1.17,0.0
20200321:2011,0.0,0.0,0.0,-11.97,1.17,0.0
20200321:2111,0.0,0.0,0.0,-12.5,1.31,0.0
20200321:2211,0.0,0.0,0.0,-11.96,1.1,0.0
20200321:2311,0.0,0.0,0.0,-11.93,0.9,0.0
20200322:0011,0.0,0.0,0.0,-11.91,0.76,0.0
20200322:0111,0.0,0.0,0.0,-11.71,0.76,0.0
20200322:0211,0.0,0.0,0.0,-12.37,0.76,0.0
20200322:0311,0.0,0.0,0.0,-11.89,0.62,0.0
20200322:0411,0.0,0.0,0.0,-12.62,0.62,0.0
20200322:0511,0.0,0.0,0.0,-13.0,0.76,0.0
20200322:0611,0.0,3.2,4.83,-13.12,0.76,0.0
20200322:0711,802.73,918.09,12.14,-11.37,0.48,0.0
20200322:0811,236.05,262.29,18.84,-10.29,0.48,0.0
20200322:0911,915.17,1088.65,24.46,-8.9,0.55,0.0
20200322:1011,935.4,1110.88,28.54,-7.85,0.97,0.0
20200322:1111,497.51,553.51,30.63,-6.76,1.45,0.0
20200322:1211,949.12,1119.33,30.47,-5.86,1.79,0.0
20200322:1311,331.81,369.48,28.09,-5.42,2.28,0.0
20200322:1411,616.43,687.22,23.78,-4.99,2.62,0.0
20200322:1511,879.69,1016.86,17.98,-5.15,2.28,0.0
20200322:1611,520.14,574.73,11.18,-5.42,1.93,0.0
20200322:1711,0.0,2.52,3.81,-5.64,1.93,0.0
20200322:1811,0.0,0.0,0.0,-6.12,1.79,0.0
20200322:1911,0.0,0.0,0.0,-6.33,1.66,0.0
20200322:2011,0.0,0.0,0.0,-6.76,1.59,0.0
20200322:2111,0.0,0.0,0.0,-6.95,1.66,0.0
20200322:2211,0.0,0.0,0.0,-7.16,1.66,0.0
20200322:2311,0.0,0.0,0.0,-6.84,1.72,0.0
20200323:0011,0.0,0.0,0.0,-6.67,1.86,0.0
20200323:0111,0.0,0.0,0.0,-6.53,2.0,0.0
20200323:0211,0.0,0.0,0.0,-6.62,1.93,0.0
20200323:0311,0.0,0.0,0.0,-7.2,1.72,0.0
20200323:0411,0.0,0.0,0.0,-7.47,1.59,0.0
20200323:0511,0.0,0.0,0.0,-7.4,1.45,0.0
20200323:0611,0.0,3.84,5.21,-7.3,1.38,0.0
20200323:0711,3.79,12.76,12.53,-6.24,1.17,0.0
20200323:0811,10.86,23.12,19.23,-6.11,1.45,0.0
20200323:0911,929.81,1096.12,24.86,-5.18,1.79,0.0
20200323:1011,945.28,1119.8,28.94,-4.09,2.0,0.0
20200323:1111,162.13,192.5,31.03,-3.2,2.14,0.0
20200323:1211,150.94,181.13,30.86,-2.22,2.41,0.0
20200323:1311,798.16,926.49,28.46,-2.1,2.41,0.0
20200323:1411,725.42,831.99,24.12,-2.42,2.34,0.0
20200323:1511,79.21,102.67,18.31,-2.93,2.69,0.0
20200323:1611,20.29,35.65,11.49,-3.26,2.55,0.0
20200323:1711,0.0,0.0,0.0,-4.0,2.34,0.0
20200323:1811,0.0,0.0,0.0,-4.79,2.07,0.0
20200323:1911,0.0,0.0,0.0,-5.48,2.14,0.0
20200323:2011,0.0,0.0,0.0,-5.94,1.86,0.0
20200323:2111,0.0,0.0,0.0,-6.17,1.79,0.0
20200323:2211,0.0,0.0,0.0,-6.72,1.86,0.0
20200323:2311,0.0,0.0,0.0,-7.28,2.0,0.0
20200324:0011,0.0,0.0,0.0,-7.45,2.0,0.0
20200324:0111,0.0,0.0,0.0,-7.8,2.07,0.0
20200324:0211,0.0,0.0,0.0,-8.06,2.14,0.0
20200324:0311,0.0,0.0,0.0,-8.0,2.21,0.0
20200324:0411,0.0,0.0,0.0,-7.74,2.28,0.0
20200324:0511,0.0,0.0,0.0,-7.63,2.21,0.0
20200324:0611,96.88,117.61,5.59,-7.02,2.0,0.0
20200324:0711,763.17,866.14,12.91,-6.13,1.86,0.0
20200324:0811,657.13,740.55,19.62,-5.26,1.79,0.0
20200324:0911,304.61,340.74,25.26,-4.88,2.0,0.0
20200324:1011,915.87,1072.95,29.34,-3.2,2.55,0.0
20200324:1111,942.22,1108.41,31.43,-1.93,2.97,0.0
20200324:1211,910.5,1065.41,31.25,-1.24,3.24,0.0
20200324:1311,144.75,174.87,28.83,-0.99,3.31,0.0
20200324:1411,696.25,793.6,24.47,-1.11,3.1,0.0
20200324:1511,28.92,46.5,18.63,-1.1,3.72,0.0
20200324:1611,22.36,38.45,11.8,-1.49,3.59,0.0
20200324:1711,499.78,550.85,4.41,-2.07,3.38,0.0
20200324:1811,0.0,0.0,0.0,-3.18,3.03,0.0
20200324:1911,0.0,0.0,0.0,-3.59,2.76,0.0
20200324:2011,0.0,0.0,0.0,-4.17,2.48,0.0
20200324:2111,0.0,0.0,0.0,-4.54,2.55,0.0
20200324:2211,0.0,0.0,0.0,-4.71,2.62,0.0
20200324:2311,0.0,0.0,0.0,-4.95,2.69,0.0
20200325:0011,0.0,0.0,0.0,-4.96,2.69,0.0
20200325:0111,0.0,0.0,0.0,-4.54,2.76,0.0
20200325:0211,0.0,0.0,0.0,-3.62,2.9,0.0
20200325:0311,0.0,0.0,0.0,-3.28,2.9,0.0
20200325:0411,0.0,0.0,0.0,-2.66,2.9,0.0
20200325:0511,0.0,0.0,0.0,-2.28,2.97,0.0
20200325:0611,18.94,33.78,5.97,-1.6,3.1,0.0
20200325:0711,28.55,46.17,13.3,-0.61,3.17,0.0
20200325:0811,168.09,198.92,20.01,0.1,3.38,0.0
20200325:0911,24.3,41.15,25.66,0.62,3.59,0.0
20200325:1011,23.6,40.38,29.74,1.27,3.86,0.0
20200325:1111,26.38,43.86,31.83,1.44,4.07,0.0
20200325:1211,26.25,43.78,31.63,1.88,4.0,0.0
20200325:1311,22.73,39.29,29.19,1.23,3.1,0.0
20200325:1411,16.19,30.98,24.81,1.76,3.17,0.0
20200325:1511,14.12,28.2,18.95,1.54,3.52,0.0
20200325:1611,3.09,11.89,12.1,1.45,3.24,0.0
20200325:1711,0.0,3.15,4.71,1.06,2.76,0.0
20200325:1811,0.0,0.0,0.0,0.75,2.62,0.0
20200325:1911,0.0,0.0,0.0,0.42,2.07,0.0
20200325:2011,0.0,0.0,0.0,0.45,2.21,0.0
20200325:2111,0.0,0.0,0.0,0.25,2.28,0.0
20200325:2211,0.0,0.0,0.0,0.11,2.28,0.0
20200325:2311,0.0,0.0,0.0,-0.06,2.28,0.0
20200326:0011,0.0,0.0,0.0,-0.36,2.21,0.0
20200326:0111,0.0,0.0,0.0,-0.75,2.21,0.0
20200326:0211,0.0,0.0,0.0,-0.79,2.14,0.0
20200326:0311,0.0,0.0,0.0,-1.02,1.93,0.0
20200326:0411,0.0,0.0,0.0,-1.05,1.79,0.0
20200326:0511,0.0,0.0,0.0,-1.7,1.66,0.0
20200326:0611,0.0,5.14,6.35,-1.93,1.52,0.0
20200326:0711,764.54,900.57,13.68,-1.0,1.31,0.0
20200326:0811,815.13,972.48,20.4,-0.17,1.45,0.0
20200326:0911,880.37,1063.8,26.06,0.78,1.72,0.0
20200326:1011,831.04,986.17,30.15,1.29,2.41,0.0
20200326:1111,545.69,627.95,32.22,1.65,2.41,0.0
20200326:1211,320.92,370.89,32.02,1.92,2.07,0.0
20200326:1311,336.82,388.65,29.55,1.71,1.59,0.0
20200326:1411,865.97,1053.91,25.15,1.75,1.52,0.0
20200326:1511,678.66,799.55,19.27,1.51,1.31,0.0
20200326:1611,729.87,865.85,12.41,1.07,1.17,0.0
20200326:1711,55.22,75.9,5.01,0.63,1.17,0.0
20200326:1811,0.0,0.0,0.0,-0.13,1.17,0.0
20200326:1911,0.0,0.0,0.0,-0.66,1.31,0.0
20200326:2011,0.0,0.0,0.0,-0.97,1.31,0.0
20200326:2111,0.0,0.0,0.0,-1.25,1.31,0.0
20200326:2211,0.0,0.0,0.0,-1.47,1.24,0.0
20200326:2311,0.0,0.0,0.0,-1.41,1.1,0.0
20200327:0011,0.0,0.0,0.0,-1.41,0.97,0.0
20200327:0111,0.0,0.0,0.0,-1.41,0.9,0.0
20200327:0211,0.0,0.0,0.0,-2.03,1.03,0.0
20200327:0311,0.0,0.0,0.0,-2.0,1.03,0.0
20200327:0411,0.0,0.0,0.0,-2.0,1.17,0.0
20200327:0511,0.0,0.0,0.0,-1.6,1.24,0.0
20200327:0611,244.76,277.35,6.73,-1.8,1.38,0.0
20200327:0711,792.15,936.7,14.06,-1.06,1.38,0.0
20200327:0811,867.84,1038.04,20.79,-0.52,1.72,0.0
20200327:0911,902.15,1088.94,26.45,-0.25,1.72,0.0
20200327:1011,921.78,1111.4,30.55,0.15,2.07,0.0
20200327:1111,707.6,820.71,32.62,0.44,2.62,0.0
20200327:1211,291.24,334.66,32.4,0.24,2.69,0.0
20200327:1311,926.56,1106.95,29.92,0.3,2.62,0.0
20200327:1411,390.77,442.29,25.49,0.18,2.69,0.0
20200327:1511,753.86,872.95,19.59,-0.21,2.62,0.0
20200327:1611,773.2,896.74,12.72,-0.81,2.34,0.0
20200327:1711,551.07,618.59,5.31,-1.51,2.14,0.0
20200327:1811,0.0,0.0,0.0,-2.61,2.0,0.0
20200327:1911,0.0,0.0,0.0,-3.49,1.93,0.0
20200327:2011,0.0,0.0,0.0,-4.49,1.93,0.0
20200327:2111,0.0,0.0,0.0,-5.19,1.93,0.0
20200327:2211,0.0,0.0,0.0,-5.57,1.93,0.0
20200327:2311,0.0,0.0,0.0,-5.73,2.0,0.0
20200328:0011,0.0,0.0,0.0,-5.85,1.93,0.0
20200328:0111,0.0,0.0,0.0,-5.94,1.79,0.0
20200328:0211,0.0,0.0,0.0,-6.13,1.79,0.0
20200328:0311,0.0,0.0,0.0,-6.12,1.86,0.0
20200328:0411,0.0,0.0,0.0,-5.92,2.0,0.0
20200328:0511,0.0,0.0,0.0,-5.66,2.41,0.0
20200328:0611,694.43,774.18,7.11,-5.71,2.48,0.0
20200328:0711,847.95,978.81,14.45,-5.23,2.0,0.0
20200328:0811,920.38,1075.71,21.18,-4.57,2.28,0.0
20200328:0911,964.78,1121.36,26.85,-3.81,3.31,0.0
20200328:1011,870.99,999.79,30.95,-3.19,3.59,0.0
20200328:1111,795.14,902.41,33.01,-2.93,4.0,0.0
20200328:1211,728.49,817.07,32.78,-2.81,4.69,0.0
20200328:1311,790.75,892.06,30.28,-2.72,4.62,0.0
20200328:1411,818.27,924.84,25.83,-2.77,4.55,0.0
20200328:1511,893.27,1018.29,19.91,-3.0,4.28,0.0
20200328:1611,832.5,940.51,13.02,-3.66,3.93,0.0
20200328:1711,624.23,683.93,5.61,-4.61,4.07,0.0
20200328:1811,0.0,0.0,0.0,-5.9,3.72,0.0
20200328:1911,0.0,0.0,0.0,-7.24,3.66,0.0
20200328:2011,0.0,0.0,0.0,-8.07,3.52,0.0
20200328:2111,0.0,0.0,0.0,-8.75,3.1,0.0
20200328:2211,0.0,0.0,0.0,-9.18,2.69,0.0
20200328:2311,0.0,0.0,0.0,-9.67,2.55,0.0
20200329:0011,0.0,0.0,0.0,-10.16,2.28,0.0
20200329:0111,0.0,0.0,0.0,-10.51,2.14,0.0
20200329:0211,0.0,0.0,0.0,-10.96,2.0,0.0
20200329:0311,0.0,0.0,0.0,-11.37,2.07,0.0
20200329:0411,0.0,0.0,0.0,-11.67,2.14,0.0
20200329:0511,0.0,0.0,0.0,-11.88,2.07,0.0
20200329:0611,716.75,784.56,7.48,-11.43,1.93,0.0
20200329:0711,865.9,980.79,14.83,-10.36,1.72,0.0
20200329:0811,242.99,269.8,21.57,-8.59,2.28,0.0
20200329:0911,745.62,828.09,27.24,-6.98,3.45,0.0
20200329:1011,670.94,738.96,31.34,-5.65,4.62,0.0
20200329:1111,465.57,511.69,33.41,-4.87,4.69,0.0
20200329:1211,826.59,927.64,33.16,-4.26,4.83,0.0
20200329:1311,527.02,579.91,30.64,-3.96,4.97,0.0
20200329:1411,972.75,1110.89,26.17,-3.9,4.69,0.0
20200329:1511,207.45,236.32,20.23,-3.8,4.34,0.0
20200329:1611,591.6,652.13,13.32,-3.89,3.86,0.0
20200329:1711,629.78,697.83,5.91,-4.43,2.9,0.0
20200329:1811,0.0,0.0,0.0,-5.46,2.41,0.0
20200329:1911,0.0,0.0,0.0,-5.81,2.48,0.0
20200329:2011,0.0,0.0,0.0,-5.96,2.21,0.0
20200329:2111,0.0,0.0,0.0,-5.87,1.86,0.0
20200329:2211,0.0,0.0,0.0,-6.61,1.72,0.0
20200329:2311,0.0,0.0,0.0,-6.49,1.52,0.0
20200330:0011,0.0,0.0,0.0,-6.5,1.45,0.0
20200330:0111,0.0,0.0,0.0,-6.49,1.52,0.0
20200330:0211,0.0,0.0,0.0,-6.82,1.66,0.0
20200330:0311,0.0,0.0,0.0,-6.86,1.59,0.0
20200330:0411,0.0,0.0,0.0,-6.73,1.52,0.0
20200330:0511,0.0,0.0,0.0,-6.88,1.52,0.0
20200330:0611,690.84,776.93,7.86,-6.75,1.45,0.0
20200330:0711,821.19,971.39,15.21,-4.12,0.9,0.0
20200330:0811,889.83,1064.68,21.96,-4.3,1.03,0.0
20200330:0911,919.49,1110.52,27.64,-3.27,1.17,0.0
20200330:1011,746.04,881.66,31.74,-2.74,0.83,0.0
20200330:1111,624.6,723.54,33.8,-2.27,1.03,0.0
20200330:1211,505.57,576.34,33.54,-2.1,1.38,0.0
20200330:1311,913.53,1092.44,31.0,-1.91,1.86,0.0
20200330:1411,477.93,538.86,26.5,-1.86,2.07,0.0
20200330:1511,883.64,1042.65,20.54,-2.26,2.07,0.0
20200330:1611,799.22,930.08,13.63,-2.75,1.79,0.0
20200330:1711,63.79,84.2,6.21,-3.49,1.52,0.0
20200330:1811,0.0,0.0,0.0,-4.06,1.31,0.0
20200330:1911,0.0,0.0,0.0,-3.93,1.31,0.0
20200330:2011,0.0,0.0,0.0,-4.54,1.31,0.0
20200330:2111,0.0,0.0,0.0,-5.38,1.38,0.0
20200330:2211,0.0,0.0,0.0,-6.32,1.45,0.0
20200330:2311,0.0,0.0,0.0,-7.47,1.59,0.0
20200331:0011,0.0,0.0,0.0,-8.57,1.72,0.0
20200331:0111,0.0,0.0,0.0,-9.24,1.86,0.0
20200331:0211,0.0,0.0,0.0,-9.58,1.93,0.0
20200331:0311,0.0,0.0,0.0,-9.94,2.07,0.0
20200331:0411,0.0,0.0,0.0,-10.24,2.28,0.0
20200331:0511,0.0,0.0,0.0,-10.34,2.48,0.0
20200331:0611,13.59,26.52,8.24,-9.16,2.55,0.0
20200331:0711,34.09,51.46,15.59,-7.6,2.21,0.0
20200331:0811,383.82,424.17,22.34,-4.97,2.48,0.0
20200331:0911,828.9,949.12,28.03,-3.08,3.31,0.0
20200331:1011,220.68,254.69,32.14,-1.81,4.41,0.0
20200331:1111,29.67,47.39,34.2,-1.2,5.03,0.0
20200331:1211,486.27,543.61,33.92,-0.64,5.1,0.0
20200331:1311,751.92,860.73,31.36,-0.5,3.79,0.0
20200331:1411,18.91,34.23,26.84,-0.35,4.21,0.0
20200331:1511,41.72,61.75,20.86,-0.41,3.31,0.0
20200331:1611,49.23,69.93,13.93,-0.96,3.86,0.0
20200331:1711,453.68,501.49,6.5,-1.55,3.59,0.0
20200331:1811,0.0,0.0,0.0,-2.85,3.17,0.0
20200331:1911,0.0,0.0,0.0,-3.53,2.62,0.0
20200331:2011,0.0,0.0,0.0,-4.02,2.41,0.0
20200331:2111,0.0,0.0,0.0,-4.61,2.55,0.0
20200331:2211,0.0,0.0,0.0,-5.06,2.48,0.0
20200331:2311,0.0,0.0,0.0,-5.46,2.41,0.0
20200401:0011,0.0,0.0,0.0,-5.82,2.41,0.0
20200401:0111,0.0,0.0,0.0,-5.82,2.28,0.0
20200401:0211,0.0,0.0,0.0,-5.86,2.14,0.0
20200401:0311,0.0,0.0,0.0,-5.86,2.07,0.0
20200401:0411,0.0,0.0,0.0,-6.14,2.07,0.0
20200401:0511,0.0,0.0,0.0,-5.86,1.86,0.0
20200401:0611,493.01,543.09,8.61,-5.8,1.72,0.0
20200401:0711,731.31,840.77,15.96,-3.99,1.52,0.0
20200401:0811,48.6,69.07,22.72,-2.93,2.0,0.0
20200401:0911,766.33,877.05,28.42,-1.52,3.38,0.0
20200401:1011,634.08,714.54,32.53,-0.63,4.41,0.0
20200401:1111,66.14,89.51,34.59,-0.3,4.55,0.0
20200401:1211,104.82,132.16,34.3,-0.12,4.83,0.0
20200401:1311,24.94,41.83,31.71,0.0,5.1,0.0
20200401:1411,57.55,79.86,27.17,-0.08,5.03,0.0
20200401:1511,24.41,41.16,21.17,-0.07,4.62,0.0
20200401:1611,8.51,20.29,14.23,-0.23,3.52,0.0
20200401:1711,303.02,335.86,6.8,-1.19,5.52,0.0
20200401:1811,0.0,0.0,0.0,-2.13,5.03,0.0
20200401:1911,0.0,0.0,0.0,-2.52,4.21,0.0
20200401:2011,0.0,0.0,0.0,-2.81,4.07,0.0
20200401:2111,0.0,0.0,0.0,-3.17,3.79,0.0
20200401:2211,0.0,0.0,0.0,-3.55,3.86,0.0
20200401:2311,0.0,0.0,0.0,-3.4,4.07,0.0
20200402:0011,0.0,0.0,0.0,-3.2,4.14,0.0
20200402:0111,0.0,0.0,0.0,-2.99,4.48,0.0
20200402:0211,0.0,0.0,0.0,-3.1,4.76,0.0
20200402:0311,0.0,0.0,0.0,-3.42,4.97,0.0
20200402:0411,0.0,0.0,0.0,-3.88,4.9,0.0
20200402:0511,0.0,0.44,1.45,-3.38,5.79,0.0
20200402:0611,1.64,9.08,8.98,-2.95,6.07,0.0
20200402:0711,6.99,17.9,16.34,-2.56,5.17,0.0
20200402:0811,21.56,37.28,23.11,-2.48,5.31,0.0
20200402:0911,45.9,66.09,28.81,-2.25,4.14,0.0
20200402:1011,80.53,104.15,32.93,-3.21,5.79,0.0
20200402:1111,202.13,231.79,34.98,-4.53,7.24,0.0
20200402:1211,171.98,199.67,34.67,-5.56,6.55,0.0
20200402:1311,73.36,95.6,32.07,-5.26,4.9,0.0
20200402:1411,184.08,212.51,27.5,-4.69,4.55,0.0
20200402:1511,11.71,24.39,21.49,-4.52,4.76,0.0
20200402:1611,28.51,45.48,14.53,-4.2,5.45,0.0
20200402:1711,125.08,147.42,7.09,-4.62,7.59,0.0
20200402:1811,0.0,0.0,0.0,-5.0,6.0,0.0
20200402:1911,0.0,0.0,0.0,-4.89,6.0,0.0
20200402:2011,0.0,0.0,0.0,-4.57,6.48,0.0
20200402:2111,0.0,0.0,0.0,-4.78,6.07,0.0
20200402:2211,0.0,0.0,0.0,-5.17,5.45,0.0
20200402:2311,0.0,0.0,0.0,-5.39,5.1,0.0
20200403:0011,0.0,0.0,0.0,-5.64,4.69,0.0
20200403:0111,0.0,0.0,0.0,-6.09,4.34,0.0
20200403:0211,0.0,0.0,0.0,-6.41,4.21,0.0
20200403:0311,0.0,0.0,0.0,-6.86,3.93,0.0
20200403:0411,0.0,0.0,0.0,-7.33,3.66,0.0
20200403:0511,0.0,0.87,1.82,-7.93,3.38,0.0
20200403:0611,711.01,779.23,9.35,-8.14,3.24,0.0
20200403:0711,854.26,960.99,16.72,-7.62,2.97,0.0
20200403:0811,449.99,488.51,23.49,-6.84,4.14,0.0
20200403:0911,562.08,613.53,29.2,-6.35,4.41,0.0
20200403:1011,231.68,261.87,33.32,-5.76,4.76,0.0
20200403:1111,167.42,195.41,35.36,-5.53,4.83,0.0
20200403:1211,143.74,170.65,35.05,-5.36,4.9,0.0
20200403:1311,150.58,177.75,32.42,-5.44,4.34,0.0
20200403:1411,20.08,35.04,27.83,-5.67,4.28,0.0
20200403:1511,12.35,25.16,21.8,-5.72,3.79,0.0
20200403:1611,14.53,27.99,14.83,-6.23,3.17,0.0
20200403:1711,184.21,207.51,7.38,-6.99,2.76,0.0
20200403:1811,0.0,0.0,0.0,-7.93,2.34,0.0
20200403:1911,0.0,0.0,0.0,-8.53,2.21,0.0
20200403:2011,0.0,0.0,0.0,-9.25,2.21,0.0
20200403:2111,0.0,0.0,0.0,-9.45,2.21,0.0
20200403:2211,0.0,0.0,0.0,-9.52,2.28,0.0
20200403:2311,0.0,0.0,0.0,-8.93,2.21,0.0
20200404:0011,0.0,0.0,0.0,-8.68,2.76,0.0
20200404:0111,0.0,0.0,0.0,-8.05,2.69,0.0
20200404:0211,0.0,0.0,0.0,-8.0,2.97,0.0
20200404:0311,0.0,0.0,0.0,-8.06,2.76,0.0
20200404:0411,0.0,0.0,0.0,-8.12,2.48,0.0
20200404:0511,0.0,0.87,2.19,-8.68,2.21,0.0
20200404:0611,16.75,30.56,9.72,-9.17,1.86,0.0
20200404:0711,203.73,228.24,17.09,-8.96,1.86,0.0
20200404:0811,124.51,148.78,23.87,-7.84,1.86,0.0
20200404:0911,382.35,422.62,29.58,-6.71,1.93,0.0
20200404:1011,305.2,342.25,33.71,-5.68,1.93,0.0
20200404:1111,164.18,193.61,35.75,-4.85,2.0,0.0
20200404:1211,85.32,109.38,35.42,-4.11,2.07,0.0
20200404:1311,184.68,216.14,32.77,-3.64,2.0,0.0
20200404:1411,101.25,127.11,28.16,-3.2,1.72,0.0
20200404:1511,58.28,80.04,22.1,-2.92,1.38,0.0
20200404:1611,80.01,103.27,15.12,-2.93,1.24,0.0
20200404:1711,165.4,192.32,7.67,-3.02,1.03,0.0
20200404:1811,0.0,0.0,0.0,-2.98,0.97,0.0
20200404:1911,0.0,0.0,0.0,-3.16,1.1,0.0
20200404:2011,0.0,0.0,0.0,-3.49,1.24,0.0
20200404:2111,0.0,0.0,0.0,-3.68,1.31,0.0
20200404:2211,0.0,0.0,0.0,-3.45,1.31,0.0
20200404:2311,0.0,0.0,0.0,-3.36,1.31,0.0
20200405:0011,0.0,0.0,0.0,-3.11,1.24,0.0
20200405:0111,0.0,0.0,0.0,-3.05,1.24,0.0
20200405:0211,0.0,0.0,0.0,-3.2,1.24,0.0
20200405:0311,0.0,0.0,0.0,-3.2,1.31,0.0
20200405:0411,0.0,0.0,0.0,-3.16,1.38,0.0
20200405:0511,0.0,0.88,2.56,-3.02,1.45,0.0
20200405:0611,35.29,53.4,10.09,-2.85,1.52,0.0
20200405:0711,27.42,44.53,17.46,-2.43,1.45,0.0
20200405:0811,49.71,70.83,24.24,-1.04,2.28,0.0
20200405:0911,64.44,87.68,29.97,-0.45,2.21,0.0
20200405:1011,60.56,83.55,34.1,0.33,2.9,0.0
20200405:1111,54.93,77.24,36.13,0.58,3.17,0.0
20200405:1211,56.17,78.75,35.79,0.94,3.31,0.0
20200405:1311,106.39,134.83,33.12,1.3,3.31,0.0
20200405:1411,64.2,87.99,28.49,1.33,2.55,0.0
20200405:1511,29.22,47.26,22.41,1.03,2.55,0.0
20200405:1611,33.02,51.79,15.42,0.58,2.48,0.0
20200405:1711,330.36,370.77,7.96,-0.08,2.62,0.0
20200405:1811,0.0,0.0,0.0,-1.12,2.62,0.0
20200405:1911,0.0,0.0,0.0,-1.64,2.48,0.0
20200405:2011,0.0,0.0,0.0,-1.77,2.34,0.0
20200405:2111,0.0,0.0,0.0,-2.18,2.21,0.0
20200405:2211,0.0,0.0,0.0,-2.82,2.14,0.0
20200405:2311,0.0,0.0,0.0,-3.46,2.21,0.0
20200406:0011,0.0,0.0,0.0,-3.73,2.14,0.0
20200406:0111,0.0,0.0,0.0,-3.73,1.93,0.0
20200406:0211,0.0,0.0,0.0,-3.31,1.72,0.0
20200406:0311,0.0,0.0,0.0,-3.35,1.72,0.0
20200406:0411,0.0,0.0,0.0,-3.03,1.72,0.0
20200406:0511,0.0,4.39,2.93,-3.0,1.72,0.0
20200406:0611,668.52,762.67,10.46,-1.95,2.0,0.0
20200406:0711,491.77,552.18,17.83,-1.82,2.14,0.0
20200406:0811,354.5,399.71,24.62,-0.9,2.62,0.0
20200406:0911,427.05,483.57,30.35,0.01,2.76,0.0
20200406:1011,383.22,436.13,34.48,0.99,3.38,0.0
20200406:1111,328.92,377.19,36.52,1.64,3.79,0.0
20200406:1211,296.84,343.08,36.16,2.34,3.72,0.0
20200406:1311,317.27,364.97,33.47,2.41,3.66,0.0
20200406:1411,408.37,465.96,28.81,2.75,3.52,0.0
20200406:1511,850.17,1006.42,22.72,2.82,3.24,0.0
20200406:1611,193.17,226.55,15.71,2.1,3.1,0.0
20200406:1711,589.52,670.92,8.25,1.75,2.97,0.0
20200406:1811,0.0,0.0,0.0,1.16,2.34,0.0
20200406:1911,0.0,0.0,0.0,0.84,1.52,0.0
20200406:2011,0.0,0.0,0.0,0.85,1.17,0.0
20200406:2111,0.0,0.0,0.0,0.8,0.97,0.0
20200406:2211,0.0,0.0,0.0,0.55,1.17,0.0
20200406:2311,0.0,0.0,0.0,0.13,1.31,0.0
20200407:0011,0.0,0.0,0.0,0.25,2.0,0.0
20200407:0111,0.0,0.0,0.0,0.58,3.03,0.0
20200407:0211,0.0,0.0,0.0,0.36,3.17,0.0
20200407:0311,0.0,0.0,0.0,-0.19,3.31,0.0
20200407:0411,0.0,0.0,0.0,-1.27,3.24,0.0
20200407:0511,0.0,2.2,3.29,-2.12,2.97,0.0
20200407:0611,250.99,282.8,10.82,-2.26,2.69,0.0
20200407:0711,509.57,566.71,18.19,-1.72,3.66,0.0
20200407:0811,450.07,502.09,24.99,-1.0,4.07,0.0
20200407:0911,264.94,302.86,30.73,-0.25,4.62,0.0
20200407:1011,286.17,327.71,34.87,0.13,3.93,0.0
20200407:1111,217.56,254.79,36.9,0.53,3.86,0.0
20200407:1211,359.12,409.57,36.53,0.81,3.45,0.0
20200407:1311,329.56,377.08,33.81,0.96,3.1,0.0
20200407:1411,70.83,95.31,29.14,1.03,2.9,0.0
20200407:1511,199.5,233.95,23.02,0.85,2.55,0.0
20200407:1611,459.84,519.75,16.0,0.44,2.34,0.0
20200407:1711,381.29,428.96,8.54,-0.13,1.93,0.0
20200407:1811,0.0,0.0,0.0,-1.13,1.66,0.0
20200407:1911,0.0,0.0,0.0,-1.58,1.59,0.0
20200407:2011,0.0,0.0,0.0,-1.61,1.45,0.0
20200407:2111,0.0,0.0,0.0,-2.43,1.59,0.0
20200407:2211,0.0,0.0,0.0,-2.89,1.59,0.0
20200407:2311,0.0,0.0,0.0,-3.3,1.72,0.0
20200408:0011,0.0,0.0,0.0,-3.91,1.93,0.0
20200408:0111,0.0,0.0,0.0,-3.14,2.55,0.0
20200408:0211,0.0,0.0,0.0,-2.64,3.03,0.0
20200408:0311,0.0,0.0,0.0,-2.54,3.1,0.0
20200408:0411,0.0,0.0,0.0,-2.33,3.31,0.0
20200408:0511,0.0,2.2,3.65,-1.98,3.66,0.0
20200408:0611,9.42,21.56,11.18,-0.87,3.79,0.0
20200408:0711,33.84,52.58,18.56,-0.11,3.52,0.0
20200408:0811,55.68,77.99,25.36,0.48,3.45,0.0
20200408:0911,142.2,173.63,31.11,1.22,3.72,0.0
20200408:1011,42.29,62.92,35.25,1.77,4.76,0.0
20200408:1111,32.12,50.92,37.28,1.96,5.1,0.0
20200408:1211,31.21,49.87,36.89,2.2,5.17,0.0
20200408:1311,30.23,48.63,34.16,2.02,5.1,0.0
20200408:1411,49.84,71.69,29.46,1.92,4.55,0.0
20200408:1511,29.82,48.03,23.33,1.44,4.14,0.0
20200408:1611,49.45,70.96,16.29,1.11,3.45,0.0
20200408:1711,2.45,10.73,8.82,0.84,3.93,0.0
20200408:1811,0.0,0.0,0.0,0.53,3.72,0.0
20200408:1911,0.0,0.0,0.0,0.0,3.86,0.0
20200408:2011,0.0,0.0,0.0,-1.54,3.86,0.0
20200408:2111,0.0,0.0,0.0,-2.97,3.72,0.0
20200408:2211,0.0,0.0,0.0,-3.84,3.52,0.0
20200408:2311,0.0,0.0,0.0,-4.39,3.03,0.0
20200409:0011,0.0,0.0,0.0,-4.46,3.03,0.0
20200409:0111,0.0,0.0,0.0,-4.32,3.31,0.0
20200409:0211,0.0,0.0,0.0,-4.36,3.45,0.0
20200409:0311,0.0,0.0,0.0,-4.85,3.1,0.0
20200409:0411,0.0,0.0,0.0,-5.24,2.76,0.0
20200409:0511,0.0,1.76,4.01,-5.48,2.34,0.0
20200409:0611,732.5,827.39,11.54,-5.21,2.21,0.0
20200409:0711,857.21,985.75,18.92,-4.51,2.62,0.0
20200409:0811,929.89,1072.7,25.73,-3.56,3.59,0.0
20200409:0911,960.03,1117.36,31.48,-2.84,3.59,0.0
20200409:1011,970.79,1138.89,35.63,-2.31,3.38,0.0
20200409:1111,668.42,755.87,37.65,-1.99,3.72,0.0
20200409:1211,716.27,813.71,37.26,-1.74,3.79,0.0
20200409:1311,472.79,529.22,34.5,-1.64,3.86,0.0
20200409:1411,946.92,1102.22,29.78,-1.69,3.86,0.0
20200409:1511,904.13,1044.3,23.63,-1.84,3.86,0.0
20200409:1611,816.29,936.68,16.58,-2.34,3.1,0.0
20200409:1711,655.01,735.46,9.11,-3.19,2.62,0.0
20200409:1811,0.0,1.68,1.62,-4.03,2.0,0.0
20200409:1911,0.0,0.0,0.0,-4.84,1.79,0.0
20200409:2011,0.0,0.0,0.0,-5.36,1.52,0.0
20200409:2111,0.0,0.0,0.0,-6.01,1.52,0.0
20200409:2211,0.0,0.0,0.0,-6.27,1.66,0.0
20200409:2311,0.0,0.0,0.0,-6.04,1.66,0.0
20200410:0011,0.0,0.0,0.0,-5.78,1.66,0.0
20200410:0111,0.0,0.0,0.0,-5.64,1.66,0.0
20200410:0211,0.0,0.0,0.0,-5.83,1.59,0.0
20200410:0311,0.0,0.0,0.0,-5.62,1.45,0.0
20200410:0411,0.0,0.0,0.0,-5.54,1.38,0.0
20200410:0511,1.8,9.35,4.37,-5.41,1.38,0.0
20200410:0611,718.62,820.52,11.89,-5.17,1.38,0.0
20200410:0711,838.7,978.49,19.28,-4.65,1.59,0.0
20200410:0811,897.05,1063.61,26.1,-3.37,1.72,0.0
20200410:0911,552.66,627.35,31.86,-2.47,1.79,0.0
20200410:1011,938.11,1130.79,36.01,-1.78,1.79,0.0
20200410:1111,826.48,978.0,38.03,-1.18,1.93,0.0
20200410:1211,942.25,1136.26,37.62,-0.76,2.07,0.0
20200410:1311,932.74,1123.0,34.84,-0.42,2.14,0.0
20200410:1411,504.84,573.97,30.09,-0.41,2.21,0.0
20200410:1511,859.16,1023.26,23.93,-0.43,1.93,0.0
20200410:1611,788.47,930.41,16.87,-0.49,1.66,0.0
20200410:1711,635.18,731.66,9.39,-0.99,1.31,0.0
20200410:1811,0.0,0.42,1.9,-2.17,1.31,0.0
20200410:1911,0.0,0.0,0.0,-2.36,1.24,0.0
20200410:2011,0.0,0.0,0.0,-2.92,1.31,0.0
20200410:2111,0.0,0.0,0.0,-4.03,1.38,0.0
20200410:2211,0.0,0.0,0.0,-4.4,1.31,0.0
20200410:2311,0.0,0.0,0.0,-4.31,1.17,0.0
20200411:0011,0.0,0.0,0.0,-4.06,1.1,0.0
20200411:0111,0.0,0.0,0.0,-3.52,0.9,0.0
20200411:0211,0.0,0.0,0.0,-3.12,0.76,0.0
20200411:0311,0.0,0.0,0.0,-2.72,0.41,0.0
20200411:0411,0.0,0.0,0.0,-2.13,0.21,0.0
20200411:0511,0.0,2.93,4.72,-1.71,0.55,0.0
20200411:0611,5.94,16.39,12.25,-1.92,0.83,0.0
20200411:0711,19.95,35.4,19.64,-1.95,1.52,0.0
20200411:0811,30.58,48.45,26.46,-1.52,1.86,0.0
20200411:0911,105.27,132.69,32.23,-0.75,2.14,0.0
20200411:1011,97.21,124.18,36.38,-0.19,2.21,0.0
20200411:1111,184.2,219.23,38.4,0.1,2.41,0.0
20200411:1211,108.96,137.33,37.98,0.24,2.28,0.0
20200411:1311,117.66,146.71,35.18,0.02,2.21,0.0
20200411:1411,90.76,117.29,30.41,0.29,2.0,0.0
20200411:1511,53.52,75.48,24.22,0.05,2.34,0.0
20200411:1611,6.15,16.81,17.15,0.17,2.14,0.0
20200411:1711,0.87,7.58,9.67,-0.18,1.52,0.0
20200411:1811,0.0,2.1,2.19,-0.17,1.31,0.0
20200411:1911,0.0,0.0,0.0,0.15,1.38,0.0
20200411:2011,0.0,0.0,0.0,-0.01,1.66,0.0
20200411:2111,0.0,0.0,0.0,0.29,1.86,0.0
20200411:2211,0.0,0.0,0.0,0.44,2.41,0.0
20200411:2311,0.0,0.0,0.0,0.76,3.59,0.0
20200412:0011,0.0,0.0,0.0,0.54,3.79,0.0
20200412:0111,0.0,0.0,0.0,0.48,3.72,0.0
20200412:0211,0.0,0.0,0.0,-0.01,3.66,0.0
20200412:0311,0.0,0.0,0.0,0.06,3.38,0.0
20200412:0411,0.0,0.0,0.0,-0.06,3.45,0.0
20200412:0511,474.47,527.61,5.07,0.19,3.86,0.0
20200412:0611,728.36,824.99,12.6,0.58,4.69,0.0
20200412:0711,853.61,977.76,19.99,0.58,5.17,0.0
20200412:0811,915.83,1059.5,26.82,0.2,4.83,0.0
20200412:0911,958.69,1103.34,32.59,0.24,6.0,0.0
20200412:1011,982.11,1125.98,36.75,0.65,7.1,0.0
20200412:1111,883.55,1007.14,38.77,0.86,6.9,0.0
20200412:1211,851.16,971.22,38.33,1.15,6.55,0.0
20200412:1311,187.22,222.02,35.51,1.14,4.83,0.0
20200412:1411,466.96,524.87,30.72,0.71,4.69,0.0
20200412:1511,346.86,388.38,24.52,-0.44,4.97,0.0
20200412:1611,128.55,154.9,17.44,-1.8,4.97,0.0
20200412:1711,5.6,15.8,9.95,-3.13,5.38,0.0
20200412:1811,0.0,0.84,2.47,-4.26,5.1,0.0
20200412:1911,0.0,0.0,0.0,-4.86,4.55,0.0
20200412:2011,0.0,0.0,0.0,-5.53,4.48,0.0
20200412:2111,0.0,0.0,0.0,-6.12,4.48,0.0
20200412:2211,0.0,0.0,0.0,-6.52,4.55,0.0
20200412:2311,0.0,0.0,0.0,-6.8,4.69,0.0
20200413:0011,0.0,0.0,0.0,-7.09,4.69,0.0
20200413:0111,0.0,0.0,0.0,-7.27,4.69,0.0
20200413:0211,0.0,0.0,0.0,-7.35,5.03,0.0
20200413:0311,0.0,0.0,0.0,-7.46,4.9,0.0
20200413:0411,0.0,0.0,0.0,-7.62,4.48,0.0
20200413:0511,564.81,608.0,5.42,-7.83,3.86,0.0
20200413:0611,802.28,885.16,12.95,-7.49,4.07,0.0
20200413:0711,909.86,1025.56,20.34,-6.5,3.93,0.0
20200413:0811,974.94,1104.22,27.18,-5.73,4.69,0.0
20200413:0911,1008.89,1145.68,32.96,-5.16,5.17,0.0
20200413:1011,999.54,1130.84,37.12,-4.71,5.72,0.0
20200413:1111,997.39,1124.25,39.14,-4.38,6.34,0.0
20200413:1211,901.78,1007.5,38.69,-3.97,6.69,0.0
20200413:1311,957.34,1075.46,35.85,-3.78,6.62,0.0
20200413:1411,692.48,763.03,31.03,-3.76,6.21,0.0
20200413:1511,953.65,1075.81,24.81,-3.93,5.72,0.0
20200413:1611,872.61,976.44,17.72,-4.07,5.38,0.0
20200413:1711,719.7,794.82,10.23,-4.58,4.48,0.0
20200413:1811,0.0,1.26,2.76,-5.41,3.93,0.0
20200413:1911,0.0,0.0,0.0,-6.28,3.31,0.0
20200413:2011,0.0,0.0,0.0,-6.99,2.83,0.0
20200413:2111,0.0,0.0,0.0,-7.34,2.48,0.0
20200413:2211,0.0,0.0,0.0,-7.85,2.21,0.0
20200413:2311,0.0,0.0,0.0,-8.55,2.21,0.0
20200414:0011,0.0,0.0,0.0,-8.18,2.34,0.0
20200414:0111,0.0,0.0,0.0,-7.11,2.41,0.0
20200414:0211,0.0,0.0,0.0,-6.7,2.69,0.0
20200414:0311,0.0,0.0,0.0,-6.48,2.76,0.0
20200414:0411,0.0,0.0,0.0,-6.31,2.62,0.0
20200414:0511,0.0,3.52,5.77,-5.85,2.48,0.0
20200414:0611,3.21,11.84,13.29,-5.27,2.48,0.0
20200414:0711,31.71,49.25,20.69,-4.46,2.62,0.0
20200414:0811,86.26,110.4,27.53,-3.55,3.31,0.0
20200414:0911,426.71,475.37,33.32,-3.05,3.38,0.0
20200414:1011,315.16,355.73,37.49,-2.73,3.38,0.0
20200414:1111,460.25,514.74,39.5,-2.25,3.93,0.0
20200414:1211,81.42,105.83,39.04,-1.95,3.86,0.0
20200414:1311,62.69,85.28,36.18,-1.38,4.28,0.0
20200414:1411,76.78,100.99,31.34,-0.98,4.69,0.0
20200414:1511,46.52,67.1,25.1,-0.95,4.97,0.0
20200414:1611,9.05,21.01,18.0,-0.81,4.9,0.0
20200414:1711,1.82,9.48,10.51,-1.11,4.41,0.0
20200414:1811,0.0,1.26,3.04,-1.42,4.21,0.0
20200414:1911,0.0,0.0,0.0,-1.72,3.66,0.0
20200414:2011,0.0,0.0,0.0,-1.71,3.45,0.0
20200414:2111,0.0,0.0,0.0,-1.7,3.45,0.0
20200414:2211,0.0,0.0,0.0,-1.42,3.66,0.0
20200414:2311,0.0,0.0,0.0,-0.95,3.86,0.0
20200415:0011,0.0,0.0,0.0,-0.47,4.0,0.0
20200415:0111,0.0,0.0,0.0,0.0,4.21,0.0
20200415:0211,0.0,0.0,0.0,0.43,4.55,0.0
20200415:0311,0.0,0.0,0.0,0.81,5.17,0.0
20200415:0411,0.0,0.0,0.0,1.26,5.72,0.0
20200415:0511,434.75,482.42,6.11,1.52,5.93,0.0
20200415:0611,733.89,830.01,13.63,1.85,5.86,0.0
20200415:0711,840.78,973.18,21.03,1.65,4.48,0.0
20200415:0811,898.83,1053.76,27.88,1.87,4.21,0.0
20200415:0911,931.91,1096.97,33.68,1.96,4.34,0.0
20200415:1011,599.03,682.58,37.85,1.9,4.48,0.0
20200415:1111,732.67,842.05,39.86,2.06,4.83,0.0
20200415:1211,705.27,805.27,39.39,1.8,5.24,0.0
20200415:1311,724.19,826.19,36.51,1.93,5.52,0.0
20200415:1411,22.54,39.09,31.65,1.61,4.48,0.0
20200415:1511,14.71,28.98,25.39,1.45,4.48,0.0
20200415:1611,8.95,21.02,18.28,1.14,4.34,0.0
20200415:1711,408.92,453.97,10.79,1.15,6.21,0.0
20200415:1811,0.65,7.14,3.32,1.15,6.21,0.0
20200415:1911,0.0,0.0,0.0,0.92,6.0,0.0
20200415:2011,0.0,0.0,0.0,1.27,6.28,0.0
20200415:2111,0.0,0.0,0.0,1.08,6.41,0.0
20200415:2211,0.0,0.0,0.0,1.03,6.21,0.0
20200415:2311,0.0,0.0,0.0,-0.07,6.21,0.0
20200416:0011,0.0,0.0,0.0,-1.07,5.59,0.0
20200416:0111,0.0,0.0,0.0,-1.95,5.38,0.0
20200416:0211,0.0,0.0,0.0,-2.4,5.31,0.0
20200416:0311,0.0,0.0,0.0,-2.56,5.24,0.0
20200416:0411,0.0,0.0,0.0,-2.73,4.9,0.0
20200416:0511,0.0,4.12,6.45,-2.91,4.41,0.0
20200416:0611,783.56,883.67,13.97,-2.69,4.07,0.0
20200416:0711,871.88,1019.16,21.37,-2.39,2.48,0.0
20200416:0811,934.5,1094.92,28.23,-1.56,3.31,0.0
20200416:0911,960.05,1134.91,34.04,-0.97,3.24,0.0
20200416:1011,724.93,832.73,38.22,-0.54,3.38,0.0
20200416:1111,493.18,558.43,40.22,-0.34,3.45,0.0
20200416:1211,976.88,1154.96,39.73,-0.15,3.72,0.0
20200416:1311,396.97,448.3,36.83,-0.16,4.0,0.0
20200416:1411,852.08,986.39,31.96,-0.32,3.93,0.0
20200416:1511,916.05,1065.15,25.68,-0.46,4.07,0.0
20200416:1611,837.56,968.5,18.56,-1.01,3.31,0.0
20200416:1711,700.45,795.83,11.06,-1.77,2.76,0.0
20200416:1811,1.49,8.82,3.6,-2.91,2.34,0.0
20200416:1911,0.0,0.0,0.0,-3.74,2.07,0.0
20200416:2011,0.0,0.0,0.0,-4.61,1.79,0.0
20200416:2111,0.0,0.0,0.0,-5.55,1.72,0.0
20200416:2211,0.0,0.0,0.0,-6.32,1.72,0.0
20200416:2311,0.0,0.0,0.0,-6.72,1.66,0.0
20200417:0011,0.0,0.0,0.0,-7.32,1.66,0.0
20200417:0111,0.0,0.0,0.0,-7.8,1.66,0.0
20200417:0211,0.0,0.0,0.0,-8.4,1.66,0.0
20200417:0311,0.0,0.0,0.0,-8.55,1.66,0.0
20200417:0411,0.0,0.0,0.0,-8.37,1.59,0.0
20200417:0511,598.52,658.46,6.78,-8.36,1.59,0.0
20200417:0611,610.11,679.73,14.31,-7.39,1.31,0.0
20200417:0711,867.92,1024.62,21.71,-5.02,1.24,0.0
20200417:0811,908.6,1101.05,28.58,-3.42,0.97,0.0
20200417:0911,921.29,1140.17,34.39,-1.92,0.69,0.0
20200417:1011,919.24,1158.99,38.57,-0.86,0.34,0.0
20200417:1111,911.81,1140.21,40.58,-0.28,0.62,0.0
20200417:1211,739.54,883.08,40.08,0.31,1.17,0.0
20200417:1311,793.24,951.6,37.16,0.39,1.38,0.0
20200417:1411,918.16,1119.86,32.26,0.17,1.59,0.0
20200417:1511,887.8,1071.7,25.97,0.16,1.72,0.0
20200417:1611,816.23,975.07,18.83,-0.05,1.45,0.0
20200417:1711,692.4,807.48,11.33,-0.51,1.31,0.0
20200417:1811,1.91,9.67,3.87,-1.86,1.38,0.0
20200417:1911,0.0,0.0,0.0,-2.24,1.24,0.0
20200417:2011,0.0,0.0,0.0,-2.92,1.31,0.0
20200417:2111,0.0,0.0,0.0,-4.07,1.45,0.0
20200417:2211,0.0,0.0,0.0,-4.76,1.45,0.0
20200417:2311,0.0,0.0,0.0,-5.09,1.38,0.0
20200418:0011,0.0,0.0,0.0,-5.25,1.31,0.0
20200418:0111,0.0,0.0,0.0,-5.04,1.24,0.0
20200418:0211,0.0,0.0,0.0,-4.2,1.1,0.0
20200418:0311,0.0,0.0,0.0,-3.87,1.1,0.0
20200418:0411,0.0,0.0,0.0,-3.87,1.03,0.0
20200418:0511,561.59,634.12,7.12,-3.86,0.97,0.0
20200418:0611,742.98,870.94,14.64,-3.2,0.83,0.0
20200418:0711,819.51,1003.94,22.05,-2.09,0.14,0.0
20200418:0811,871.05,1078.71,28.92,-1.07,0.41,0.0
20200418:0911,851.56,1045.72,34.74,0.0,0.76,0.0
20200418:1011,855.47,1041.93,38.93,0.22,1.17,0.0
20200418:1111,776.45,930.88,40.93,0.97,1.45,0.0
20200418:1211,932.92,1143.19,40.42,1.27,1.79,0.0
20200418:1311,931.14,1131.84,37.48,1.05,2.07,0.0
20200418:1411,695.77,814.96,32.56,1.32,2.07,0.0
20200418:1511,869.69,1048.45,26.25,1.39,1.93,0.0
20200418:1611,800.97,953.06,19.11,1.04,1.79,0.0
20200418:1711,672.84,783.19,11.6,0.61,1.59,0.0
20200418:1811,2.57,10.93,4.15,-0.72,1.66,0.0
20200418:1911,0.0,0.0,0.0,-0.99,1.45,0.0
20200418:2011,0.0,0.0,0.0,-2.66,1.59,0.0
20200418:2111,0.0,0.0,0.0,-3.56,1.72,0.0
20200418:2211,0.0,0.0,0.0,-4.31,1.72,0.0
20200418:2311,0.0,0.0,0.0,-4.6,1.66,0.0
20200419:0011,0.0,0.0,0.0,-4.52,1.59,0.0
20200419:0111,0.0,0.0,0.0,-4.49,1.45,0.0
20200419:0211,0.0,0.0,0.0,-4.78,1.52,0.0
20200419:0311,0.0,0.0,0.0,-5.24,1.66,0.0
20200419:0411,0.0,0.0,0.0,-5.64,1.72,0.0
20200419:0511,586.06,651.76,7.45,-5.56,1.72,0.0
20200419:0611,763.35,884.54,14.97,-3.73,1.45,0.0
20200419:0711,846.32,1012.82,22.38,-1.46,1.31,0.0
20200419:0811,886.86,1086.95,29.25,1.06,1.31,0.0
20200419:0911,913.01,1125.69,35.08,1.63,1.45,0.0
20200419:1011,906.67,1119.5,39.28,2.63,1.59,0.0
20200419:1111,914.26,1126.41,41.28,2.82,1.79,0.0
20200419:1211,725.16,864.32,40.75,2.98,1.93,0.0
20200419:1311,815.68,983.71,37.8,3.19,2.07,0.0
20200419:1411,907.08,1109.81,32.86,3.1,2.07,0.0
20200419:1511,870.82,1057.73,26.53,2.93,2.0,0.0
20200419:1611,802.28,961.16,19.38,2.49,1.86,0.0
20200419:1711,682.15,797.91,11.87,1.87,1.79,0.0
20200419:1811,2.55,10.93,4.42,0.38,2.0,0.0
20200419:1911,0.0,0.0,0.0,-0.49,2.07,0.0
20200419:2011,0.0,0.0,0.0,-2.09,2.07,0.0
20200419:2111,0.0,0.0,0.0,-2.96,2.07,0.0
20200419:2211,0.0,0.0,0.0,-3.47,2.07,0.0
20200419:2311,0.0,0.0,0.0,-3.78,2.0,0.0
20200420:0011,0.0,0.0,0.0,-3.76,1.86,0.0
20200420:0111,0.0,0.0,0.0,-3.23,1.72,0.0
20200420:0211,0.0,0.0,0.0,-2.79,1.59,0.0
20200420:0311,0.0,0.0,0.0,-2.43,1.52,0.0
20200420:0411,0.0,0.0,0.0,-2.22,1.45,0.0
20200420:0511,594.97,676.95,7.77,-1.9,1.45,0.0
20200420:0611,758.56,895.25,15.29,-0.65,1.31,0.0
20200420:0711,839.69,1021.57,22.71,1.11,1.17,0.0
20200420:0811,877.79,1093.84,29.59,3.64,1.17,0.0
20200420:0911,902.54,1133.36,35.43,3.87,1.17,0.0
20200420:1011,911.34,1152.07,39.63,4.59,1.17,0.0
20200420:1111,856.58,1072.42,41.63,5.25,1.24,0.0
20200420:1211,776.11,957.54,41.09,5.69,1.31,0.0
20200420:1311,719.02,877.27,38.11,5.9,1.38,0.0
20200420:1411,852.16,1060.36,33.15,5.78,1.52,0.0
20200420:1511,826.55,1020.17,26.81,5.47,1.52,0.0
20200420:1611,793.05,965.37,19.65,4.69,1.59,0.0
20200420:1711,592.73,691.54,12.14,3.6,1.72,0.0
20200420:1811,0.0,5.05,4.69,2.41,1.93,0.0
20200420:1911,0.0,0.0,0.0,1.45,2.0,0.0
20200420:2011,0.0,0.0,0.0,-0.6,2.07,0.0
20200420:2111,0.0,0.0,0.0,-1.85,2.07,0.0
20200420:2211,0.0,0.0,0.0,-2.39,2.07,0.0
20200420:2311,0.0,0.0,0.0,-2.67,2.07,0.0
20200421:0011,0.0,0.0,0.0,-2.9,2.0,0.0
20200421:0111,0.0,0.0,0.0,-3.08,1.93,0.0
20200421:0211,0.0,0.0,0.0,-3.22,1.93,0.0
20200421:0311,0.0,0.0,0.0,-3.45,1.93,0.0
20200421:0411,0.0,0.0,0.0,-3.67,1.93,0.0
20200421:0511,613.93,691.9,8.09,-3.24,1.86,0.0
20200421:0611,770.96,903.82,15.61,-1.11,1.66,0.0
20200421:0711,847.76,1029.35,23.03,2.16,1.59,0.0
20200421:0811,885.34,1100.23,29.92,3.81,1.38,0.0
20200421:0911,841.85,1046.86,35.76,4.75,1.24,0.0
20200421:1011,890.83,1138.39,39.97,6.15,0.97,0.0
20200421:1111,812.9,1030.69,41.97,7.08,0.83,0.0
20200421:1211,899.3,1156.5,41.42,6.85,0.97,0.0
20200421:1311,874.5,1108.38,38.42,6.79,1.24,0.0
20200421:1411,765.38,943.31,33.44,6.74,1.45,0.0
20200421:1511,857.2,1070.98,27.09,6.18,1.45,0.0
20200421:1611,799.53,977.7,19.91,5.28,1.59,0.0
20200421:1711,687.86,817.2,12.4,4.22,1.66,0.0
20200421:1811,3.94,13.47,4.96,2.96,1.79,0.0
20200421:1911,0.0,0.0,0.0,1.86,1.93,0.0
20200421:2011,0.0,0.0,0.0,-0.63,2.07,0.0
20200421:2111,0.0,0.0,0.0,-2.13,2.14,0.0
20200421:2211,0.0,0.0,0.0,-2.93,2.07,0.0
20200421:2311,0.0,0.0,0.0,-3.39,2.07,0.0
20200422:0011,0.0,0.0,0.0,-3.74,2.07,0.0
20200422:0111,0.0,0.0,0.0,-3.92,2.07,0.0
20200422:0211,0.0,0.0,0.0,-3.99,2.0,0.0
20200422:0311,0.0,0.0,0.0,-4.01,1.93,0.0
20200422:0411,0.0,0.0,0.0,-4.06,1.93,0.0
20200422:0511,621.28,701.22,8.41,-3.52,1.72,0.0
20200422:0611,775.59,914.03,15.93,-1.28,1.38,0.0
20200422:0711,846.25,1035.07,23.35,2.07,1.24,0.0
20200422:0811,885.59,1104.43,30.24,3.44,1.17,0.0
20200422:0911,906.45,1142.56,36.1,4.66,1.24,0.0
20200422:1011,914.38,1160.93,40.31,5.51,1.24,0.0
20200422:1111,886.81,1120.11,42.31,5.97,1.31,0.0
20200422:1211,779.95,965.63,41.75,6.68,1.45,0.0
20200422:1311,825.27,1028.24,38.73,6.71,1.52,0.0
20200422:1411,825.78,1024.42,33.73,6.12,1.52,0.0
20200422:1511,854.52,1062.43,27.36,5.7,1.52,0.0
20200422:1611,804.98,985.11,20.18,4.92,1.52,0.0
20200422:1711,696.85,827.71,12.67,3.87,1.66,0.0
20200422:1811,472.09,539.33,5.23,2.66,1.79,0.0
20200422:1911,0.0,0.0,0.0,1.48,2.07,0.0
20200422:2011,0.0,0.0,0.0,-0.79,2.14,0.0
20200422:2111,0.0,0.0,0.0,-2.29,2.21,0.0
20200422:2211,0.0,0.0,0.0,-3.23,2.28,0.0
20200422:2311,0.0,0.0,0.0,-3.77,2.21,0.0
20200423:0011,0.0,0.0,0.0,-4.05,2.21,0.0
20200423:0111,0.0,0.0,0.0,-4.21,2.14,0.0
20200423:0211,0.0,0.0,0.0,-4.39,2.14,0.0
20200423:0311,0.0,0.0,0.0,-4.38,2.14,0.0
20200423:0411,0.0,0.77,1.5,-4.48,2.14,0.0
20200423:0511,2.18,10.1,8.72,-3.77,2.0,0.0
20200423:0611,626.03,715.69,16.24,-1.78,1.66,0.0
20200423:0711,857.75,1037.97,23.66,0.91,1.52,0.0
20200423:0811,901.53,1108.24,30.57,2.19,1.59,0.0
20200423:0911,690.41,825.01,36.43,3.39,1.52,0.0
20200423:1011,773.02,944.15,40.65,4.47,1.45,0.0
20200423:1111,881.83,1100.57,42.65,4.98,1.52,0.0
20200423:1211,901.18,1127.2,42.08,5.29,1.66,0.0
20200423:1311,880.2,1092.41,39.04,5.29,1.79,0.0
20200423:1411,836.79,1026.36,34.02,5.02,1.86,0.0
20200423:1511,460.13,535.83,27.63,4.62,1.79,0.0
20200423:1611,647.87,764.5,20.44,3.99,1.79,0.0
20200423:1711,292.07,336.23,12.93,3.08,1.86,0.0
20200423:1811,0.0,3.94,5.49,2.01,2.0,0.0
20200423:1911,0.0,0.0,0.0,1.24,2.0,0.0
20200423:2011,0.0,0.0,0.0,-0.9,2.07,0.0
20200423:2111,0.0,0.0,0.0,-2.47,2.07,0.0
20200423:2211,0.0,0.0,0.0,-3.52,2.14,0.0
20200423:2311,0.0,0.0,0.0,-4.08,2.0,0.0
20200424:0011,0.0,0.0,0.0,-4.11,1.93,0.0
20200424:0111,0.0,0.0,0.0,-3.61,1.86,0.0
20200424:0211,0.0,0.0,0.0,-2.94,1.79,0.0
20200424:0311,0.0,0.0,0.0,-2.48,1.72,0.0
20200424:0411,0.0,0.39,1.81,-2.75,1.72,0.0
20200424:0511,1.54,8.92,9.03,-2.63,1.59,0.0
20200424:0611,770.58,904.51,16.55,-1.6,1.45,0.0
20200424:0711,351.09,399.32,23.97,-0.67,1.31,0.0
20200424:0811,886.3,1090.69,30.88,0.15,0.97,0.0
20200424:0911,763.2,921.28,36.76,0.7,0.9,0.0
20200424:1011,467.18,544.1,40.98,1.55,1.03,0.0
20200424:1111,440.49,512.52,42.98,1.83,1.24,0.0
20200424:1211,819.1,996.32,42.4,2.24,1.45,0.0
20200424:1311,791.68,953.73,39.34,2.49,1.72,0.0
20200424:1411,267.17,312.2,34.31,2.6,2.0,0.0
20200424:1511,666.99,780.35,27.9,2.86,2.34,0.0
20200424:1611,812.55,970.7,20.7,2.74,2.21,0.0
20200424:1711,356.66,407.14,13.19,2.26,1.86,0.0
20200424:1811,48.98,69.35,5.76,1.53,1.86,0.0
20200424:1911,0.0,0.0,0.0,0.28,2.0,0.0
20200424:2011,0.0,0.0,0.0,-1.2,1.72,0.0
20200424:2111,0.0,0.0,0.0,-2.62,1.66,0.0
20200424:2211,0.0,0.0,0.0,-3.88,1.59,0.0
20200424:2311,0.0,0.0,0.0,-4.63,1.59,0.0
20200425:0011,0.0,0.0,0.0,-5.14,1.66,0.0
20200425:0111,0.0,0.0,0.0,-5.4,1.59,0.0
20200425:0211,0.0,0.0,0.0,-5.6,1.52,0.0
20200425:0311,0.0,0.0,0.0,-5.83,1.52,0.0
20200425:0411,0.0,1.16,2.12,-6.07,1.52,0.0
20200425:0511,640.84,721.61,9.34,-5.52,1.38,0.0
20200425:0611,781.11,918.78,16.85,-3.2,1.03,0.0
20200425:0711,862.42,1037.07,24.28,-2.49,1.03,0.0
20200425:0811,897.89,1103.76,31.2,-0.89,0.9,0.0
20200425:0911,917.03,1140.94,37.08,0.28,0.9,0.0
20200425:1011,926.12,1158.99,41.31,1.21,0.97,0.0
20200425:1111,900.49,1118.53,43.31,1.92,1.17,0.0
20200425:1211,811.46,990.81,42.72,2.28,1.24,0.0
20200425:1311,864.49,1062.34,39.65,2.35,1.38,0.0
20200425:1411,825.32,1003.71,34.59,2.29,1.45,0.0
20200425:1511,875.65,1072.64,28.17,2.04,1.45,0.0
20200425:1611,817.4,986.74,20.96,1.48,1.38,0.0
20200425:1711,709.93,834.72,13.44,0.62,1.38,0.0
20200425:1811,369.21,415.24,6.02,-0.63,1.52,0.0
20200425:1911,0.0,0.0,0.0,-2.64,1.93,0.0
20200425:2011,0.0,0.0,0.0,-4.16,2.07,0.0
20200425:2111,0.0,0.0,0.0,-4.93,2.07,0.0
20200425:2211,0.0,0.0,0.0,-5.42,2.0,0.0
20200425:2311,0.0,0.0,0.0,-5.77,1.93,0.0
20200426:0011,0.0,0.0,0.0,-5.88,1.93,0.0
20200426:0111,0.0,0.0,0.0,-5.83,1.86,0.0
20200426:0211,0.0,0.0,0.0,-5.5,1.72,0.0
20200426:0311,0.0,0.0,0.0,-5.45,1.72,0.0
20200426:0411,0.0,0.77,2.43,-5.62,1.66,0.0
20200426:0511,334.95,370.86,9.64,-4.84,1.52,0.0
20200426:0611,776.01,910.04,17.15,-2.49,1.31,0.0
20200426:0711,832.47,989.09,24.58,-1.78,1.45,0.0
20200426:0811,896.14,1093.19,31.51,-0.76,1.17,0.0
20200426:0911,771.68,923.81,37.4,0.26,1.24,0.0
20200426:1011,745.38,899.46,41.64,1.57,1.03,0.0
20200426:1111,850.79,1053.61,43.63,2.24,0.97,0.0
20200426:1211,894.3,1113.35,43.03,2.92,1.24,0.0
20200426:1311,598.12,704.86,39.94,3.12,1.59,0.0
20200426:1411,563.35,658.87,34.87,2.96,1.66,0.0
20200426:1511,453.88,523.79,28.43,2.76,1.79,0.0
20200426:1611,347.85,399.82,21.22,2.4,1.59,0.0
20200426:1711,445.09,511.41,13.7,2.01,1.17,0.0
20200426:1811,13.85,27.58,6.28,1.31,0.97,0.0
20200426:1911,0.0,0.0,0.0,2.06,0.41,0.0
20200426:2011,0.0,0.0,0.0,1.16,0.69,0.0
20200426:2111,0.0,0.0,0.0,0.39,0.83,0.0
20200426:2211,0.0,0.0,0.0,-0.83,1.1,0.0
20200426:2311,0.0,0.0,0.0,-1.19,1.03,0.0
20200427:0011,0.0,0.0,0.0,-1.08,0.76,0.0
20200427:0111,0.0,0.0,0.0,-0.62,0.28,0.0
20200427:0211,0.0,0.0,0.0,-0.93,0.76,0.0
20200427:0311,0.0,0.0,0.0,-1.0,0.97,0.0
20200427:0411,0.0,0.77,2.73,-1.01,1.1,0.0
20200427:0511,0.68,7.16,9.93,-1.02,1.03,0.0
20200427:0611,9.71,21.99,17.45,-0.85,0.97,0.0
20200427:0711,38.2,57.79,24.88,-0.23,1.17,0.0
20200427:0811,263.42,305.26,31.81,-0.09,1.1,0.0
20200427:0911,179.81,215.17,37.71,0.05,1.03,0.0
20200427:1011,447.86,516.92,41.96,0.42,1.31,0.0
20200427:1111,356.01,410.65,43.96,0.73,1.86,0.0
20200427:1211,442.89,509.01,43.34,0.92,2.14,0.0
20200427:1311,442.29,507.34,40.24,1.1,2.28,0.0
20200427:1411,401.24,459.15,35.14,1.18,2.28,0.0
20200427:1511,440.34,503.03,28.7,1.08,2.0,0.0
20200427:1611,360.16,410.28,21.47,0.97,1.86,0.0
20200427:1711,209.53,243.52,13.95,0.78,1.66,0.0
20200427:1811,1.54,9.01,6.54,0.26,1.38,0.0
20200427:1911,0.0,0.0,0.0,-0.72,1.17,0.0
20200427:2011,0.0,0.0,0.0,-1.75,1.31,0.0
20200427:2111,0.0,0.0,0.0,-1.86,1.59,0.0
20200427:2211,0.0,0.0,0.0,-1.76,1.79,0.0
20200427:2311,0.0,0.0,0.0,-1.66,1.72,0.0
20200428:0011,0.0,0.0,0.0,-1.6,1.66,0.0
20200428:0111,0.0,0.0,0.0,-1.55,1.59,0.0
20200428:0211,0.0,0.0,0.0,-1.75,1.66,0.0
20200428:0311,0.0,0.0,0.0,-1.93,1.72,0.0
20200428:0411,0.0,1.16,3.02,-1.93,1.86,0.0
20200428:0511,113.64,138.71,10.23,-1.8,1.79,0.0
20200428:0611,405.81,452.91,17.74,-1.54,2.9,0.0
20200428:0711,516.4,579.25,25.18,-1.32,3.1,0.0
20200428:0811,457.07,514.85,32.11,-1.1,2.83,0.0
20200428:0911,718.46,829.23,38.02,-0.52,2.83,0.0
20200428:1011,390.3,445.36,42.28,-0.09,2.55,0.0
20200428:1111,546.07,628.05,44.27,0.46,2.34,0.0
20200428:1211,336.4,388.47,43.65,0.79,1.93,0.0
20200428:1311,351.01,405.35,40.53,1.18,1.72,0.0
20200428:1411,130.39,161.73,35.42,1.27,1.24,0.0
20200428:1511,268.46,312.66,28.96,1.23,0.76,0.0
20200428:1611,265.19,307.95,21.72,1.1,0.48,0.0
20200428:1711,227.43,265.15,14.2,0.95,0.21,0.0
20200428:1811,5.08,15.22,6.79,0.47,0.21,0.0
20200428:1911,0.0,0.0,0.0,-0.86,0.48,0.0
20200428:2011,0.0,0.0,0.0,-1.52,0.21,0.0
20200428:2111,0.0,0.0,0.0,-2.04,0.14,0.0
20200428:2211,0.0,0.0,0.0,-2.48,0.14,0.0
20200428:2311,0.0,0.0,0.0,-2.94,0.34,0.0
20200429:0011,0.0,0.0,0.0,-3.34,0.34,0.0
20200429:0111,0.0,0.0,0.0,-3.66,0.28,0.0
20200429:0211,0.0,0.0,0.0,-4.02,0.28,0.0
20200429:0311,0.0,0.0,0.0,-4.49,0.21,0.0
20200429:0411,0.0,1.16,3.32,-4.94,0.41,0.0
20200429:0511,3.25,11.95,10.51,-5.16,0.62,0.0
20200429:0611,348.16,389.2,18.02,-5.16,0.55,0.0
20200429:0711,140.13,168.61,25.46,-2.56,1.72,0.0
20200429:0811,710.32,819.38,32.41,-1.64,2.21,0.0
20200429:0911,917.18,1097.15,38.32,-0.91,2.21,0.0
20200429:1011,341.31,390.67,42.59,-0.4,2.34,0.0
20200429:1111,351.01,402.32,44.59,0.08,2.55,0.0
20200429:1211,483.46,552.49,43.96,0.35,2.69,0.0
20200429:1311,394.79,450.66,40.82,0.59,2.83,0.0
20200429:1411,325.65,372.79,35.69,0.54,2.62,0.0
20200429:1511,596.64,681.29,29.21,0.58,2.9,0.0
20200429:1611,439.02,495.01,21.97,0.29,2.9,0.0
20200429:1711,467.47,526.08,14.45,-0.01,2.62,0.0
20200429:1811,1.28,8.46,7.04,-0.47,2.69,0.0
20200429:1911,0.0,0.0,0.0,-1.77,2.55,0.0
20200429:2011,0.0,0.0,0.0,-2.59,2.34,0.0
20200429:2111,0.0,0.0,0.0,-3.07,2.21,0.0
20200429:2211,0.0,0.0,0.0,-2.95,2.21,0.0
20200429:2311,0.0,0.0,0.0,-2.88,2.21,0.0
20200430:0011,0.0,0.0,0.0,-2.82,2.55,0.0
20200430:0111,0.0,0.0,0.0,-2.7,2.9,0.0
20200430:0211,0.0,0.0,0.0,-2.77,3.1,0.0
20200430:0311,0.0,0.0,0.0,-2.85,2.76,0.0
20200430:0411,0.0,1.17,3.6,-3.0,2.55,0.0
20200430:0511,2.2,10.17,10.8,-2.92,3.17,0.0
20200430:0611,14.81,28.72,18.3,-2.77,3.52,0.0
20200430:0711,30.02,47.64,25.75,-2.07,4.62,0.0
20200430:0811,80.04,104.21,32.7,-1.73,5.17,0.0
20200430:0911,188.15,220.4,38.62,-1.57,5.24,0.0
20200430:1011,402.57,450.68,42.9,-1.45,5.31,0.0
20200430:1111,213.51,248.26,44.9,-1.2,5.38,0.0
20200430:1211,266.56,304.9,44.26,-1.23,5.24,0.0
20200430:1311,370.58,415.95,41.1,-1.31,5.17,0.0
20200430:1411,76.24,100.2,35.96,-1.4,5.03,0.0
20200430:1511,155.26,184.83,29.47,-1.57,4.62,0.0
20200430:1611,50.67,71.67,22.22,-1.75,4.34,0.0
20200430:1711,398.1,441.3,14.7,-2.0,3.52,0.0
20200430:1811,526.47,584.85,7.29,-2.22,2.97,0.0
20200430:1911,0.0,0.0,0.0,-2.22,2.28,0.0
20200430:2011,0.0,0.0,0.0,-2.27,1.93,0.0
20200430:2111,0.0,0.0,0.0,-2.3,1.86,0.0
20200430:2211,0.0,0.0,0.0,-2.3,1.66,0.0
20200430:2311,0.0,0.0,0.0,-2.28,1.52,0.0
20200501:0011,0.0,0.0,0.0,-2.32,1.45,0.0
20200501:0111,0.0,0.0,0.0,-2.35,1.31,0.0
20200501:0211,0.0,0.0,0.0,-2.37,1.03,0.0
20200501:0311,0.0,0.0,0.0,-2.39,1.03,0.0
20200501:0411,0.0,2.11,3.89,-2.42,1.03,0.0
20200501:0511,10.73,23.35,11.07,-2.28,1.1,0.0
20200501:0611,39.35,58.82,18.58,-1.86,1.38,0.0
20200501:0711,193.26,226.61,26.03,-1.16,1.24,0.0
20200501:0811,364.82,416.7,32.98,-0.57,1.31,0.0
20200501:0911,377.36,433.06,38.92,-0.09,1.38,0.0
20200501:1011,209.01,247.5,43.2,0.41,1.45,0.0
20200501:1111,394.51,457.8,45.2,0.95,1.03,0.0
20200501:1211,346.66,405.23,44.55,1.41,0.55,0.0
20200501:1311,361.81,423.69,41.38,2.15,0.48,0.0
20200501:1411,375.06,439.74,36.22,2.78,0.34,0.0
20200501:1511,102.39,131.56,29.72,2.37,0.55,0.0
20200501:1611,13.41,27.41,22.47,2.7,0.48,0.0
20200501:1711,16.17,31.12,14.94,2.34,0.41,0.0
20200501:1811,0.0,4.51,7.54,1.73,0.62,0.0
20200501:1911,0.0,0.0,0.0,1.13,0.69,0.0
20200501:2011,0.0,0.0,0.0,0.01,0.97,0.0
20200501:2111,0.0,0.0,0.0,-1.34,1.1,0.0
20200501:2211,0.0,0.0,0.0,-2.55,1.24,0.0
20200501:2311,0.0,0.0,0.0,-3.11,1.17,0.0
20200502:0011,0.0,0.0,0.0,-3.41,1.1,0.0
20200502:0111,0.0,0.0,0.0,-4.0,1.24,0.0
20200502:0211,0.0,0.0,0.0,-4.62,1.38,0.0
20200502:0311,0.0,0.0,0.0,-5.14,1.45,0.0
20200502:0411,12.55,25.01,4.16,-5.63,1.52,0.0
20200502:0511,249.71,279.33,11.35,-5.23,1.52,0.0
20200502:0611,220.51,252.32,18.85,-3.22,1.24,0.0
20200502:0711,131.5,161.03,26.3,-0.67,1.03,0.0
20200502:0811,506.99,586.51,33.27,1.24,1.31,0.0
20200502:0911,551.7,641.57,39.21,1.82,1.66,0.0
20200502:1011,444.04,513.89,43.5,2.31,2.0,0.0
20200502:1111,435.79,504.0,45.5,2.73,2.48,0.0
20200502:1211,250.3,294.86,44.85,3.02,2.69,0.0
20200502:1311,191.49,229.81,41.66,3.11,2.76,0.0
20200502:1411,706.74,832.12,36.48,3.11,2.48,0.0
20200502:1511,436.67,501.49,29.97,2.88,2.41,0.0
20200502:1611,628.71,729.28,22.71,2.54,2.34,0.0
20200502:1711,640.03,742.0,15.18,1.95,2.07,0.0
20200502:1811,454.42,515.87,7.79,1.07,1.72,0.0
20200502:1911,0.0,0.0,0.0,0.11,1.86,0.0
20200502:2011,0.0,0.0,0.0,-1.51,1.79,0.0
20200502:2111,0.0,0.0,0.0,-2.8,1.79,0.0
20200502:2211,0.0,0.0,0.0,-3.85,2.0,0.0
20200502:2311,0.0,0.0,0.0,-4.21,2.07,0.0
20200503:0011,0.0,0.0,0.0,-4.54,2.21,0.0
20200503:0111,0.0,0.0,0.0,-4.58,2.21,0.0
20200503:0211,0.0,0.0,0.0,-3.89,2.21,0.0
20200503:0311,0.0,0.0,0.0,-3.54,2.07,0.0
20200503:0411,153.74,178.37,4.44,-3.35,2.55,0.0
20200503:0511,336.58,373.98,11.62,-3.0,2.48,0.0
20200503:0611,657.2,739.8,19.12,-2.22,3.17,0.0
20200503:0711,503.74,565.57,26.57,-1.59,2.76,0.0
20200503:0811,799.55,930.15,33.54,-0.4,2.9,0.0
20200503:0911,823.19,962.45,39.5,0.42,3.17,0.0
20200503:1011,801.48,937.02,43.8,0.89,3.24,0.0
20200503:1111,698.4,807.57,45.8,1.23,3.45,0.0
20200503:1211,381.83,437.65,45.14,1.36,3.17,0.0
20200503:1311,460.7,526.33,41.94,1.46,3.17,0.0
20200503:1411,413.53,471.32,36.74,1.38,3.1,0.0
20200503:1511,316.21,361.43,30.21,1.19,2.97,0.0
20200503:1611,100.72,127.86,22.95,0.88,2.9,0.0
20200503:1711,47.97,69.06,15.42,0.45,2.76,0.0
20200503:1811,572.72,646.87,8.03,-0.17,2.62,0.0
20200503:1911,0.0,0.0,0.0,-1.39,2.28,0.0
20200503:2011,0.0,0.0,0.0,-2.93,2.14,0.0
20200503:2111,0.0,0.0,0.0,-3.9,2.14,0.0
20200503:2211,0.0,0.0,0.0,-4.67,2.14,0.0
20200503:2311,0.0,0.0,0.0,-4.83,2.14,0.0
20200504:0011,0.0,0.0,0.0,-4.94,2.21,0.0
20200504:0111,0.0,0.0,0.0,-5.02,2.21,0.0
20200504:0211,0.0,0.0,0.0,-5.26,2.21,0.0
20200504:0311,0.0,0.0,0.0,-5.15,2.28,0.0
20200504:0411,66.06,85.84,4.7,-4.99,2.28,0.0
20200504:0511,465.01,513.54,11.88,-4.73,2.07,0.0
20200504:0611,832.21,952.45,19.38,-4.37,2.69,0.0
20200504:0711,858.8,992.51,26.84,-3.74,2.62,0.0
20200504:0811,698.69,796.84,33.81,-2.59,2.62,0.0
20200504:0911,655.96,747.22,39.78,-1.87,2.83,0.0
20200504:1011,745.39,855.79,44.09,-1.21,3.38,0.0
20200504:1111,652.87,742.93,46.09,-0.81,3.72,0.0
20200504:1211,697.06,796.85,45.42,-0.43,3.79,0.0
20200504:1311,228.0,265.48,42.21,-0.14,3.79,0.0
20200504:1411,576.57,652.62,36.99,0.02,3.79,0.0
20200504:1511,691.39,789.52,30.46,0.08,3.59,0.0
20200504:1611,753.56,866.34,23.18,-0.08,3.31,0.0
20200504:1711,686.66,782.06,15.66,-0.41,3.1,0.0
20200504:1811,371.48,414.56,8.27,-1.13,2.62,0.0
20200504:1911,0.0,0.0,0.0,-2.32,2.41,0.0
20200504:2011,0.0,0.0,0.0,-3.7,2.07,0.0
20200504:2111,0.0,0.0,0.0,-4.62,1.93,0.0
20200504:2211,0.0,0.0,0.0,-5.36,1.86,0.0
20200504:2311,0.0,0.0,0.0,-5.43,1.79,0.0
20200505:0011,0.0,0.0,0.0,-5.18,1.59,0.0
20200505:0111,0.0,0.0,0.0,-5.32,1.52,0.0
20200505:0211,0.0,0.0,0.0,-5.32,1.45,0.0
20200505:0311,0.0,0.0,0.0,-4.57,1.24,0.0
20200505:0411,302.43,335.46,4.97,-4.59,1.24,0.0
20200505:0511,680.79,776.34,12.14,-4.43,1.31,0.0
20200505:0611,791.96,934.59,19.64,-2.94,1.03,0.0
20200505:0711,823.13,988.08,27.1,-1.23,1.03,0.0
20200505:0811,876.84,1056.19,34.08,-0.11,1.66,0.0
20200505:0911,770.31,909.75,40.05,0.44,2.0,0.0
20200505:1011,741.59,867.97,44.37,0.97,2.62,0.0
20200505:1111,607.56,701.07,46.38,1.18,2.83,0.0
20200505:1211,576.64,664.69,45.7,1.48,2.83,0.0
20200505:1311,574.97,662.75,42.47,1.67,2.76,0.0
20200505:1411,658.66,764.92,37.25,1.77,2.62,0.0
20200505:1511,609.56,702.73,30.7,1.76,2.62,0.0
20200505:1611,201.73,236.91,23.42,1.62,2.55,0.0
20200505:1711,66.23,89.73,15.89,1.3,2.41,0.0
20200505:1811,18.23,33.39,8.51,0.66,2.14,0.0
20200505:1911,0.0,0.36,1.64,-0.21,2.07,0.0
20200505:2011,0.0,0.0,0.0,-1.91,2.07,0.0
20200505:2111,0.0,0.0,0.0,-2.91,2.14,0.0
20200505:2211,0.0,0.0,0.0,-3.69,2.28,0.0
20200505:2311,0.0,0.0,0.0,-4.06,2.28,0.0
20200506:0011,0.0,0.0,0.0,-4.26,2.34,0.0
20200506:0111,0.0,0.0,0.0,-3.8,2.14,0.0
20200506:0211,0.0,0.0,0.0,-3.19,2.07,0.0
20200506:0311,0.0,0.0,0.0,-3.16,2.0,0.0
20200506:0411,86.37,108.4,5.23,-2.95,1.93,0.0
20200506:0511,9.09,21.04,12.39,-2.25,1.93,0.0
20200506:0611,96.27,121.83,19.89,-1.03,2.48,0.0
20200506:0711,383.43,433.84,27.35,0.28,2.76,0.0
20200506:0811,536.23,608.88,34.34,1.14,3.59,0.0
20200506:0911,712.19,823.66,40.32,1.7,3.59,0.0
20200506:1011,680.36,786.71,44.65,2.24,3.72,0.0
20200506:1111,526.94,605.41,46.66,2.62,3.66,0.0
20200506:1211,485.69,557.49,45.98,2.87,3.79,0.0
20200506:1311,625.12,722.21,42.74,3.01,3.66,0.0
20200506:1411,661.97,765.31,37.49,3.16,3.79,0.0
20200506:1511,700.81,812.49,30.93,3.13,3.66,0.0
20200506:1611,720.65,835.91,23.65,2.95,3.52,0.0
20200506:1711,420.76,476.99,16.12,2.56,3.24,0.0
20200506:1811,65.95,88.66,8.74,2.0,2.9,0.0
20200506:1911,0.0,0.36,1.88,1.22,2.48,0.0
20200506:2011,0.0,0.0,0.0,-0.27,2.07,0.0
20200506:2111,0.0,0.0,0.0,-1.5,1.93,0.0
20200506:2211,0.0,0.0,0.0,-2.65,1.86,0.0
20200506:2311,0.0,0.0,0.0,-3.1,1.72,0.0
20200507:0011,0.0,0.0,0.0,-3.68,1.79,0.0
20200507:0111,0.0,0.0,0.0,-3.81,1.86,0.0
20200507:0211,0.0,0.0,0.0,-2.99,1.79,0.0
20200507:0311,0.0,0.0,0.0,-3.15,1.79,0.0
20200507:0411,0.0,3.18,5.48,-2.93,1.86,0.0
20200507:0511,12.6,25.87,12.64,-2.57,1.93,0.0
20200507:0611,76.09,99.75,20.13,-2.02,1.86,0.0
20200507:0711,733.48,857.66,27.6,-0.15,1.86,0.0
20200507:0811,328.54,377.52,34.59,0.8,1.79,0.0
20200507:0911,604.33,704.52,40.59,1.71,1.86,0.0
20200507:1011,448.81,520.12,44.93,2.49,2.0,0.0
20200507:1111,211.37,252.4,46.94,3.06,2.28,0.0
20200507:1211,230.54,273.66,46.25,3.39,2.62,0.0
20200507:1311,175.38,212.32,43.0,3.45,3.03,0.0
20200507:1411,177.24,213.81,37.74,3.31,3.1,0.0
20200507:1511,637.93,739.32,31.17,2.99,2.97,0.0
20200507:1611,258.99,299.82,23.88,2.74,2.97,0.0
20200507:1711,355.14,403.46,16.35,2.15,2.83,0.0
20200507:1811,7.27,18.67,8.97,1.61,2.69,0.0
20200507:1911,0.0,0.36,2.12,0.94,2.14,0.0
20200507:2011,0.0,0.0,0.0,-0.33,1.93,0.0
20200507:2111,0.0,0.0,0.0,-1.09,1.93,0.0
20200507:2211,0.0,0.0,0.0,-1.94,1.93,0.0
20200507:2311,0.0,0.0,0.0,-2.04,1.93,0.0
20200508:0011,0.0,0.0,0.0,-2.24,1.93,0.0
20200508:0111,0.0,0.0,0.0,-1.89,1.93,0.0
20200508:0211,0.0,0.0,0.0,-1.74,2.0,0.0
20200508:0311,0.0,0.0,0.0,-1.94,2.0,0.0
20200508:0411,0.13,5.84,5.73,-2.09,1.93,0.0
20200508:0511,568.26,642.72,12.88,-1.6,1.93,0.0
20200508:0611,31.97,50.37,20.38,-0.41,2.62,0.0
20200508:0711,75.23,100.09,27.84,0.63,2.97,0.0
20200508:0811,195.69,231.18,34.84,1.03,3.38,0.0
20200508:0911,233.93,273.75,40.85,1.66,3.66,0.0
20200508:1011,343.33,395.18,45.2,2.06,3.52,0.0
20200508:1111,357.24,411.39,47.22,2.28,3.59,0.0
20200508:1211,372.38,428.29,46.52,2.57,3.79,0.0
20200508:1311,569.62,652.44,43.25,2.73,4.21,0.0
20200508:1411,431.99,492.9,37.98,2.9,4.21,0.0
20200508:1511,253.52,294.67,31.4,2.79,3.72,0.0
20200508:1611,184.62,218.9,24.1,2.37,3.31,0.0
20200508:1711,33.64,52.86,16.57,1.89,2.97,0.0
20200508:1811,0.27,6.23,9.2,1.28,2.41,0.0
20200508:1911,0.0,0.72,2.35,0.62,2.0,0.0
20200508:2011,0.0,0.0,0.0,-0.94,1.72,0.0
20200508:2111,0.0,0.0,0.0,-2.3,1.72,0.0
20200508:2211,0.0,0.0,0.0,-3.45,1.79,0.0
20200508:2311,0.0,0.0,0.0,-4.14,1.86,0.0
20200509:0011,0.0,0.0,0.0,-4.22,1.86,0.0
20200509:0111,0.0,0.0,0.0,-4.07,1.93,0.0
20200509:0211,0.0,0.0,0.0,-4.11,2.0,0.0
20200509:0311,0.0,0.0,0.0,-3.66,2.0,0.0
20200509:0411,470.36,521.32,5.97,-3.73,1.93,0.0
20200509:0511,420.5,466.77,13.12,-3.52,2.0,0.0
20200509:0611,494.57,554.08,20.61,-2.98,1.86,0.0
20200509:0711,554.79,631.64,28.08,-0.85,2.0,0.0
20200509:0811,548.51,627.71,35.09,0.06,2.14,0.0
20200509:0911,491.34,563.52,41.1,1.06,2.34,0.0
20200509:1011,491.29,563.7,45.46,1.81,3.03,0.0
20200509:1111,376.85,433.71,47.49,2.12,3.24,0.0
20200509:1211,451.76,519.46,46.79,2.44,3.17,0.0
20200509:1311,357.27,412.18,43.5,2.7,3.1,0.0
20200509:1411,306.78,355.35,38.22,2.89,2.97,0.0
20200509:1511,386.53,443.47,31.62,2.84,2.69,0.0
20200509:1611,116.55,146.17,24.32,2.56,2.28,0.0
20200509:1711,149.02,179.91,16.79,2.15,2.07,0.0
20200509:1811,7.29,18.69,9.43,1.48,1.38,0.0
20200509:1911,0.0,0.72,2.59,0.93,1.03,0.0
20200509:2011,0.0,0.0,0.0,0.46,0.97,0.0
20200509:2111,0.0,0.0,0.0,-0.03,0.9,0.0
20200509:2211,0.0,0.0,0.0,-0.1,0.9,0.0
20200509:2311,0.0,0.0,0.0,-0.22,0.97,0.0
20200510:0011,0.0,0.0,0.0,-0.29,0.9,0.0
20200510:0111,0.0,0.0,0.0,-0.46,0.97,0.0
20200510:0211,0.0,0.0,0.0,-0.38,1.24,0.0
20200510:0311,0.0,0.0,0.0,-0.57,1.31,0.0
20200510:0411,23.56,39.54,6.2,-0.73,1.38,0.0
20200510:0511,121.11,147.76,13.35,-0.79,1.66,0.0
20200510:0611,59.55,82.09,20.84,-0.68,2.21,0.0
20200510:0711,151.25,181.9,28.31,-0.68,2.14,0.0
20200510:0811,202.19,237.03,35.33,-0.78,2.41,0.0
20200510:0911,311.34,355.71,41.35,-0.75,2.76,0.0
20200510:1011,237.88,275.62,45.72,-1.22,3.24,0.0
20200510:1111,251.29,290.15,47.75,-0.96,3.79,0.0
20200510:1211,149.33,180.05,47.04,-0.89,4.07,0.0
20200510:1311,173.89,206.3,43.75,-0.94,4.34,0.0
20200510:1411,205.1,238.91,38.45,-1.14,4.69,0.0
20200510:1511,256.0,291.46,31.85,-1.24,4.97,0.0
20200510:1611,214.04,245.61,24.54,-1.71,4.55,0.0
20200510:1711,216.0,246.32,17.01,-2.07,3.93,0.0
20200510:1811,103.74,127.31,9.65,-2.62,4.0,0.0
20200510:1911,0.0,0.72,2.82,-3.79,3.03,0.0
20200510:2011,0.0,0.0,0.0,-4.8,2.97,0.0
20200510:2111,0.0,0.0,0.0,-5.46,3.03,0.0
20200510:2211,0.0,0.0,0.0,-5.94,2.97,0.0
20200510:2311,0.0,0.0,0.0,-6.28,2.83,0.0
20200511:0011,0.0,0.0,0.0,-6.54,2.62,0.0
20200511:0111,0.0,0.0,0.0,-6.79,2.48,0.0
20200511:0211,0.0,0.0,0.0,-7.08,2.28,0.0
20200511:0311,0.0,0.0,0.0,-7.41,2.21,0.0
20200511:0411,0.86,7.45,6.44,-7.49,2.07,0.0
20200511:0511,735.97,825.21,13.57,-6.79,2.21,0.0
20200511:0611,841.17,966.87,21.06,-5.29,2.21,0.0
20200511:0711,913.97,1056.27,28.54,-3.92,3.1,0.0
20200511:0811,881.83,1015.22,35.56,-3.17,3.45,0.0
20200511:0911,976.86,1142.41,41.6,-2.54,3.52,0.0
20200511:1011,790.97,905.72,45.97,-2.04,3.72,0.0
20200511:1111,663.23,752.11,48.01,-1.55,3.86,0.0
20200511:1211,679.09,771.82,47.3,-1.16,3.93,0.0
20200511:1311,680.73,773.79,43.99,-0.92,3.93,0.0
20200511:1411,524.39,588.84,38.68,-0.87,4.14,0.0
20200511:1511,565.85,635.27,32.07,-1.05,3.86,0.0
20200511:1611,269.8,305.61,24.76,-1.39,3.66,0.0
20200511:1711,786.48,896.41,17.23,-1.8,3.52,0.0
20200511:1811,296.61,330.55,9.87,-2.56,3.1,0.0
20200511:1911,0.0,1.09,3.05,-3.25,2.48,0.0
20200511:2011,0.0,0.0,0.0,-4.46,2.48,0.0
20200511:2111,0.0,0.0,0.0,-5.25,2.83,0.0
20200511:2211,0.0,0.0,0.0,-5.72,2.83,0.0
20200511:2311,0.0,0.0,0.0,-6.04,2.41,0.0
20200512:0011,0.0,0.0,0.0,-5.83,2.28,0.0
20200512:0111,0.0,0.0,0.0,-5.39,2.48,0.0
20200512:0211,0.0,0.0,0.0,-5.6,2.34,0.0
20200512:0311,0.0,0.0,0.0,-5.73,2.28,0.0
20200512:0411,4.73,14.38,6.66,-5.93,2.62,0.0
20200512:0511,741.5,829.02,13.8,-5.62,2.97,0.0
20200512:0611,850.5,968.23,21.28,-5.01,3.03,0.0
20200512:0711,925.04,1058.75,28.76,-4.79,3.59,0.0
20200512:0811,968.96,1113.22,35.79,-4.16,4.07,0.0
20200512:0911,992.57,1143.01,41.83,-3.74,4.34,0.0
20200512:1011,927.18,1060.96,46.22,-3.35,4.48,0.0
20200512:1111,1004.81,1164.01,48.26,-2.98,4.34,0.0
20200512:1211,1001.31,1161.93,47.55,-2.57,4.34,0.0
20200512:1311,879.96,1010.04,44.23,-2.3,4.21,0.0
20200512:1411,579.98,647.7,38.91,-2.23,4.34,0.0
20200512:1511,764.43,864.96,32.29,-2.3,4.14,0.0
20200512:1611,883.35,1014.04,24.97,-2.5,3.79,0.0
20200512:1711,72.2,94.85,17.44,-2.77,3.79,0.0
20200512:1811,456.69,503.13,10.09,-3.24,3.31,0.0
20200512:1911,0.27,6.16,3.27,-4.04,2.62,0.0
20200512:2011,0.0,0.0,0.0,-5.31,2.28,0.0
20200512:2111,0.0,0.0,0.0,-6.28,2.14,0.0
20200512:2211,0.0,0.0,0.0,-7.11,2.0,0.0
20200512:2311,0.0,0.0,0.0,-7.56,1.86,0.0
20200513:0011,0.0,0.0,0.0,-7.78,1.79,0.0
20200513:0111,0.0,0.0,0.0,-7.95,1.66,0.0
20200513:0211,0.0,0.0,0.0,-8.54,1.66,0.0
20200513:0311,0.0,0.0,0.0,-9.77,1.72,0.0
20200513:0411,566.65,615.95,6.88,-9.63,1.86,0.0
20200513:0511,747.29,835.59,14.01,-8.87,1.79,0.0
20200513:0611,847.03,972.79,21.5,-7.53,1.66,0.0
20200513:0711,901.01,1062.29,28.97,-4.17,1.79,0.0
20200513:0811,941.03,1115.73,36.01,-3.06,2.21,0.0
20200513:0911,966.07,1145.3,42.07,-2.49,2.62,0.0
20200513:1011,979.68,1161.47,46.46,-2.03,2.9,0.0
20200513:1111,826.78,959.46,48.51,-1.74,3.1,0.0
20200513:1211,963.7,1140.08,47.8,-1.56,3.03,0.0
20200513:1311,972.44,1153.38,44.47,-1.27,3.03,0.0
20200513:1411,640.03,728.12,39.13,-1.19,3.1,0.0
20200513:1511,918.51,1076.84,32.5,-1.26,3.17,0.0
20200513:1611,874.81,1017.91,25.18,-1.44,3.1,0.0
20200513:1711,787.19,905.41,17.65,-1.88,2.76,0.0
20200513:1811,114.62,139.2,10.3,-2.55,2.41,0.0
20200513:1911,0.0,3.99,3.49,-3.45,2.07,0.0
20200513:2011,0.0,0.0,0.0,-4.69,2.14,0.0
20200513:2111,0.0,0.0,0.0,-5.92,2.41,0.0
20200513:2211,0.0,0.0,0.0,-6.71,2.48,0.0
20200513:2311,0.0,0.0,0.0,-7.36,2.41,0.0
20200514:0011,0.0,0.0,0.0,-7.94,2.28,0.0
20200514:0111,0.0,0.0,0.0,-8.5,2.07,0.0
20200514:0211,0.0,0.0,0.0,-8.97,2.0,0.0
20200514:0311,0.0,0.0,0.0,-9.0,1.93,0.0
20200514:0411,0.0,4.27,7.1,-8.54,1.93,0.0
20200514:0511,59.95,79.93,14.22,-7.24,1.93,0.0
20200514:0611,271.23,303.79,21.7,-4.89,2.0,0.0
20200514:0711,114.44,141.13,29.18,-2.85,2.69,0.0
20200514:0811,108.56,135.58,36.23,-1.42,3.72,0.0
20200514:0911,121.21,149.73,42.29,-0.85,3.38,0.0
20200514:1011,76.02,100.41,46.7,-0.75,3.24,0.0
20200514:1111,91.59,117.72,48.75,-0.58,2.9,0.0
20200514:1211,134.03,164.32,48.04,-0.21,2.76,0.0
20200514:1311,117.77,146.66,44.7,0.09,3.03,0.0
20200514:1411,165.25,198.27,39.35,0.49,3.52,0.0
20200514:1511,344.56,390.7,32.71,0.36,3.52,0.0
20200514:1611,668.88,762.94,25.39,0.14,3.31,0.0
20200514:1711,605.31,685.58,17.85,-0.13,3.03,0.0
20200514:1811,266.57,301.77,10.51,-0.64,2.55,0.0
20200514:1911,0.0,4.72,3.71,-1.37,1.79,0.0
20200514:2011,0.0,0.0,0.0,-3.14,1.72,0.0
20200514:2111,0.0,0.0,0.0,-4.17,1.79,0.0
20200514:2211,0.0,0.0,0.0,-4.86,1.86,0.0
20200514:2311,0.0,0.0,0.0,-5.33,1.93,0.0
20200515:0011,0.0,0.0,0.0,-5.9,2.07,0.0
20200515:0111,0.0,0.0,0.0,-6.41,2.07,0.0
20200515:0211,0.0,0.0,0.0,-6.97,2.07,0.0
20200515:0311,0.0,0.0,0.0,-7.34,2.07,0.0
20200515:0411,0.0,4.27,7.31,-7.28,2.0,0.0
20200515:0511,3.0,11.49,14.42,-5.81,1.93,0.0
20200515:0611,638.17,723.2,21.91,-3.35,1.93,0.0
20200515:0711,890.67,1038.99,29.39,-1.09,3.24,0.0
20200515:0811,933.09,1093.58,36.44,-0.43,3.66,0.0
20200515:0911,903.43,1049.09,42.51,-0.31,4.21,0.0
20200515:1011,850.23,980.58,46.93,-0.33,4.41,0.0
20200515:1111,966.08,1122.26,48.99,-0.4,4.83,0.0
20200515:1211,918.88,1063.79,48.27,-0.23,4.76,0.0
20200515:1311,786.18,897.34,44.93,-0.24,4.9,0.0
20200515:1411,700.39,792.76,39.57,-0.29,4.83,0.0
20200515:1511,471.32,526.73,32.92,-0.5,4.69,0.0
20200515:1611,777.78,883.43,25.59,-0.85,4.41,0.0
20200515:1711,589.65,658.39,18.06,-1.35,3.93,0.0
20200515:1811,3.17,11.93,10.72,-2.13,4.21,0.0
20200515:1911,1.23,8.35,3.92,-2.1,3.17,0.0
20200515:2011,0.0,0.0,0.0,-2.86,2.97,0.0
20200515:2111,0.0,0.0,0.0,-3.16,2.83,0.0
20200515:2211,0.0,0.0,0.0,-3.44,3.45,0.0
20200515:2311,0.0,0.0,0.0,-3.48,4.14,0.0
20200516:0011,0.0,0.0,0.0,-3.95,4.14,0.0
20200516:0111,0.0,0.0,0.0,-4.35,3.79,0.0
20200516:0211,0.0,0.0,0.0,-5.02,3.24,0.0
20200516:0311,0.0,0.0,0.0,-5.49,3.03,0.0
20200516:0411,0.0,4.8,7.51,-5.51,2.69,0.0
20200516:0511,34.54,52.47,14.62,-4.8,3.24,0.0
20200516:0611,554.72,613.45,22.1,-3.92,3.45,0.0
20200516:0711,668.39,743.73,29.58,-2.89,4.69,0.0
20200516:0811,812.57,918.1,36.64,-2.22,4.97,0.0
20200516:0911,190.34,222.93,42.73,-1.41,5.59,0.0
20200516:1011,463.68,517.82,47.16,-1.23,5.79,0.0
20200516:1111,232.7,268.65,49.22,-1.2,5.93,0.0
20200516:1211,363.12,408.14,48.5,-1.34,5.93,0.0
20200516:1311,425.42,475.15,45.15,-1.07,6.14,0.0
20200516:1411,816.71,921.14,39.78,-1.11,6.07,0.0
20200516:1511,901.8,1025.04,33.12,-1.13,5.79,0.0
20200516:1611,667.23,742.65,25.79,-1.21,5.72,0.0
20200516:1711,348.98,386.66,18.26,-1.5,5.59,0.0
20200516:1811,5.61,15.92,10.92,-1.82,5.17,0.0
20200516:1911,0.0,1.45,4.13,-2.08,4.41,0.0
20200516:2011,0.0,0.0,0.0,-2.14,3.66,0.0
20200516:2111,0.0,0.0,0.0,-2.22,3.86,0.0
20200516:2211,0.0,0.0,0.0,-2.23,3.72,0.0
20200516:2311,0.0,0.0,0.0,-2.21,3.72,0.0
20200517:0011,0.0,0.0,0.0,-2.25,3.52,0.0
20200517:0111,0.0,0.0,0.0,-2.15,3.66,0.0
20200517:0211,0.0,0.0,0.0,-2.26,3.31,0.0
20200517:0311,0.0,0.0,0.0,-2.18,3.31,0.0
20200517:0411,0.0,4.81,7.71,-2.11,3.1,0.0
20200517:0511,724.08,821.96,14.81,-1.88,3.1,0.0
20200517:0611,830.47,955.48,22.29,-1.39,3.45,0.0
20200517:0711,895.33,1042.76,29.78,-0.8,3.52,0.0
20200517:0811,944.54,1096.51,36.84,-0.25,4.62,0.0
20200517:0911,967.1,1127.47,42.94,0.21,4.76,0.0
20200517:1011,954.7,1112.05,47.38,0.39,4.83,0.0
20200517:1111,982.49,1148.45,49.45,0.58,4.9,0.0
20200517:1211,869.74,1004.0,48.73,0.59,5.03,0.0
20200517:1311,593.87,671.97,45.37,0.73,4.97,0.0
20200517:1411,448.95,505.53,39.99,0.68,5.03,0.0
20200517:1511,922.48,1069.3,33.32,0.65,4.9,0.0
20200517:1611,860.66,1000.62,25.98,0.23,3.66,0.0
20200517:1711,437.7,490.57,18.45,-0.02,3.38,0.0
20200517:1811,412.5,460.06,11.12,-0.49,3.38,0.0
20200517:1911,0.56,6.91,4.33,-1.44,2.76,0.0
20200517:2011,0.0,0.0,0.0,-2.67,2.48,0.0
20200517:2111,0.0,0.0,0.0,-3.67,2.34,0.0
20200517:2211,0.0,0.0,0.0,-4.23,2.28,0.0
20200517:2311,0.0,0.0,0.0,-4.13,2.14,0.0
20200518:0011,0.0,0.0,0.0,-4.45,2.07,0.0
20200518:0111,0.0,0.0,0.0,-3.92,2.14,0.0
20200518:0211,0.0,0.0,0.0,-3.68,1.86,0.0
20200518:0311,0.0,0.34,1.51,-4.26,1.93,0.0
20200518:0411,24.93,40.89,7.9,-4.0,2.28,0.0
20200518:0511,725.65,827.45,15.0,-3.81,2.0,0.0
20200518:0611,800.92,926.24,22.48,-3.16,2.14,0.0
20200518:0711,390.23,438.33,29.96,-2.39,2.14,0.0
20200518:0811,787.47,923.81,37.03,-1.14,2.0,0.0
20200518:0911,916.57,1111.92,43.14,-0.07,1.72,0.0
20200518:1011,738.48,874.56,47.59,0.62,1.72,0.0
20200518:1111,887.06,1072.65,49.67,1.2,2.0,0.0
20200518:1211,944.51,1148.92,48.95,1.6,2.28,0.0
20200518:1311,937.85,1138.01,45.58,1.66,2.34,0.0
20200518:1411,913.09,1103.22,40.19,1.5,2.28,0.0
20200518:1511,566.01,652.12,33.52,1.55,2.28,0.0
20200518:1611,334.98,382.9,26.18,1.36,2.21,0.0
20200518:1711,507.68,579.54,18.65,1.09,2.0,0.0
20200518:1811,5.17,15.37,11.32,0.79,1.79,0.0
20200518:1911,0.0,1.46,4.54,0.25,1.52,0.0
20200518:2011,0.0,0.0,0.0,-0.52,1.52,0.0
20200518:2111,0.0,0.0,0.0,-1.63,1.66,0.0
20200518:2211,0.0,0.0,0.0,-2.62,1.72,0.0
20200518:2311,0.0,0.0,0.0,-3.35,1.72,0.0
20200519:0011,0.0,0.0,0.0,-3.93,1.79,0.0
20200519:0111,0.0,0.0,0.0,-3.98,1.79,0.0
20200519:0211,0.0,0.0,0.0,-3.75,1.79,0.0
20200519:0311,0.0,0.34,1.7,-4.43,1.93,0.0
20200519:0411,0.0,4.81,8.08,-4.49,1.93,0.0
20200519:0511,538.45,602.72,15.18,-3.58,1.86,0.0
20200519:0611,820.21,965.05,22.65,-1.16,1.93,0.0
20200519:0711,874.77,1050.61,30.14,0.35,1.86,0.0
20200519:0811,911.79,1103.48,37.22,1.13,2.07,0.0
20200519:0911,935.33,1133.63,43.33,1.54,2.34,0.0
20200519:1011,922.52,1111.95,47.8,2.02,2.69,0.0
20200519:1111,917.15,1104.34,49.89,2.39,2.83,0.0
20200519:1211,930.3,1122.19,49.16,2.58,2.9,0.0
20200519:1311,912.87,1097.36,45.79,2.7,2.97,0.0
20200519:1411,926.8,1118.92,40.39,2.78,2.83,0.0
20200519:1511,632.2,735.37,33.71,2.76,2.55,0.0
20200519:1611,718.77,847.48,26.36,2.69,2.14,0.0
20200519:1711,666.83,778.94,18.83,2.29,2.0,0.0
20200519:1811,460.02,524.1,11.51,1.67,1.93,0.0
20200519:1911,2.33,10.56,4.73,0.41,1.66,0.0
20200519:2011,0.0,0.0,0.0,-1.65,1.79,0.0
20200519:2111,0.0,0.0,0.0,-3.05,1.86,0.0
20200519:2211,0.0,0.0,0.0,-3.71,1.79,0.0
20200519:2311,0.0,0.0,0.0,-4.11,1.79,0.0
20200520:0011,0.0,0.0,0.0,-4.52,1.79,0.0
20200520:0111,0.0,0.0,0.0,-4.58,1.72,0.0
20200520:0211,0.0,0.0,0.0,-4.57,1.66,0.0
20200520:0311,0.0,0.34,1.89,-4.6,1.66,0.0
20200520:0411,511.85,569.52,8.26,-4.43,1.59,0.0
20200520:0511,710.43,822.9,15.35,-2.73,1.24,0.0
20200520:0611,786.91,952.6,22.83,0.25,0.69,0.0
20200520:0711,840.55,1037.95,30.32,1.42,0.69,0.0
20200520:0811,790.74,959.71,37.4,2.12,1.17,0.0
20200520:0911,824.45,1007.58,43.52,2.88,1.38,0.0
20200520:1011,866.52,1067.04,48.0,3.62,1.59,0.0
20200520:1111,808.88,988.84,50.1,4.25,1.66,0.0
20200520:1211,835.65,1029.32,49.38,4.59,1.59,0.0
20200520:1311,844.46,1042.17,45.99,4.78,1.59,0.0
20200520:1411,884.02,1096.4,40.58,4.77,1.66,0.0
20200520:1511,865.74,1066.18,33.9,4.59,1.72,0.0
20200520:1611,820.5,996.77,26.55,4.14,1.79,0.0
20200520:1711,598.5,700.41,19.02,3.5,1.66,0.0
20200520:1811,14.55,29.07,11.7,2.76,1.52,0.0
20200520:1911,0.0,1.82,4.93,2.32,1.38,0.0
20200520:2011,0.0,0.0,0.0,1.59,1.45,0.0
20200520:2111,0.0,0.0,0.0,0.84,1.45,0.0
20200520:2211,0.0,0.0,0.0,0.68,1.31,0.0
20200520:2311,0.0,0.0,0.0,0.64,1.17,0.0
20200521:0011,0.0,0.0,0.0,0.4,1.24,0.0
20200521:0111,0.0,0.0,0.0,0.27,1.24,0.0
20200521:0211,0.0,0.0,0.0,0.28,1.24,0.0
20200521:0311,0.0,0.34,2.07,0.43,1.17,0.0
20200521:0411,0.0,4.81,8.43,0.84,0.97,0.0
20200521:0511,9.0,21.21,15.52,1.85,0.62,0.0
20200521:0611,77.11,103.26,22.99,2.72,0.34,0.0
20200521:0711,155.02,190.49,30.48,3.59,0.41,0.0
20200521:0811,339.71,402.01,37.57,4.71,0.34,0.0
20200521:0911,302.85,360.69,43.71,5.49,0.69,0.0
20200521:1011,190.12,232.55,48.2,5.68,0.97,0.0
20200521:1111,423.75,503.31,50.3,5.99,1.24,0.0
20200521:1211,283.16,338.43,49.58,6.21,1.45,0.0
20200521:1311,310.92,370.13,46.19,6.37,1.38,0.0
20200521:1411,290.09,346.31,40.78,6.82,1.17,0.0
20200521:1511,254.43,304.2,34.08,6.77,1.24,0.0
20200521:1611,429.53,509.39,26.73,7.35,0.97,0.0
20200521:1711,21.27,38.46,19.2,7.5,0.69,0.0
20200521:1811,2.37,10.83,11.88,7.3,0.62,0.0
20200521:1911,0.0,2.5,5.12,6.43,0.48,0.0
20200521:2011,0.0,0.0,0.0,6.27,0.76,0.0
20200521:2111,0.0,0.0,0.0,5.91,0.83,0.0
20200521:2211,0.0,0.0,0.0,5.44,0.97,0.0
20200521:2311,0.0,0.0,0.0,4.3,1.31,0.0
20200522:0011,0.0,0.0,0.0,3.91,1.38,0.0
20200522:0111,0.0,0.0,0.0,3.57,1.45,0.0
20200522:0211,0.0,0.0,0.0,3.11,1.45,0.0
20200522:0311,0.0,0.67,2.24,2.73,1.45,0.0
20200522:0411,0.0,5.35,8.6,2.46,1.59,0.0
20200522:0511,3.53,12.73,15.68,2.67,1.66,0.0
20200522:0611,26.69,44.58,23.15,3.11,2.0,0.0
20200522:0711,66.07,90.9,30.65,3.38,2.07,0.0
20200522:0811,173.68,210.58,37.74,3.68,2.28,0.0
20200522:0911,93.59,122.19,43.89,4.21,2.97,0.0
20200522:1011,65.75,90.9,48.39,4.69,3.66,0.0
20200522:1111,120.81,152.85,50.5,4.94,4.0,0.0
20200522:1211,79.48,106.65,49.78,5.14,4.14,0.0
20200522:1311,75.78,102.38,46.38,5.17,4.83,0.0
20200522:1411,68.49,93.95,40.96,4.76,4.41,0.0
20200522:1511,21.67,38.38,34.26,4.34,3.86,0.0
20200522:1611,12.97,26.91,26.91,4.08,3.66,0.0
20200522:1711,25.79,43.61,19.38,3.9,3.66,0.0
20200522:1811,4.4,14.27,12.06,3.78,2.9,0.0
20200522:1911,0.0,2.5,5.3,3.47,1.93,0.0
20200522:2011,0.0,0.0,0.0,3.1,1.59,0.0
20200522:2111,0.0,0.0,0.0,2.97,1.45,0.0
20200522:2211,0.0,0.0,0.0,2.49,1.52,0.0
20200522:2311,0.0,0.0,0.0,1.98,1.52,0.0
20200523:0011,0.0,0.0,0.0,1.66,1.66,0.0
20200523:0111,0.0,0.0,0.0,1.8,2.14,0.0
20200523:0211,0.0,0.0,0.0,1.78,1.93,0.0
20200523:0311,0.0,0.68,2.41,1.7,1.93,0.0
20200523:0411,500.32,568.67,8.76,2.01,2.55,0.0
20200523:0511,106.33,133.75,15.84,2.23,2.62,0.0
20200523:0611,108.61,137.31,23.31,2.38,2.34,0.0
20200523:0711,283.59,329.56,30.8,3.1,2.21,0.0
20200523:0811,171.14,207.71,37.9,3.56,2.28,0.0
20200523:0911,432.18,501.06,44.06,3.55,2.41,0.0
20200523:1011,702.06,835.97,48.57,4.47,2.34,0.0
20200523:1111,618.25,732.92,50.69,4.78,2.14,0.0
20200523:1211,178.75,217.68,49.97,4.85,2.76,0.0
20200523:1311,643.76,759.48,46.57,4.87,2.69,0.0
20200523:1411,734.05,869.01,41.14,4.72,3.03,0.0
20200523:1511,559.08,650.71,34.44,4.69,2.76,0.0
20200523:1611,222.79,262.53,27.08,3.96,2.83,0.0
20200523:1711,7.18,18.61,19.55,3.74,2.9,0.0
20200523:1811,14.57,29.12,12.24,3.12,2.76,0.0
20200523:1911,0.0,2.5,5.48,2.26,3.17,0.0
20200523:2011,0.0,0.0,0.0,1.57,2.55,0.0
20200523:2111,0.0,0.0,0.0,1.36,2.69,0.0
20200523:2211,0.0,0.0,0.0,1.42,2.83,0.0
20200523:2311,0.0,0.0,0.0,1.39,2.55,0.0
20200524:0011,0.0,0.0,0.0,1.23,2.41,0.0
20200524:0111,0.0,0.0,0.0,1.45,2.28,0.0
20200524:0211,0.0,0.0,0.0,1.31,2.14,0.0
20200524:0311,0.0,0.68,2.57,1.44,2.07,0.0
20200524:0411,17.82,33.03,8.92,1.48,1.93,0.0
20200524:0511,433.59,493.65,15.99,1.59,2.0,0.0
20200524:0611,399.98,456.26,23.45,1.83,2.21,0.0
20200524:0711,52.32,74.67,30.95,1.88,2.28,0.0
20200524:0811,196.05,233.41,38.06,2.13,2.55,0.0
20200524:0911,224.93,266.11,44.22,2.61,2.62,0.0
20200524:1011,125.87,157.56,48.75,2.96,2.41,0.0
20200524:1111,192.71,232.51,50.88,3.53,1.93,0.0
20200524:1211,147.73,182.71,50.16,3.76,1.72,0.0
20200524:1311,99.38,128.86,46.76,4.12,1.93,0.0
20200524:1411,377.42,439.38,41.32,4.82,2.62,0.0
20200524:1511,553.28,643.6,34.61,5.75,3.38,0.0
20200524:1611,481.92,555.97,27.25,5.88,3.79,0.0
20200524:1711,277.67,322.6,19.72,5.72,3.86,0.0
20200524:1811,78.66,104.34,12.41,5.12,3.31,0.0
20200524:1911,0.77,7.51,5.66,4.05,2.69,0.0
20200524:2011,0.0,0.0,0.0,3.2,2.62,0.0
20200524:2111,0.0,0.0,0.0,2.8,2.55,0.0
20200524:2211,0.0,0.0,0.0,2.63,2.62,0.0
20200524:2311,0.0,0.0,0.0,2.62,2.62,0.0
20200525:0011,0.0,0.0,0.0,2.41,2.41,0.0
20200525:0111,0.0,0.0,0.0,2.07,2.14,0.0
20200525:0211,0.0,0.0,0.0,1.88,2.07,0.0
20200525:0311,0.0,1.01,2.73,1.55,1.86,0.0
20200525:0411,517.36,591.28,9.07,1.51,1.86,0.0
20200525:0511,702.4,821.27,16.13,2.25,2.21,0.0
20200525:0611,793.02,946.42,23.6,2.59,2.0,0.0
20200525:0711,808.19,974.05,31.09,3.46,1.93,0.0
20200525:0811,857.51,1057.88,38.21,4.55,1.59,0.0
20200525:0911,813.89,1016.87,44.38,6.36,1.17,0.0
20200525:1011,792.31,1018.0,48.92,8.93,0.55,0.0
20200525:1111,795.41,1035.15,51.06,10.2,0.41,0.0
20200525:1211,820.21,1047.02,50.35,9.47,1.1,0.0
20200525:1311,794.27,993.76,46.94,9.12,1.66,0.0
20200525:1411,871.77,1098.97,41.49,9.19,1.93,0.0
20200525:1511,848.12,1057.6,34.78,8.98,2.14,0.0
20200525:1611,801.72,990.34,27.41,8.75,2.07,0.0
20200525:1711,726.02,887.1,19.89,8.53,1.79,0.0
20200525:1811,147.7,184.44,12.58,10.09,1.24,0.0
20200525:1911,408.45,486.71,5.83,9.8,0.83,0.0
20200525:2011,0.0,0.0,0.0,8.61,1.1,0.0
20200525:2111,0.0,0.0,0.0,7.25,1.17,0.0
20200525:2211,0.0,0.0,0.0,6.24,1.1,0.0
20200525:2311,0.0,0.0,0.0,5.59,0.97,0.0
20200526:0011,0.0,0.0,0.0,5.23,0.83,0.0
20200526:0111,0.0,0.0,0.0,4.82,1.03,0.0
20200526:0211,0.0,0.0,0.0,4.03,1.17,0.0
20200526:0311,0.0,0.68,2.88,2.98,1.31,0.0
20200526:0411,0.12,5.89,9.21,2.94,1.24,0.0
20200526:0511,10.12,23.06,16.27,4.75,0.83,0.0
20200526:0611,518.46,615.23,23.73,6.06,0.97,0.0
20200526:0711,508.15,602.37,31.23,5.92,1.1,0.0
20200526:0811,663.4,797.59,38.35,5.6,1.52,0.0
20200526:0911,355.67,419.3,44.54,6.5,2.28,0.0
20200526:1011,124.76,159.29,49.08,7.59,2.76,0.0
20200526:1111,356.67,422.19,51.24,7.79,3.24,0.0
20200526:1211,146.22,183.6,50.52,8.0,3.45,0.0
20200526:1311,181.84,223.4,47.11,7.76,3.38,0.0
20200526:1411,87.75,116.91,41.66,6.93,2.97,0.0
20200526:1511,243.76,290.07,34.94,6.83,3.17,0.0
20200526:1611,324.38,378.74,27.58,6.75,3.1,0.0
20200526:1711,144.55,178.38,20.05,6.46,3.03,0.0
20200526:1811,26.92,45.3,12.74,5.89,2.83,0.0
20200526:1911,0.0,4.51,6.0,4.64,2.48,0.0
20200526:2011,0.0,0.0,0.0,3.67,2.28,0.0
20200526:2111,0.0,0.0,0.0,3.08,2.34,0.0
20200526:2211,0.0,0.0,0.0,2.3,2.34,0.0
20200526:2311,0.0,0.0,0.0,1.34,2.0,0.0
20200527:0011,0.0,0.0,0.0,0.47,2.0,0.0
20200527:0111,0.0,0.0,0.0,0.26,2.21,0.0
20200527:0211,0.0,0.0,0.0,0.39,2.41,0.0
20200527:0311,0.0,1.01,3.02,0.13,2.21,0.0
20200527:0411,134.21,161.79,9.35,0.6,2.62,0.0
20200527:0511,713.28,825.0,16.4,1.57,2.9,0.0
20200527:0611,726.57,839.61,23.86,2.21,3.59,0.0
20200527:0711,348.91,398.78,31.36,3.07,4.21,0.0
20200527:0811,390.09,447.02,38.49,3.58,4.28,0.0
20200527:0911,554.14,638.78,44.68,4.27,4.28,0.0
20200527:1011,651.08,757.7,49.24,4.94,4.41,0.0
20200527:1111,741.35,871.21,51.4,5.45,4.48,0.0
20200527:1211,264.19,312.56,50.7,5.74,4.48,0.0
20200527:1311,566.53,658.03,47.28,5.81,4.48,0.0
20200527:1411,441.87,510.83,41.83,5.76,4.48,0.0
20200527:1511,388.89,448.79,35.1,5.63,4.41,0.0
20200527:1611,317.53,367.02,27.73,5.33,4.34,0.0
20200527:1711,674.57,781.78,20.2,4.84,4.0,0.0
20200527:1811,112.63,141.02,12.9,4.04,3.31,0.0
20200527:1911,0.0,3.01,6.16,3.35,2.76,0.0
20200527:2011,0.0,0.0,0.0,2.28,2.41,0.0
20200527:2111,0.0,0.0,0.0,0.8,2.14,0.0
20200527:2211,0.0,0.0,0.0,-0.35,1.86,0.0
20200527:2311,0.0,0.0,0.0,-1.04,1.72,0.0
20200528:0011,0.0,0.0,0.0,-1.74,1.72,0.0
20200528:0111,0.0,0.0,0.0,-2.07,1.72,0.0
20200528:0211,0.0,0.0,0.0,-2.38,1.72,0.0
20200528:0311,0.0,1.01,3.16,-1.73,1.86,0.0
20200528:0411,360.26,404.65,9.48,-1.11,1.86,0.0
20200528:0511,695.75,805.72,16.53,-0.42,1.86,0.0
20200528:0611,811.11,962.58,23.98,0.48,1.86,0.0
20200528:0711,863.48,1044.22,31.49,1.47,1.72,0.0
20200528:0811,894.77,1096.01,38.62,3.07,1.86,0.0
20200528:0911,911.2,1124.96,44.82,4.37,2.0,0.0
20200528:1011,918.25,1140.75,49.39,5.44,2.07,0.0
20200528:1111,905.22,1124.08,51.57,6.26,2.21,0.0
20200528:1211,896.39,1114.85,50.86,6.83,2.21,0.0
20200528:1311,836.94,1032.35,47.44,7.36,2.28,0.0
20200528:1411,799.27,978.56,41.98,7.47,2.34,0.0
20200528:1511,760.9,923.14,35.25,7.33,2.41,0.0
20200528:1611,739.84,889.21,27.89,6.87,2.55,0.0
20200528:1711,625.56,736.87,20.36,6.22,2.55,0.0
20200528:1811,534.6,621.68,13.05,5.34,2.28,0.0
20200528:1911,184.75,221.27,6.32,6.17,1.38,0.0
20200528:2011,0.0,0.0,0.0,4.5,1.45,0.0
20200528:2111,0.0,0.0,0.0,3.05,1.59,0.0
20200528:2211,0.0,0.0,0.0,1.32,1.66,0.0
20200528:2311,0.0,0.0,0.0,-0.04,1.66,0.0
20200529:0011,0.0,0.0,0.0,-1.18,1.66,0.0
20200529:0111,0.0,0.0,0.0,-1.94,1.72,0.0
20200529:0211,0.0,0.0,0.0,-2.49,1.72,0.0
20200529:0311,0.0,1.69,3.29,-2.73,1.72,0.0
20200529:0411,271.35,307.56,9.6,-1.37,1.45,0.0
20200529:0511,491.91,568.05,16.65,1.72,1.03,0.0
20200529:0611,710.2,868.35,24.1,5.24,0.76,0.0
20200529:0711,750.11,953.16,31.61,7.17,0.14,0.0
20200529:0811,830.89,1075.52,38.74,8.58,0.48,0.0
20200529:0911,854.12,1106.76,44.95,9.55,0.83,0.0
20200529:1011,843.21,1092.19,49.54,10.21,0.9,0.0
20200529:1111,841.64,1092.62,51.72,10.96,0.97,0.0
20200529:1211,826.73,1076.9,51.02,11.78,0.9,0.0
20200529:1311,835.57,1091.57,47.6,12.32,0.97,0.0
20200529:1411,761.33,978.05,42.14,12.65,1.03,0.0
20200529:1511,692.58,878.62,35.4,13.38,1.1,0.0
20200529:1611,660.04,821.83,28.03,12.14,1.31,0.0
20200529:1711,547.43,657.96,20.51,10.25,1.79,0.0
20200529:1811,433.69,514.19,13.21,9.86,1.79,0.0
20200529:1911,339.81,404.33,6.47,11.03,1.52,0.0
20200529:2011,0.0,0.0,0.0,8.63,1.72,0.0
20200529:2111,0.0,0.0,0.0,6.83,1.72,0.0
20200529:2211,0.0,0.0,0.0,5.45,1.66,0.0
20200529:2311,0.0,0.0,0.0,4.43,1.66,0.0
20200530:0011,0.0,0.0,0.0,3.85,1.72,0.0
20200530:0111,0.0,0.0,0.0,3.27,1.72,0.0
20200530:0211,0.0,0.0,0.0,2.39,1.79,0.0
20200530:0311,0.0,5.07,3.42,1.75,1.79,0.0
20200530:0411,408.15,467.46,9.72,2.57,1.52,0.0
20200530:0511,664.19,803.56,16.76,6.25,1.03,0.0
20200530:0611,738.44,928.38,24.21,9.49,0.83,0.0
20200530:0711,787.65,1010.29,31.72,11.16,0.9,0.0
20200530:0811,828.87,1063.48,38.86,11.04,1.24,0.0
20200530:0911,840.4,1094.86,45.08,12.43,1.1,0.0
20200530:1011,856.25,1110.57,49.68,12.0,1.31,0.0
20200530:1111,809.35,1034.09,51.87,11.84,1.52,0.0
20200530:1211,807.67,1030.59,51.18,12.24,1.66,0.0
20200530:1311,672.45,841.38,47.75,12.82,1.66,0.0
20200530:1411,834.79,1070.53,42.29,13.24,1.86,0.0
20200530:1511,822.91,1039.35,35.55,12.83,2.34,0.0
20200530:1611,781.6,974.58,28.18,12.44,2.48,0.0
20200530:1711,704.63,872.21,20.65,12.46,2.07,0.0
20200530:1811,580.39,708.55,13.35,12.91,1.79,0.0
20200530:1911,169.27,211.41,6.62,14.14,1.38,0.0
20200530:2011,0.0,0.0,0.0,13.22,1.17,0.0
20200530:2111,0.0,0.0,0.0,12.25,0.97,0.0
20200530:2211,0.0,0.0,0.0,11.31,1.24,0.0
20200530:2311,0.0,0.0,0.0,10.01,1.45,0.0
20200531:0011,0.0,0.0,0.0,9.3,1.38,0.0
20200531:0111,0.0,0.0,0.0,9.02,1.31,0.0
20200531:0211,0.0,0.0,0.0,8.06,1.38,0.0
20200531:0311,0.0,1.69,3.54,6.34,1.52,0.0
20200531:0411,446.38,519.22,9.83,5.48,1.52,0.0
20200531:0511,599.48,723.44,16.87,7.78,1.03,0.0
20200531:0611,665.07,826.29,24.32,10.55,0.97,0.0
20200531:0711,777.36,963.76,31.82,8.91,1.72,0.0
20200531:0811,866.42,1070.69,38.97,8.99,2.83,0.0
20200531:0911,869.77,1083.51,45.2,9.79,2.69,0.0
20200531:1011,862.01,1081.17,49.81,10.26,2.41,0.0
20200531:1111,883.34,1118.44,52.02,11.27,2.41,0.0
20200531:1211,880.55,1121.47,51.32,11.91,2.28,0.0
20200531:1311,848.92,1080.84,47.9,12.4,2.14,0.0
20200531:1411,823.7,1050.24,42.43,12.84,1.93,0.0
20200531:1511,776.91,986.86,35.69,13.41,1.79,0.0
20200531:1611,715.54,902.32,28.32,14.12,1.72,0.0
20200531:1711,631.89,782.99,20.79,13.77,1.72,0.0
20200531:1811,594.75,732.91,13.49,14.11,1.72,0.0
20200531:1911,71.99,100.33,6.76,14.6,1.45,0.0
20200531:2011,0.0,0.0,0.0,13.66,1.17,0.0
20200531:2111,0.0,0.0,0.0,12.63,0.83,0.0
20200531:2211,0.0,0.0,0.0,11.67,0.69,0.0
20200531:2311,0.0,0.0,0.0,10.75,0.9,0.0
20200601:0011,0.0,0.0,0.0,9.82,1.17,0.0
20200601:0111,0.0,0.0,0.0,9.05,1.31,0.0
20200601:0211,0.0,0.0,0.0,7.86,1.45,0.0
20200601:0311,0.0,1.01,3.65,6.89,1.52,0.0
20200601:0411,0.31,6.43,9.94,6.44,1.52,0.0
20200601:0511,4.12,13.97,16.97,8.11,1.03,0.0
20200601:0611,191.69,236.79,24.41,10.7,0.76,0.0
20200601:0711,317.89,388.24,31.92,12.37,0.55,0.0
20200601:0811,530.39,658.36,39.07,13.4,0.9,0.0
20200601:0911,600.47,754.77,45.32,14.14,1.1,0.0
20200601:1011,663.75,846.98,49.94,15.02,1.17,0.0
20200601:1111,753.25,974.61,52.15,14.83,1.24,0.0
20200601:1211,715.4,913.74,51.47,14.53,1.45,0.0
20200601:1311,788.8,1011.77,48.04,13.92,1.66,0.0
20200601:1411,759.26,966.13,42.57,13.86,1.72,0.0
20200601:1511,725.45,913.52,35.83,13.53,1.79,0.0
20200601:1611,609.25,749.28,28.45,13.01,1.86,0.0
20200601:1711,252.16,305.36,20.92,12.12,2.0,0.0
20200601:1811,33.42,54.65,13.63,12.68,1.86,0.0
20200601:1911,1.37,9.06,6.9,13.93,1.45,0.0
20200601:2011,0.0,0.0,0.0,11.98,1.45,0.0
20200601:2111,0.0,0.0,0.0,9.51,1.59,0.0
20200601:2211,0.0,0.0,0.0,7.51,1.66,0.0
20200601:2311,0.0,0.0,0.0,5.94,1.66,0.0
20200602:0011,0.0,0.0,0.0,4.9,1.59,0.0
20200602:0111,0.0,0.0,0.0,4.02,1.66,0.0
20200602:0211,0.0,0.0,0.0,3.34,1.66,0.0
20200602:0311,0.0,5.07,3.75,3.02,1.59,0.0
20200602:0411,252.87,295.16,10.04,4.45,1.38,0.0
20200602:0511,245.93,291.99,17.06,7.04,1.24,0.0
20200602:0611,390.15,466.07,24.51,9.96,1.24,0.0
20200602:0711,517.38,631.24,32.02,11.26,1.03,0.0
20200602:0811,450.22,554.13,39.17,12.67,0.62,0.0
20200602:0911,509.47,637.07,45.42,13.79,0.55,0.0
20200602:1011,533.53,670.37,50.06,14.64,0.83,0.0
20200602:1111,514.27,641.92,52.28,14.63,1.17,0.0
20200602:1211,380.84,468.9,51.6,13.85,1.38,0.0
20200602:1311,384.91,471.73,48.18,13.5,1.52,0.0
20200602:1411,399.13,485.13,42.7,12.7,1.72,0.0
20200602:1511,330.4,398.94,35.96,12.02,2.0,0.0
20200602:1611,447.81,535.62,28.58,11.26,2.21,0.0
20200602:1711,448.34,531.45,21.05,10.42,2.48,0.0
20200602:1811,50.44,74.26,13.76,9.7,2.28,0.0
20200602:1911,0.0,4.03,7.04,9.21,2.07,0.0
20200602:2011,0.0,0.0,0.0,9.45,1.86,0.0
20200602:2111,0.0,0.0,0.0,7.75,1.86,0.0
20200602:2211,0.0,0.0,0.0,6.36,1.93,0.0
20200602:2311,0.0,0.0,0.0,5.47,1.93,0.0
20200603:0011,0.0,0.0,0.0,4.88,1.86,0.0
20200603:0111,0.0,0.0,0.0,4.61,1.72,0.0
20200603:0211,0.0,0.0,0.0,4.27,1.66,0.0
20200603:0311,0.0,1.01,3.85,4.34,1.59,0.0
20200603:0411,0.32,6.43,10.13,5.75,1.31,0.0
20200603:0511,22.43,40.08,17.15,8.02,1.1,0.0
20200603:0611,185.36,228.8,24.59,10.27,1.1,0.0
20200603:0711,410.38,493.25,32.1,10.48,1.24,0.0
20200603:0811,326.9,387.76,39.26,8.18,2.34,0.0
20200603:0911,325.83,389.09,45.52,9.43,2.83,0.0
20200603:1011,374.59,447.05,50.17,9.85,3.03,0.0
20200603:1111,507.09,606.6,52.41,10.22,3.1,0.0
20200603:1211,480.43,575.31,51.73,10.89,3.24,0.0
20200603:1311,253.28,308.16,48.31,11.03,3.31,0.0
20200603:1411,187.96,232.83,42.83,10.56,3.17,0.0
20200603:1511,72.53,100.94,36.09,10.41,3.03,0.0
20200603:1611,142.45,179.54,28.71,9.46,2.83,0.0
20200603:1711,25.39,43.89,21.18,8.67,2.83,0.0
20200603:1811,1.8,9.77,13.89,9.4,1.59,0.0
20200603:1911,61.23,85.86,7.17,9.22,1.59,0.0
20200603:2011,0.0,0.0,0.0,7.94,1.72,0.0
20200603:2111,0.0,0.0,0.0,6.04,1.93,0.0
20200603:2211,0.0,0.0,0.0,5.55,1.93,0.0
20200603:2311,0.0,0.0,0.0,4.91,1.79,0.0
20200604:0011,0.0,0.0,0.0,4.65,1.66,0.0
20200604:0111,0.0,0.0,0.0,4.19,1.59,0.0
20200604:0211,0.0,0.0,0.0,3.46,1.66,0.0
20200604:0311,0.0,1.01,3.95,3.14,1.66,0.0
20200604:0411,0.33,6.43,10.21,3.77,1.52,0.0
20200604:0511,4.24,13.97,17.23,3.69,1.59,0.0
20200604:0611,15.61,30.43,24.67,3.34,1.72,0.0
20200604:0711,31.19,50.29,32.18,4.14,1.24,0.0
20200604:0811,43.6,65.1,39.35,3.96,1.45,0.0
20200604:0911,119.03,150.61,45.62,3.88,2.07,0.0
20200604:1011,104.63,135.01,50.27,4.8,2.48,0.0
20200604:1111,78.85,106.28,52.52,5.84,3.86,0.0
20200604:1211,72.94,99.7,51.86,6.39,4.55,0.0
20200604:1311,134.59,169.17,48.44,6.61,4.48,0.0
20200604:1411,209.48,252.37,42.96,6.95,4.55,0.0
20200604:1511,127.96,162.07,36.21,7.34,4.48,0.0
20200604:1611,100.14,130.73,28.83,7.32,4.62,0.0
20200604:1711,50.69,74.25,21.3,7.23,4.21,0.0
20200604:1811,82.81,109.94,14.01,7.1,4.0,0.0
20200604:1911,12.71,26.73,7.29,7.12,4.34,0.0
20200604:2011,0.0,0.32,1.46,6.34,4.48,0.0
20200604:2111,0.0,0.0,0.0,5.13,4.14,0.0
20200604:2211,0.0,0.0,0.0,4.81,4.21,0.0
20200604:2311,0.0,0.0,0.0,4.93,4.48,0.0
20200605:0011,0.0,0.0,0.0,4.98,4.69,0.0
20200605:0111,0.0,0.0,0.0,4.9,4.76,0.0
20200605:0211,0.0,0.0,0.0,4.68,4.76,0.0
20200605:0311,0.0,1.35,4.03,4.55,4.62,0.0
20200605:0411,2.35,10.72,10.29,4.51,4.97,0.0
20200605:0511,39.54,60.37,17.31,4.47,4.21,0.0
20200605:0611,87.44,115.07,24.75,4.55,3.93,0.0
20200605:0711,32.35,51.76,32.26,5.09,6.62,0.0
20200605:0811,93.31,122.25,39.43,5.7,5.66,0.0
20200605:0911,92.25,121.31,45.71,5.8,4.14,0.0
20200605:1011,106.7,137.6,50.37,6.03,4.83,0.0
20200605:1111,104.89,135.27,52.63,5.61,5.59,0.0
20200605:1211,70.37,96.21,51.97,5.15,5.86,0.0
20200605:1311,79.08,105.96,48.56,4.82,4.97,0.0
20200605:1411,84.09,111.42,43.07,4.45,4.69,0.0
20200605:1511,55.27,78.64,36.32,4.15,3.59,0.0
20200605:1611,16.25,31.34,28.94,4.18,3.59,0.0
20200605:1711,7.26,18.74,21.42,3.75,2.69,0.0
20200605:1811,5.92,16.69,14.13,3.24,1.86,0.0
20200605:1911,128.99,157.58,7.41,2.54,1.45,0.0
20200605:2011,0.0,0.32,1.58,2.48,1.1,0.0
20200605:2111,0.0,0.0,0.0,2.67,0.9,0.0
20200605:2211,0.0,0.0,0.0,2.65,0.83,0.0
20200605:2311,0.0,0.0,0.0,2.59,0.76,0.0
20200606:0011,0.0,0.0,0.0,2.15,0.76,0.0
20200606:0111,0.0,0.0,0.0,1.05,1.03,0.0
20200606:0211,0.0,0.0,0.0,0.53,1.24,0.0
20200606:0311,1.08,8.11,4.11,0.69,1.45,0.0
20200606:0411,507.69,580.08,10.37,1.19,1.66,0.0
20200606:0511,337.36,385.75,17.38,2.47,2.21,0.0
20200606:0611,194.78,231.37,24.81,3.38,2.34,0.0
20200606:0711,117.05,148.01,32.33,3.92,2.83,0.0
20200606:0811,115.54,146.85,39.5,4.59,3.1,0.0
20200606:0911,122.52,154.77,45.79,4.77,3.1,0.0
20200606:1011,190.69,230.81,50.47,4.85,2.97,0.0
20200606:1111,123.75,156.34,52.74,4.86,2.9,0.0
20200606:1211,134.95,168.81,52.09,4.79,2.76,0.0
20200606:1311,136.12,170.07,48.67,4.8,2.76,0.0
20200606:1411,115.24,146.68,43.19,4.65,2.62,0.0
20200606:1511,69.2,94.86,36.44,4.57,2.34,0.0
20200606:1611,32.59,52.02,29.06,4.36,1.86,0.0
20200606:1711,9.88,22.63,21.53,4.24,1.86,0.0
20200606:1811,8.94,21.31,14.24,4.01,2.0,0.0
20200606:1911,0.0,4.04,7.52,3.49,2.34,0.0
20200606:2011,0.0,0.32,1.69,3.1,1.86,0.0
20200606:2111,0.0,0.0,0.0,2.88,2.0,0.0
20200606:2211,0.0,0.0,0.0,2.56,1.66,0.0
20200606:2311,0.0,0.0,0.0,2.38,1.45,0.0
20200607:0011,0.0,0.0,0.0,2.56,1.31,0.0
20200607:0111,0.0,0.0,0.0,2.21,1.59,0.0
20200607:0211,0.0,0.0,0.0,2.32,1.86,0.0
20200607:0311,0.0,1.35,4.19,2.24,1.66,0.0
20200607:0411,2.98,11.79,10.44,2.29,1.66,0.0
20200607:0511,22.12,38.85,17.44,2.52,1.93,0.0
20200607:0611,17.72,33.13,24.88,2.54,1.72,0.0
20200607:0711,88.3,115.33,32.39,1.93,2.07,0.0
20200607:0811,69.57,94.45,39.57,2.27,2.0,0.0
20200607:0911,116.59,147.23,45.86,2.76,2.0,0.0
20200607:1011,75.13,101.24,50.55,3.53,2.34,0.0
20200607:1111,93.47,122.09,52.83,3.92,2.34,0.0
20200607:1211,155.92,191.56,52.19,3.81,2.34,0.0
20200607:1311,104.32,134.19,48.78,3.94,2.34,0.0
20200607:1411,81.11,108.19,43.3,4.12,2.41,0.0
20200607:1511,97.35,126.53,36.54,4.27,2.34,0.0
20200607:1611,79.86,106.94,29.16,4.37,2.34,0.0
20200607:1711,17.94,33.64,21.64,4.18,2.07,0.0
20200607:1811,22.17,39.2,14.35,4.1,1.93,0.0
20200607:1911,117.56,146.32,7.63,4.45,1.79,0.0
20200607:2011,0.0,0.32,1.8,4.48,1.45,0.0
20200607:2111,0.0,0.0,0.0,4.03,1.24,0.0
20200607:2211,0.0,0.0,0.0,4.03,1.1,0.0
20200607:2311,0.0,0.0,0.0,3.59,1.1,0.0
20200608:0011,0.0,0.0,0.0,3.05,1.17,0.0
20200608:0111,0.0,0.0,0.0,2.83,1.17,0.0
20200608:0211,0.0,0.0,0.0,2.13,1.38,0.0
20200608:0311,0.0,3.73,4.25,1.26,1.52,0.0
20200608:0411,455.34,520.72,10.5,1.53,1.38,0.0
20200608:0511,471.59,541.98,17.5,2.48,1.66,0.0
20200608:0611,456.62,526.43,24.93,3.05,1.79,0.0
20200608:0711,502.84,587.03,32.45,4.66,1.86,0.0
20200608:0811,367.05,428.07,39.63,5.67,2.83,0.0
20200608:0911,609.62,719.17,45.93,5.87,2.76,0.0
20200608:1011,286.74,339.67,50.63,5.77,2.69,0.0
20200608:1111,438.12,515.85,52.92,6.42,2.62,0.0
20200608:1211,631.69,752.08,52.29,6.27,2.48,0.0
20200608:1311,429.37,504.7,48.88,5.95,2.28,0.0
20200608:1411,484.17,569.73,43.4,6.29,2.21,0.0
20200608:1511,506.71,594.36,36.64,5.54,2.0,0.0
20200608:1611,506.57,593.03,29.26,5.57,1.93,0.0
20200608:1711,208.76,248.71,21.74,5.34,1.72,0.0
20200608:1811,117.46,147.63,14.45,5.21,1.59,0.0
20200608:1911,5.79,16.69,7.73,5.75,1.31,0.0
20200608:2011,0.0,0.32,1.9,6.57,0.83,0.0
20200608:2111,0.0,0.0,0.0,6.37,0.48,0.0
20200608:2211,0.0,0.0,0.0,6.03,0.48,0.0
20200608:2311,0.0,0.0,0.0,5.58,0.76,0.0
20200609:0011,0.0,0.0,0.0,5.27,0.83,0.0
20200609:0111,0.0,0.0,0.0,4.89,0.76,0.0
20200609:0211,0.0,0.0,0.0,4.4,0.76,0.0
20200609:0311,0.0,1.86,4.31,4.21,0.76,0.0
20200609:0411,1.8,9.64,10.55,4.16,0.76,0.0
20200609:0511,30.08,49.16,17.55,4.53,0.9,0.0
20200609:0611,81.85,109.95,24.98,5.81,0.69,0.0
20200609:0711,222.07,265.26,32.5,5.28,1.59,0.0
20200609:0811,279.63,331.02,39.68,6.16,2.28,0.0
20200609:0911,586.37,694.26,45.99,6.88,2.69,0.0
20200609:1011,822.32,1001.38,50.7,7.51,2.9,0.0
20200609:1111,894.24,1103.5,53.01,7.9,2.83,0.0
20200609:1211,718.3,870.6,52.38,8.07,2.55,0.0
20200609:1311,819.69,1009.45,48.97,8.53,2.48,0.0
20200609:1411,680.34,819.25,43.49,8.34,2.62,0.0
20200609:1511,756.36,917.23,36.74,8.53,2.76,0.0
20200609:1611,720.94,867.92,29.36,8.21,2.69,0.0
20200609:1711,717.55,860.23,21.83,7.83,2.69,0.0
20200609:1811,482.44,562.32,14.54,7.22,2.62,0.0
20200609:1911,299.59,347.9,7.83,5.94,2.21,0.0
20200609:2011,0.0,0.32,2.0,5.78,1.66,0.0
20200609:2111,0.0,0.0,0.0,5.95,1.52,0.0
20200609:2211,0.0,0.0,0.0,5.62,1.45,0.0
20200609:2311,0.0,0.0,0.0,5.04,1.45,0.0
20200610:0011,0.0,0.0,0.0,4.25,1.52,0.0
20200610:0111,0.0,0.0,0.0,4.05,1.45,0.0
20200610:0211,0.0,0.0,0.0,3.7,1.45,0.0
20200610:0311,0.0,1.86,4.37,2.95,1.52,0.0
20200610:0411,0.55,6.96,10.6,3.57,1.24,0.0
20200610:0511,11.1,24.27,17.59,2.73,1.66,0.0
20200610:0611,77.02,103.65,25.02,4.48,2.41,0.0
20200610:0711,340.15,394.37,32.54,4.76,2.83,0.0
20200610:0811,527.52,613.06,39.73,5.55,3.38,0.0
20200610:0911,644.74,757.63,46.05,6.78,4.0,0.0
20200610:1011,608.64,718.8,50.77,8.01,4.0,0.0
20200610:1111,744.72,894.79,53.09,8.93,3.93,0.0
20200610:1211,671.19,803.66,52.47,9.73,4.0,0.0
20200610:1311,551.82,655.75,49.06,9.98,3.93,0.0
20200610:1411,362.91,430.09,43.59,9.72,3.79,0.0
20200610:1511,168.3,208.93,36.83,9.43,3.59,0.0
20200610:1611,64.27,90.66,29.45,8.58,3.03,0.0
20200610:1711,63.2,89.3,21.92,8.48,2.97,0.0
20200610:1811,46.6,69.3,14.63,7.85,2.76,0.0
20200610:1911,3.05,12.15,7.92,7.84,1.79,0.0
20200610:2011,0.0,0.32,2.09,9.53,1.24,0.0
20200610:2111,0.0,0.0,0.0,8.4,1.38,0.0
20200610:2211,0.0,0.0,0.0,7.31,1.45,0.0
20200610:2311,0.0,0.0,0.0,6.54,1.59,0.0
20200611:0011,0.0,0.0,0.0,5.93,1.59,0.0
20200611:0111,0.0,0.0,0.0,5.15,1.66,0.0
20200611:0211,0.0,0.0,0.0,4.25,1.79,0.0
20200611:0311,0.0,1.86,4.42,3.64,1.79,0.0
20200611:0411,19.34,35.46,10.64,4.5,1.59,0.0
20200611:0511,38.32,59.61,17.63,7.02,1.38,0.0
20200611:0611,555.87,671.13,25.06,9.74,1.38,0.0
20200611:0711,600.46,732.19,32.58,10.69,1.59,0.0
20200611:0811,664.53,803.99,39.77,9.72,2.55,0.0
20200611:0911,539.79,647.31,46.09,10.61,2.9,0.0
20200611:1011,592.06,717.14,50.83,11.19,2.76,0.0
20200611:1111,695.9,854.0,53.16,10.84,2.48,0.0
20200611:1211,709.7,873.03,52.55,11.36,2.62,0.0
20200611:1311,445.87,536.88,49.15,12.19,3.03,0.0
20200611:1411,577.5,698.05,43.67,12.33,3.17,0.0
20200611:1511,185.54,231.24,36.92,12.35,3.17,0.0
20200611:1611,128.44,165.73,29.54,12.14,3.1,0.0
20200611:1711,69.95,98.33,22.01,11.75,2.28,0.0
20200611:1811,217.65,263.79,14.72,11.31,2.21,0.0
20200611:1911,0.0,4.56,8.0,15.14,1.45,0.0
20200611:2011,0.0,0.32,2.17,14.65,0.69,0.0
20200611:2111,0.0,0.0,0.0,13.81,1.17,0.0
20200611:2211,0.0,0.0,0.0,11.31,1.66,0.0
20200611:2311,0.0,0.0,0.0,9.33,1.79,0.0
20200612:0011,0.0,0.0,0.0,8.07,1.79,0.0
20200612:0111,0.0,0.0,0.0,7.08,1.86,0.0
20200612:0211,0.0,0.0,0.0,6.48,1.79,0.0
20200612:0311,44.45,65.21,4.46,6.0,1.79,0.0
20200612:0411,305.68,357.47,10.68,6.7,1.66,0.0
20200612:0511,244.0,293.01,17.66,9.67,1.45,0.0
20200612:0611,204.53,249.99,25.09,10.45,1.79,0.0
20200612:0711,292.7,347.85,32.61,9.8,3.72,0.0
20200612:0811,487.16,576.6,39.8,11.38,4.69,0.0
20200612:0911,422.65,503.19,46.14,12.39,5.17,0.0
20200612:1011,748.34,906.68,50.88,13.09,5.31,0.0
20200612:1111,769.25,936.91,53.22,13.58,5.24,0.0
20200612:1211,682.08,826.81,52.62,13.92,5.17,0.0
20200612:1311,678.84,823.35,49.23,14.18,5.1,0.0
20200612:1411,713.44,867.52,43.75,14.31,5.03,0.0
20200612:1511,670.3,810.7,37.0,14.13,4.9,0.0
20200612:1611,743.21,902.38,29.62,13.72,4.76,0.0
20200612:1711,205.12,251.12,22.09,13.13,4.55,0.0
20200612:1811,16.69,32.95,14.8,11.62,3.38,0.0
20200612:1911,4.45,14.7,8.08,9.97,2.9,0.0
20200612:2011,0.0,0.63,2.25,8.77,2.62,0.0
20200612:2111,0.0,0.0,0.0,8.08,2.55,0.0
20200612:2211,0.0,0.0,0.0,7.41,2.62,0.0
20200612:2311,0.0,0.0,0.0,6.77,2.76,0.0
20200613:0011,0.0,0.0,0.0,6.7,2.83,0.0
20200613:0111,0.0,0.0,0.0,6.66,2.9,0.0
20200613:0211,0.0,0.0,0.0,6.52,3.03,0.0
20200613:0311,0.0,1.86,4.49,6.17,2.9,0.0
20200613:0411,0.99,8.03,10.71,6.12,2.69,0.0
20200613:0511,19.77,36.38,17.69,6.59,2.34,0.0
20200613:0611,149.53,184.81,25.11,6.84,2.9,0.0
20200613:0711,431.52,505.47,32.63,8.11,3.1,0.0
20200613:0811,485.08,573.09,39.83,10.17,3.93,0.0
20200613:0911,729.97,881.16,46.17,11.64,4.48,0.0
20200613:1011,162.8,205.86,50.92,12.6,4.62,0.0
20200613:1111,722.5,879.37,53.27,13.29,4.62,0.0
20200613:1211,707.47,862.16,52.68,13.82,4.62,0.0
20200613:1311,415.22,500.09,49.3,13.99,4.55,0.0
20200613:1411,89.49,122.28,43.82,14.17,4.62,0.0
20200613:1511,32.74,54.1,37.07,14.09,4.55,0.0
20200613:1611,45.69,70.04,29.69,13.46,4.21,0.0
20200613:1711,22.6,40.87,22.16,12.4,3.66,0.0
20200613:1811,8.64,21.4,14.88,11.3,3.17,0.0
20200613:1911,0.0,5.58,8.16,10.61,2.0,0.0
20200613:2011,0.0,0.63,2.33,12.8,1.31,0.0
20200613:2111,0.0,0.0,0.0,12.52,1.31,0.0
20200613:2211,0.0,0.0,0.0,12.0,1.38,0.0
20200613:2311,0.0,0.0,0.0,10.92,1.59,0.0
20200614:0011,0.0,0.0,0.0,10.18,1.72,0.0
20200614:0111,0.0,0.0,0.0,9.78,1.79,0.0
20200614:0211,0.0,0.0,0.0,9.62,1.72,0.0
20200614:0311,0.0,1.86,4.52,10.33,1.45,0.0
20200614:0411,0.28,6.42,10.73,10.9,1.31,0.0
20200614:0511,4.02,13.94,17.71,10.99,1.24,0.0
20200614:0611,66.99,93.93,25.13,8.62,1.93,0.0
20200614:0711,282.29,335.41,32.65,8.08,2.28,0.0
20200614:0811,552.3,658.83,39.86,9.36,2.62,0.0
20200614:0911,706.78,859.54,46.2,9.96,2.76,0.0
20200614:1011,731.89,898.83,50.96,11.03,2.76,0.0
20200614:1111,786.66,975.41,53.32,11.86,2.9,0.0
20200614:1211,707.06,871.01,52.74,12.44,2.9,0.0
20200614:1311,730.64,904.93,49.36,12.75,2.76,0.0
20200614:1411,764.64,952.76,43.89,12.49,2.48,0.0
20200614:1511,658.6,811.15,37.14,12.61,2.21,0.0
20200614:1611,708.75,884.26,29.76,13.25,1.93,0.0
20200614:1711,529.17,651.42,22.23,14.9,1.59,0.0
20200614:1811,523.42,648.37,14.95,16.12,1.38,0.0
20200614:1911,382.32,462.61,8.23,14.64,1.66,0.0
20200614:2011,0.0,1.27,2.39,14.44,1.38,0.0
20200614:2111,0.0,0.0,0.0,13.55,0.97,0.0
20200614:2211,0.0,0.0,0.0,12.73,0.21,0.0
20200614:2311,0.0,0.0,0.0,11.94,0.69,0.0
20200615:0011,0.0,0.0,0.0,10.87,1.17,0.0
20200615:0111,0.0,0.0,0.0,9.69,1.38,0.0
20200615:0211,0.0,0.0,0.0,7.92,1.52,0.0
20200615:0311,254.41,297.84,4.54,6.38,1.66,0.0
20200615:0411,532.79,630.54,10.75,7.07,1.38,0.0
20200615:0511,491.04,591.72,17.73,9.96,0.9,0.0
20200615:0611,647.34,818.41,25.15,12.79,0.55,0.0
20200615:0711,704.53,909.99,32.67,13.45,0.41,0.0
20200615:0811,716.34,940.19,39.87,14.38,0.21,0.0
20200615:0911,744.74,990.57,46.22,15.24,0.21,0.0
20200615:1011,726.08,958.45,50.99,16.0,0.48,0.0
20200615:1111,752.52,993.51,53.37,16.67,0.83,0.0
20200615:1211,763.12,1000.89,52.8,16.73,1.17,0.0
20200615:1311,761.85,981.29,49.42,15.07,1.52,0.0
20200615:1411,770.41,980.01,43.96,14.26,1.93,0.0
20200615:1511,763.14,962.49,37.21,13.87,2.14,0.0
20200615:1611,681.09,844.69,29.83,13.61,2.21,0.0
20200615:1711,637.31,788.14,22.3,14.26,2.07,0.0
20200615:1811,567.44,708.78,15.01,17.06,1.59,0.0
20200615:1911,366.17,450.46,8.29,17.02,1.1,0.0
20200615:2011,0.0,0.64,2.45,15.56,1.31,0.0
20200615:2111,0.0,0.0,0.0,12.79,1.59,0.0
20200615:2211,0.0,0.0,0.0,9.83,1.79,0.0
20200615:2311,0.0,0.0,0.0,8.21,1.79,0.0
20200616:0011,0.0,0.0,0.0,6.97,1.86,0.0
20200616:0111,0.0,0.0,0.0,6.11,1.86,0.0
20200616:0211,0.0,0.0,0.0,5.5,1.86,0.0
20200616:0311,79.15,104.17,4.56,5.49,1.86,0.0
20200616:0411,460.12,539.43,10.76,7.23,1.66,0.0
20200616:0511,566.65,685.98,17.73,10.44,1.38,0.0
20200616:0611,653.28,821.12,25.15,13.98,1.17,0.0
20200616:0711,683.71,877.54,32.67,16.15,1.1,0.0
20200616:0811,717.13,925.84,39.88,17.33,1.52,0.0
20200616:0911,764.06,961.87,46.24,13.88,2.34,0.0
20200616:1011,676.38,838.36,51.02,13.86,2.69,0.0
20200616:1111,422.04,514.43,53.4,13.98,2.76,0.0
20200616:1211,730.24,911.16,52.84,13.97,2.76,0.0
20200616:1311,181.53,229.79,49.48,14.01,2.48,0.0
20200616:1411,724.97,918.08,44.01,15.28,2.07,0.0
20200616:1511,527.13,662.66,37.26,18.24,1.66,0.0
20200616:1611,311.33,389.83,29.88,19.11,1.24,0.0
20200616:1711,212.76,269.9,22.36,18.94,0.97,0.0
20200616:1811,99.65,135.64,15.07,18.34,0.62,0.0
20200616:1911,228.0,285.34,8.34,18.37,0.97,0.0
20200616:2011,0.0,0.64,2.51,17.82,0.76,0.0
20200616:2111,0.0,0.0,0.0,16.76,0.76,0.0
20200616:2211,0.0,0.0,0.0,15.69,1.03,0.0
20200616:2311,0.0,0.0,0.0,14.41,1.45,0.0
20200617:0011,0.0,0.0,0.0,11.98,1.59,0.0
20200617:0111,0.0,0.0,0.0,10.45,1.59,0.0
20200617:0211,0.0,0.0,0.0,9.41,1.59,0.0
20200617:0311,0.0,1.86,4.57,8.64,1.66,0.0
20200617:0411,0.49,6.95,10.77,9.82,1.31,0.0
20200617:0511,24.19,43.0,17.74,11.99,0.97,0.0
20200617:0611,29.92,50.6,25.15,13.58,0.83,0.0
20200617:0711,301.62,371.29,32.67,14.24,0.76,0.0
20200617:0811,449.16,558.97,39.89,15.49,0.83,0.0
20200617:0911,539.08,678.15,46.25,16.2,1.17,0.0
20200617:1011,706.84,920.15,51.04,17.14,1.1,0.0
20200617:1111,613.96,795.26,53.43,18.04,0.83,0.0
20200617:1211,476.89,610.02,52.88,18.68,0.62,0.0
20200617:1311,108.65,148.9,49.52,19.04,0.41,0.0
20200617:1411,92.22,128.95,44.06,19.01,0.48,0.0
20200617:1511,55.79,84.34,37.32,18.62,0.21,0.0
20200617:1611,71.23,103.06,29.94,18.14,0.69,0.0
20200617:1711,70.17,100.96,22.41,16.88,0.69,0.0
20200617:1811,286.79,352.22,15.12,15.91,1.17,0.0
20200617:1911,81.98,113.34,8.4,16.8,0.48,0.0
20200617:2011,0.0,1.59,2.56,16.18,0.07,0.0
20200617:2111,0.0,0.0,0.0,15.29,0.48,0.0
20200617:2211,0.0,0.0,0.0,14.12,1.1,0.0
20200617:2311,0.0,0.0,0.0,12.3,1.52,0.0
20200618:0011,0.0,0.0,0.0,10.35,1.52,0.0
20200618:0111,0.0,0.0,0.0,9.6,1.52,0.0
20200618:0211,0.0,0.0,0.0,8.89,1.59,0.0
20200618:0311,0.0,1.86,4.57,8.83,1.52,0.0
20200618:0411,402.83,480.38,10.77,10.26,1.1,0.0
20200618:0511,594.37,735.43,17.73,12.08,0.83,0.0
20200618:0611,653.65,831.54,25.15,14.34,0.69,0.0
20200618:0711,719.45,928.44,32.67,13.78,0.62,0.0
20200618:0811,757.87,988.39,39.88,14.87,0.83,0.0
20200618:0911,764.76,1002.11,46.25,15.91,0.97,0.0
20200618:1011,760.19,998.9,51.05,16.73,1.03,0.0
20200618:1111,722.36,944.08,53.45,17.24,1.1,0.0
20200618:1211,507.33,644.46,52.91,17.5,0.9,0.0
20200618:1311,408.79,515.42,49.56,17.94,0.9,0.0
20200618:1411,323.46,406.15,44.11,18.06,1.1,0.0
20200618:1511,144.98,190.78,37.36,18.06,1.38,0.0
20200618:1611,673.49,862.91,29.99,17.81,1.52,0.0
20200618:1711,359.61,442.84,22.46,16.96,1.45,0.0
20200618:1811,6.94,19.14,15.17,16.75,0.97,0.0
20200618:1911,101.93,137.0,8.44,17.53,0.62,0.0
20200618:2011,0.0,0.64,2.6,16.58,0.76,0.0
20200618:2111,0.0,0.0,0.0,15.56,0.76,0.0
20200618:2211,0.0,0.0,0.0,14.72,1.1,0.0
20200618:2311,0.0,0.0,0.0,12.79,1.59,0.0
20200619:0011,0.0,0.0,0.0,10.56,1.72,0.0
20200619:0111,0.0,0.0,0.0,8.86,1.86,0.0
20200619:0211,0.0,0.0,0.0,7.13,1.93,0.0
20200619:0311,0.0,1.86,4.57,6.73,1.93,0.0
20200619:0411,1.72,9.61,10.76,8.36,1.66,0.0
20200619:0511,106.0,139.71,17.72,12.52,1.24,0.0
20200619:0611,436.22,535.91,25.14,14.79,1.03,0.0
20200619:0711,612.2,761.1,32.66,14.52,1.72,0.0
20200619:0811,713.81,869.97,39.88,10.54,2.76,0.0
20200619:0911,754.45,924.7,46.25,11.87,3.38,0.0
20200619:1011,709.16,868.7,51.05,12.51,3.38,0.0
20200619:1111,639.79,780.72,53.47,12.95,3.38,0.0
20200619:1211,450.23,544.5,52.94,13.34,3.45,0.0
20200619:1311,268.09,328.39,49.6,13.19,3.24,0.0
20200619:1411,227.67,280.56,44.15,12.39,2.69,0.0
20200619:1511,590.42,715.48,37.41,12.55,2.9,0.0
20200619:1611,476.58,569.7,30.03,12.11,2.97,0.0
20200619:1711,346.81,413.07,22.5,11.82,2.83,0.0
20200619:1811,318.12,384.32,15.21,14.17,2.07,0.0
20200619:1911,1.86,10.18,8.48,17.32,1.31,0.0
20200619:2011,0.0,0.64,2.63,16.72,1.24,0.0
20200619:2111,0.0,0.0,0.0,15.95,1.38,0.0
20200619:2211,0.0,0.0,0.0,15.3,1.45,0.0
20200619:2311,0.0,0.0,0.0,12.81,1.79,0.0
20200620:0011,0.0,0.0,0.0,9.58,2.28,0.0
20200620:0111,0.0,0.0,0.0,8.73,2.28,0.0
20200620:0211,0.0,0.0,0.0,8.92,2.07,0.0
20200620:0311,0.49,6.96,4.56,9.46,1.93,0.0
20200620:0411,0.28,6.4,10.75,9.51,2.0,0.0
20200620:0511,4.06,13.91,17.71,9.19,2.14,0.0
20200620:0611,28.88,48.53,25.12,9.95,2.0,0.0
20200620:0711,138.24,176.05,32.64,10.37,2.34,0.0
20200620:0811,136.19,173.18,39.86,9.27,2.83,0.0
20200620:0911,114.15,148.66,46.24,9.99,3.03,0.0
20200620:1011,228.86,280.41,51.05,10.8,2.97,0.0
20200620:1111,144.05,184.4,53.48,12.27,3.72,0.0
20200620:1211,218.65,270.35,52.96,12.54,3.72,0.0
20200620:1311,118.35,154.95,49.62,12.42,3.52,0.0
20200620:1411,105.19,139.7,44.18,12.42,3.59,0.0
20200620:1511,112.85,148.29,37.44,11.95,3.1,0.0
20200620:1611,46.03,70.21,30.06,12.23,2.14,0.0
20200620:1711,9.43,22.78,22.54,14.25,1.72,0.0
20200620:1811,7.0,19.16,15.24,15.52,1.1,0.0
20200620:1911,0.0,4.58,8.51,13.25,1.59,0.0
20200620:2011,0.0,0.64,2.66,12.95,1.45,0.0
20200620:2111,0.0,0.0,0.0,11.66,1.59,0.0
20200620:2211,0.0,0.0,0.0,12.06,1.52,0.0
20200620:2311,0.0,0.0,0.0,11.25,1.66,0.0
20200621:0011,0.0,0.0,0.0,9.88,1.93,0.0
20200621:0111,0.0,0.0,0.0,7.83,2.48,0.0
20200621:0211,0.0,0.0,0.0,7.27,3.1,0.0
20200621:0311,0.5,6.96,4.54,7.4,2.83,0.0
20200621:0411,0.29,6.4,10.73,7.46,2.83,0.0
20200621:0511,4.1,13.91,17.69,7.49,2.62,0.0
20200621:0611,19.24,35.71,25.1,7.34,2.69,0.0
20200621:0711,84.28,115.01,32.62,10.94,2.07,0.0
20200621:0811,76.71,106.11,39.84,10.85,2.14,0.0
20200621:0911,135.9,174.53,46.22,10.97,2.14,0.0
20200621:1011,148.78,189.3,51.04,10.89,2.21,0.0
20200621:1111,65.4,93.08,53.48,11.22,2.14,0.0
20200621:1211,63.67,91.03,52.97,11.23,2.14,0.0
20200621:1311,56.1,82.19,49.64,11.69,1.93,0.0
20200621:1411,92.02,124.93,44.21,12.66,1.72,0.0
20200621:1511,74.01,103.02,37.47,11.02,2.21,0.0
20200621:1611,60.04,86.72,30.09,11.18,1.93,0.0
20200621:1711,457.63,554.43,22.57,12.36,1.24,0.0
20200621:1811,421.15,508.41,15.27,12.17,1.03,0.0
20200621:1911,1.7,9.68,8.54,11.92,0.83,0.0
20200621:2011,0.0,0.64,2.69,11.86,0.62,0.0
20200621:2111,0.0,0.0,0.0,11.28,0.28,0.0
20200621:2211,0.0,0.0,0.0,10.83,0.14,0.0
20200621:2311,0.0,0.0,0.0,10.38,0.07,0.0
20200622:0011,0.0,0.0,0.0,9.86,0.55,0.0
20200622:0111,0.0,0.0,0.0,9.41,0.83,0.0
20200622:0211,0.0,0.0,0.0,9.02,0.9,0.0
20200622:0311,0.0,1.86,4.52,8.63,0.62,0.0
20200622:0411,0.72,7.46,10.7,8.66,0.55,0.0
20200622:0511,11.92,25.99,17.66,8.79,0.55,0.0
20200622:0611,74.68,103.3,25.07,9.22,0.48,0.0
20200622:0711,96.33,128.96,32.59,10.51,0.97,0.0
20200622:0811,309.61,373.58,39.82,10.12,1.31,0.0
20200622:0911,212.72,262.85,46.2,10.74,1.59,0.0
20200622:1011,224.96,276.5,51.03,10.47,2.07,0.0
20200622:1111,659.07,804.09,53.47,11.02,2.69,0.0
20200622:1211,479.01,576.7,52.98,11.56,2.97,0.0
20200622:1311,355.24,430.65,49.66,13.11,3.03,0.0
20200622:1411,701.18,864.18,44.23,13.51,3.1,0.0
20200622:1511,732.28,905.42,37.49,13.39,2.97,0.0
20200622:1611,715.9,882.37,30.12,12.86,2.69,0.0
20200622:1711,454.82,544.11,22.59,12.31,2.55,0.0
20200622:1811,479.38,573.17,15.29,11.62,2.14,0.0
20200622:1911,85.05,113.98,8.56,11.18,1.86,0.0
20200622:2011,0.0,0.64,2.7,9.97,1.72,0.0
20200622:2111,0.0,0.0,0.0,8.25,1.66,0.0
20200622:2211,0.0,0.0,0.0,6.54,1.52,0.0
20200622:2311,0.0,0.0,0.0,5.77,1.38,0.0
20200623:0011,0.0,0.0,0.0,4.92,1.59,0.0
20200623:0111,0.0,0.0,0.0,4.46,1.59,0.0
20200623:0211,0.0,0.0,0.0,4.25,1.66,0.0
20200623:0311,0.0,1.85,4.49,4.0,1.52,0.0
20200623:0411,12.62,26.65,10.67,4.37,1.38,0.0
20200623:0511,331.39,386.52,17.63,5.46,1.31,0.0
20200623:0611,230.52,276.58,25.04,7.53,1.17,0.0
20200623:0711,596.6,733.68,32.56,9.1,0.55,0.0
20200623:0811,595.09,741.38,39.78,10.89,0.48,0.0
20200623:0911,690.99,878.84,46.17,12.56,0.83,0.0
20200623:1011,730.7,938.63,51.01,13.96,1.1,0.0
20200623:1111,472.88,583.86,53.46,14.34,1.66,0.0
20200623:1211,791.53,1009.14,52.97,14.59,2.14,0.0
20200623:1311,728.57,917.85,49.67,14.61,2.28,0.0
20200623:1411,470.57,576.91,44.24,14.87,2.21,0.0
20200623:1511,564.63,696.98,37.51,15.04,2.14,0.0
20200623:1611,705.13,886.6,30.14,14.95,2.0,0.0
20200623:1711,495.04,605.79,22.61,14.88,1.79,0.0
20200623:1811,418.08,509.07,15.31,14.76,1.45,0.0
20200623:1911,306.16,371.98,8.57,14.3,1.1,0.0
20200623:2011,0.0,3.83,2.72,13.09,1.1,0.0
20200623:2111,0.0,0.0,0.0,11.42,1.17,0.0
20200623:2211,0.0,0.0,0.0,10.1,1.24,0.0
20200623:2311,0.0,0.0,0.0,9.11,1.31,0.0
20200624:0011,0.0,0.0,0.0,8.05,1.45,0.0
20200624:0111,0.0,0.0,0.0,6.7,1.45,0.0
20200624:0211,0.0,0.0,0.0,6.32,1.59,0.0
20200624:0311,277.98,323.88,4.46,6.21,1.66,0.0
20200624:0411,517.33,607.89,10.63,6.36,1.52,0.0
20200624:0511,634.8,761.46,17.59,7.02,1.45,0.0
20200624:0611,715.55,880.07,25.0,8.44,1.31,0.0
20200624:0711,770.4,974.02,32.52,10.71,1.17,0.0
20200624:0811,777.87,1006.43,39.75,12.71,0.83,0.0
20200624:0911,782.86,1039.38,46.14,14.58,0.41,0.0
20200624:1011,753.85,1011.75,50.98,16.32,0.21,0.0
20200624:1111,803.7,1081.82,53.44,17.75,0.76,0.0
20200624:1211,787.52,1050.74,52.97,18.92,1.17,0.0
20200624:1311,768.69,1021.53,49.67,19.88,1.38,0.0
20200624:1411,788.22,1049.22,44.25,20.14,1.52,0.0
20200624:1511,763.09,1006.13,37.52,20.09,1.66,0.0
20200624:1611,709.78,924.35,30.15,19.98,1.66,0.0
20200624:1711,439.8,551.74,22.62,20.13,1.52,0.0
20200624:1811,547.88,693.93,15.32,19.48,1.31,0.0
20200624:1911,259.09,322.48,8.58,18.63,1.17,0.0
20200624:2011,0.0,0.64,2.72,17.1,1.17,0.0
20200624:2111,0.0,0.0,0.0,15.37,1.17,0.0
20200624:2211,0.0,0.0,0.0,14.25,1.17,0.0
20200624:2311,0.0,0.0,0.0,12.79,1.38,0.0
20200625:0011,0.0,0.0,0.0,11.11,1.59,0.0
20200625:0111,0.0,0.0,0.0,9.71,1.66,0.0
20200625:0211,0.0,0.0,0.0,8.51,1.72,0.0
20200625:0311,0.69,7.41,4.42,7.73,1.72,0.0
20200625:0411,436.47,516.63,10.59,8.92,1.38,0.0
20200625:0511,554.62,676.29,17.54,11.56,1.17,0.0
20200625:0611,646.83,819.96,24.95,15.0,0.97,0.0
20200625:0711,710.22,926.28,32.48,16.9,0.83,0.0
20200625:0811,743.75,999.89,39.7,18.46,0.41,0.0
20200625:0911,758.29,1032.26,46.1,19.75,0.41,0.0
20200625:1011,778.74,1056.57,50.94,20.79,0.9,0.0
20200625:1111,793.83,1075.56,53.42,21.58,1.24,0.0
20200625:1211,789.23,1062.1,52.95,22.1,1.59,0.0
20200625:1311,795.88,1064.64,49.66,22.5,2.0,0.0
20200625:1411,757.08,998.57,44.25,22.58,2.34,0.0
20200625:1511,713.16,927.53,37.53,22.35,2.62,0.0
20200625:1611,717.39,932.22,30.16,21.96,2.48,0.0
20200625:1711,539.69,682.85,22.63,21.36,2.21,0.0
20200625:1811,488.53,612.8,15.33,20.57,1.93,0.0
20200625:1911,417.59,518.55,8.59,19.26,1.52,0.0
20200625:2011,0.0,2.24,2.72,17.48,1.38,0.0
20200625:2111,0.0,0.0,0.0,15.89,1.17,0.0
20200625:2211,0.0,0.0,0.0,15.79,0.76,0.0
20200625:2311,0.0,0.0,0.0,14.94,0.28,0.0
20200626:0011,0.0,0.0,0.0,14.18,0.07,0.0
20200626:0111,0.0,0.0,0.0,13.35,0.14,0.0
20200626:0211,0.0,0.0,0.0,12.52,0.41,0.0
20200626:0311,0.0,3.7,4.37,11.78,0.62,0.0
20200626:0411,404.66,489.13,10.54,11.71,0.55,0.0
20200626:0511,577.09,725.62,17.49,12.69,0.07,0.0
20200626:0611,661.74,843.61,24.9,14.1,0.62,0.0
20200626:0711,697.34,892.83,32.43,15.75,1.24,0.0
20200626:0811,655.7,828.24,39.65,16.68,2.0,0.0
20200626:0911,680.34,864.04,46.05,17.48,2.28,0.0
20200626:1011,473.51,591.3,50.9,18.19,2.34,0.0
20200626:1111,678.93,863.81,53.38,18.94,2.83,0.0
20200626:1211,667.96,847.47,52.93,19.62,3.24,0.0
20200626:1311,717.38,912.41,49.65,19.78,3.52,0.0
20200626:1411,780.54,997.78,44.24,19.85,3.66,0.0
20200626:1511,773.91,986.66,37.53,19.38,3.52,0.0
20200626:1611,720.7,911.53,30.16,19.05,3.31,0.0
20200626:1711,659.94,826.26,22.63,18.68,3.17,0.0
20200626:1811,320.97,393.44,15.33,18.02,2.69,0.0
20200626:1911,95.79,129.28,8.58,17.26,2.21,0.0
20200626:2011,0.0,0.64,2.71,15.88,1.86,0.0
20200626:2111,0.0,0.0,0.0,13.97,1.45,0.0
20200626:2211,0.0,0.0,0.0,13.65,1.1,0.0
20200626:2311,0.0,0.0,0.0,12.89,1.17,0.0
20200627:0011,0.0,0.0,0.0,11.92,1.31,0.0
20200627:0111,0.0,0.0,0.0,11.29,1.38,0.0
20200627:0211,0.0,0.0,0.0,11.13,1.31,0.0
20200627:0311,0.0,1.85,4.32,10.9,1.24,0.0
20200627:0411,48.59,72.36,10.49,11.57,1.03,0.0
20200627:0511,374.05,450.72,17.44,12.19,1.1,0.0
20200627:0611,353.99,428.1,24.85,13.95,2.07,0.0
20200627:0711,224.54,279.64,32.37,15.85,2.48,0.0
20200627:0811,473.52,579.35,39.6,16.45,3.17,0.0
20200627:0911,223.85,281.22,46.0,16.78,3.38,0.0
20200627:1011,483.38,595.52,50.85,17.62,3.72,0.0
20200627:1111,189.77,241.64,53.34,16.95,4.07,0.0
20200627:1211,432.95,532.85,52.9,16.55,3.1,0.0
20200627:1311,423.22,521.83,49.63,17.62,3.38,0.0
20200627:1411,529.87,654.56,44.23,18.28,3.72,0.0
20200627:1511,253.97,314.55,37.52,16.32,3.24,0.0
20200627:1611,508.12,620.09,30.16,14.52,2.21,0.0
20200627:1711,398.03,480.85,22.63,14.18,2.21,0.0
20200627:1811,537.31,655.22,15.32,14.56,2.14,0.0
20200627:1911,103.08,136.27,8.57,14.49,1.52,0.0
20200627:2011,0.0,0.64,2.69,14.03,1.93,0.0
20200627:2111,0.0,0.0,0.0,13.38,2.34,0.0
20200627:2211,0.0,0.0,0.0,12.63,2.28,0.0
20200627:2311,0.0,0.0,0.0,12.19,2.21,0.0
20200628:0011,0.0,0.0,0.0,12.22,2.76,0.0
20200628:0111,0.0,0.0,0.0,11.94,2.28,0.0
20200628:0211,0.0,0.0,0.0,11.53,1.52,0.0
20200628:0311,0.0,1.85,4.26,11.47,1.52,0.0
20200628:0411,0.26,6.38,10.43,11.6,1.66,0.0
20200628:0511,31.09,51.84,17.38,11.96,1.93,0.0
20200628:0611,16.2,32.26,24.78,12.23,2.21,0.0
20200628:0711,69.73,98.57,32.31,12.53,2.83,0.0
20200628:0811,57.13,83.8,39.54,13.11,2.76,0.0
20200628:0911,75.13,105.1,45.94,13.05,3.17,0.0
20200628:1011,91.24,123.53,50.8,12.17,3.31,0.0
20200628:1111,118.02,154.52,53.3,12.01,2.9,0.0
20200628:1211,92.89,125.2,52.86,11.57,2.97,0.0
20200628:1311,196.66,245.15,49.6,12.06,2.62,0.0
20200628:1411,51.89,77.35,44.22,12.64,2.97,0.0
20200628:1511,375.09,447.11,37.51,11.29,3.24,0.0
20200628:1611,436.41,519.07,30.15,11.23,2.9,0.0
20200628:1711,283.07,336.97,22.62,10.41,2.97,0.0
20200628:1811,19.14,36.1,15.31,10.36,2.69,0.0
20200628:1911,6.69,18.4,8.56,10.44,2.21,0.0
20200628:2011,0.0,0.64,2.67,9.47,1.86,0.0
20200628:2111,0.0,0.0,0.0,8.25,1.79,0.0
20200628:2211,0.0,0.0,0.0,7.4,1.72,0.0
20200628:2311,0.0,0.0,0.0,6.59,1.66,0.0
20200629:0011,0.0,0.0,0.0,5.8,1.59,0.0
20200629:0111,0.0,0.0,0.0,5.08,1.66,0.0
20200629:0211,0.0,0.0,0.0,5.19,1.66,0.0
20200629:0311,0.0,1.34,4.2,5.73,1.72,0.0
20200629:0411,0.97,7.97,10.36,6.13,2.0,0.0
20200629:0511,138.49,171.62,17.31,6.63,2.55,0.0
20200629:0611,42.93,65.16,24.72,7.24,2.9,0.0
20200629:0711,103.23,135.37,32.24,8.8,3.03,0.0
20200629:0811,111.72,145.43,39.47,9.39,3.31,0.0
20200629:0911,142.12,180.13,45.88,9.61,3.38,0.0
20200629:1011,179.65,222.6,50.74,9.61,3.79,0.0
20200629:1111,277.23,333.32,53.24,9.41,3.72,0.0
20200629:1211,241.48,292.43,52.82,9.19,3.59,0.0
20200629:1311,132.51,168.8,49.57,8.97,3.38,0.0
20200629:1411,115.64,149.78,44.19,9.32,3.66,0.0
20200629:1511,96.61,128.02,37.49,9.06,3.31,0.0
20200629:1611,41.0,63.2,30.13,8.93,3.03,0.0
20200629:1711,29.43,48.95,22.6,8.42,2.83,0.0
20200629:1811,2.81,11.65,15.29,7.82,2.48,0.0
20200629:1911,0.0,4.6,8.53,7.54,2.34,0.0
20200629:2011,0.0,0.64,2.65,6.9,1.93,0.0
20200629:2111,0.0,0.0,0.0,6.29,1.79,0.0
20200629:2211,0.0,0.0,0.0,6.15,1.52,0.0
20200629:2311,0.0,0.0,0.0,6.14,1.66,0.0
20200630:0011,0.0,0.0,0.0,6.18,1.79,0.0
20200630:0111,0.0,0.0,0.0,6.16,1.59,0.0
20200630:0211,0.0,0.0,0.0,6.12,1.45,0.0
20200630:0311,0.0,4.01,4.13,6.14,1.31,0.0
20200630:0411,81.85,108.48,10.29,6.29,1.17,0.0
20200630:0511,7.08,18.67,17.24,6.4,1.31,0.0
20200630:0611,184.94,224.77,24.65,6.9,1.31,0.0
20200630:0711,224.84,272.26,32.17,7.84,0.83,0.0
20200630:0811,191.29,235.67,39.4,8.19,0.9,0.0
20200630:0911,137.99,175.93,45.81,8.77,0.83,0.0
20200630:1011,190.45,237.03,50.67,9.28,0.62,0.0
20200630:1111,139.99,179.09,53.19,9.81,0.9,0.0
20200630:1211,218.18,269.93,52.77,10.78,1.45,0.0
20200630:1311,371.71,452.22,49.53,12.01,1.59,0.0
20200630:1411,71.9,101.24,44.16,12.66,2.28,0.0
20200630:1511,296.48,359.11,37.47,12.69,2.76,0.0
20200630:1611,141.27,180.15,30.11,12.01,3.17,0.0
20200630:1711,91.3,122.71,22.58,11.57,2.9,0.0
20200630:1811,238.79,286.75,15.27,11.19,3.03,0.0
20200630:1911,71.43,97.85,8.5,9.9,2.48,0.0
20200630:2011,0.0,3.84,2.61,9.2,2.62,0.0
20200630:2111,0.0,0.0,0.0,8.15,2.28,0.0
20200630:2211,0.0,0.0,0.0,7.37,2.21,0.0
20200630:2311,0.0,0.0,0.0,6.64,2.14,0.0
20200701:0011,0.0,0.0,0.0,6.21,2.14,0.0
20200701:0111,0.0,0.0,0.0,6.13,2.41,0.0
20200701:0211,0.0,0.0,0.0,5.59,2.41,0.0
20200701:0311,0.0,1.0,4.05,5.29,2.07,0.0
20200701:0411,176.12,211.25,10.22,5.41,1.86,0.0
20200701:0511,476.51,554.27,17.16,5.7,2.07,0.0
20200701:0611,660.86,783.83,24.57,6.18,2.34,0.0
20200701:0711,777.97,938.74,32.09,6.82,2.62,0.0
20200701:0811,709.65,850.52,39.32,7.43,2.83,0.0
20200701:0911,729.66,878.01,45.73,8.07,3.1,0.0
20200701:1011,649.28,776.5,50.6,8.81,3.38,0.0
20200701:1111,475.58,565.38,53.12,9.45,3.38,0.0
20200701:1211,461.55,550.24,52.71,10.12,3.38,0.0
20200701:1311,272.92,330.08,49.49,10.59,3.38,0.0
20200701:1411,486.25,579.2,44.13,10.74,3.45,0.0
20200701:1511,762.39,927.11,37.43,10.69,3.52,0.0
20200701:1611,455.92,538.63,30.08,10.41,3.45,0.0
20200701:1711,363.75,427.6,22.55,9.64,3.31,0.0
20200701:1811,101.16,131.41,15.23,8.8,3.1,0.0
20200701:1911,214.91,255.38,8.47,7.51,2.41,0.0
20200701:2011,0.0,0.64,2.57,6.32,2.28,0.0
20200701:2111,0.0,0.0,0.0,5.1,2.0,0.0
20200701:2211,0.0,0.0,0.0,4.16,1.93,0.0
20200701:2311,0.0,0.0,0.0,3.53,2.0,0.0
20200702:0011,0.0,0.0,0.0,2.88,2.07,0.0
20200702:0111,0.0,0.0,0.0,2.35,2.07,0.0
20200702:0211,0.0,0.0,0.0,2.38,2.07,0.0
20200702:0311,0.0,1.0,3.97,2.33,2.14,0.0
20200702:0411,0.31,6.36,10.13,2.45,2.07,0.0
20200702:0511,226.65,264.24,17.08,2.8,2.28,0.0
20200702:0611,540.96,623.7,24.49,3.52,2.62,0.0
20200702:0711,727.06,857.38,32.01,4.55,2.97,0.0
20200702:0811,792.62,945.77,39.24,5.6,3.24,0.0
20200702:0911,784.15,937.19,45.65,6.47,3.52,0.0
20200702:1011,713.05,849.03,50.52,7.13,3.59,0.0
20200702:1111,472.63,555.63,53.05,7.54,3.72,0.0
20200702:1211,519.34,611.87,52.65,8.11,3.93,0.0
20200702:1311,592.28,698.41,49.44,8.05,4.07,0.0
20200702:1411,599.91,705.76,44.08,8.08,4.21,0.0
20200702:1511,300.11,353.77,37.4,7.87,4.07,0.0
20200702:1611,351.31,408.96,30.04,7.44,4.21,0.0
20200702:1711,624.75,725.64,22.51,6.46,4.21,0.0
20200702:1811,136.44,168.0,15.2,5.53,3.72,0.0
20200702:1911,103.49,131.0,8.43,4.78,3.03,0.0
20200702:2011,0.0,0.64,2.52,3.78,2.69,0.0
20200702:2111,0.0,0.0,0.0,2.79,2.41,0.0
20200702:2211,0.0,0.0,0.0,2.04,2.14,0.0
20200702:2311,0.0,0.0,0.0,1.61,1.93,0.0
20200703:0011,0.0,0.0,0.0,1.32,1.66,0.0
20200703:0111,0.0,0.0,0.0,1.07,1.45,0.0
20200703:0211,0.0,0.0,0.0,1.1,1.45,0.0
20200703:0311,0.57,7.0,3.89,1.12,1.38,0.0
20200703:0411,0.1,5.83,10.05,1.63,2.28,0.0
20200703:0511,35.93,55.62,16.99,2.32,3.24,0.0
20200703:0611,54.77,77.78,24.4,2.92,3.93,0.0
20200703:0711,146.52,179.8,31.92,3.79,3.72,0.0
20200703:0811,119.99,151.59,39.16,4.45,3.66,0.0
20200703:0911,137.88,171.68,45.56,4.67,3.45,0.0
20200703:1011,149.44,183.91,50.44,3.7,3.17,0.0
20200703:1111,113.44,143.97,52.97,3.35,2.76,0.0
20200703:1211,132.78,165.51,52.58,3.2,2.14,0.0
20200703:1311,112.59,143.14,49.38,3.14,1.66,0.0
20200703:1411,171.4,208.47,44.03,2.92,1.17,0.0
20200703:1511,134.82,167.75,37.35,2.73,0.9,0.0
20200703:1611,98.11,126.97,30.0,3.02,0.97,0.0
20200703:1711,59.95,84.08,22.47,3.45,1.03,0.0
20200703:1811,18.05,33.81,15.15,3.68,0.76,0.0
20200703:1911,0.41,6.65,8.38,3.92,0.41,0.0
20200703:2011,0.0,0.64,2.47,3.96,0.69,0.0
20200703:2111,0.0,0.0,0.0,3.94,0.62,0.0
20200703:2211,0.0,0.0,0.0,3.86,0.55,0.0
20200703:2311,0.0,0.0,0.0,3.75,0.69,0.0
20200704:0011,0.0,0.0,0.0,3.73,0.69,0.0
20200704:0111,0.0,0.0,0.0,3.63,0.76,0.0
20200704:0211,0.0,0.0,0.0,3.58,0.97,0.0
20200704:0311,0.0,1.0,3.79,3.51,0.83,0.0
20200704:0411,0.09,5.83,9.95,3.53,0.9,0.0
20200704:0511,12.59,26.44,16.9,3.63,0.9,0.0
20200704:0611,64.98,90.0,24.31,3.99,1.17,0.0
20200704:0711,211.37,253.95,31.83,4.95,0.69,0.0
20200704:0811,323.79,383.54,39.06,5.66,0.83,0.0
20200704:0911,399.42,474.06,45.47,6.33,1.1,0.0
20200704:1011,154.69,193.39,50.35,7.06,1.31,0.0
20200704:1111,222.06,270.58,52.88,7.59,1.45,0.0
20200704:1211,271.17,327.64,52.5,7.66,1.1,0.0
20200704:1311,178.34,221.82,49.31,8.41,0.97,0.0
20200704:1411,121.85,157.28,43.98,8.83,1.24,0.0
20200704:1511,110.43,144.42,37.3,9.2,1.24,0.0
20200704:1611,102.64,135.21,29.96,8.99,1.17,0.0
20200704:1711,7.6,19.6,22.43,8.85,1.24,0.0
20200704:1811,4.45,14.58,15.1,8.72,1.45,0.0
20200704:1911,0.59,7.17,8.32,8.37,1.59,0.0
20200704:2011,0.0,0.64,2.41,7.73,1.38,0.0
20200704:2111,0.0,0.0,0.0,6.96,1.24,0.0
20200704:2211,0.0,0.0,0.0,6.71,1.03,0.0
20200704:2311,0.0,0.0,0.0,6.63,1.03,0.0
20200705:0011,0.0,0.0,0.0,6.58,1.31,0.0
20200705:0111,0.0,0.0,0.0,6.56,1.45,0.0
20200705:0211,0.0,0.0,0.0,6.5,1.59,0.0
20200705:0311,0.0,1.0,3.69,6.54,2.14,0.0
20200705:0411,0.08,5.82,9.86,6.54,2.14,0.0
20200705:0511,5.14,15.61,16.8,6.74,2.83,0.0
20200705:0611,12.68,26.8,24.21,6.77,2.41,0.0
20200705:0711,21.7,38.89,31.73,7.44,2.69,0.0
20200705:0811,50.55,74.18,38.96,7.39,2.62,0.0
20200705:0911,142.42,179.11,45.37,7.47,2.62,0.0
20200705:1011,180.44,222.49,50.25,7.68,2.28,0.0
20200705:1111,339.76,405.0,52.79,7.94,2.28,0.0
20200705:1211,259.26,311.44,52.42,7.98,3.1,0.0
20200705:1311,102.09,134.59,49.24,9.44,3.03,0.0
20200705:1411,88.49,119.41,43.91,10.39,3.24,0.0
20200705:1511,70.33,98.62,37.25,11.16,3.66,0.0
20200705:1611,203.02,245.76,29.9,9.31,4.83,0.0
20200705:1711,74.79,102.18,22.37,7.82,3.86,0.0
20200705:1811,106.87,136.6,15.05,6.96,3.52,0.0
20200705:1911,0.0,4.61,8.26,5.96,2.9,0.0
20200705:2011,0.0,0.64,2.34,5.16,2.76,0.0
20200705:2111,0.0,0.0,0.0,4.49,3.24,0.0
20200705:2211,0.0,0.0,0.0,4.15,3.38,0.0
20200705:2311,0.0,0.0,0.0,3.89,3.17,0.0
20200706:0011,0.0,0.0,0.0,3.87,3.72,0.0
20200706:0111,0.0,0.0,0.0,3.72,4.07,0.0
20200706:0211,0.0,0.0,0.0,3.49,3.38,0.0
20200706:0311,0.0,1.0,3.59,3.77,3.86,0.0
20200706:0411,0.09,5.82,9.75,4.13,3.86,0.0
20200706:0511,3.41,12.6,16.7,4.82,3.79,0.0
20200706:0611,14.21,28.79,24.11,5.78,4.48,0.0
20200706:0711,60.19,85.09,31.63,6.37,3.38,0.0
20200706:0811,164.47,202.87,38.86,7.23,3.59,0.0
20200706:0911,216.73,261.86,45.27,8.29,4.97,0.0
20200706:1011,261.86,312.7,50.14,8.7,5.93,0.0
20200706:1111,372.02,437.32,52.69,9.09,6.34,0.0
20200706:1211,457.51,534.59,52.33,9.31,6.9,0.0
20200706:1311,535.85,624.53,49.16,9.31,6.97,0.0
20200706:1411,210.87,255.68,43.85,9.26,6.34,0.0
20200706:1511,176.95,217.07,37.19,8.83,6.21,0.0
20200706:1611,205.38,246.81,29.84,8.35,6.14,0.0
20200706:1711,57.94,82.82,22.31,7.68,5.45,0.0
20200706:1811,359.49,413.23,14.98,6.7,4.76,0.0
20200706:1911,12.63,26.49,8.2,5.48,4.07,0.0
20200706:2011,0.0,0.32,2.27,4.41,3.93,0.0
20200706:2111,0.0,0.0,0.0,3.39,3.66,0.0
20200706:2211,0.0,0.0,0.0,2.67,3.03,0.0
20200706:2311,0.0,0.0,0.0,2.07,2.41,0.0
20200707:0011,0.0,0.0,0.0,1.54,1.86,0.0
20200707:0111,0.0,0.0,0.0,1.01,1.45,0.0
20200707:0211,0.0,0.0,0.0,0.53,1.17,0.0
20200707:0311,0.0,1.0,3.48,0.65,1.52,0.0
20200707:0411,303.01,345.82,9.64,1.36,1.66,0.0
20200707:0511,49.39,71.17,16.59,2.15,2.41,0.0
20200707:0611,316.53,363.28,24.0,3.25,3.17,0.0
20200707:0711,526.56,604.21,31.52,3.93,3.66,0.0
20200707:0811,340.6,394.66,38.75,4.66,3.59,0.0
20200707:0911,409.08,474.68,45.16,5.37,3.72,0.0
20200707:1011,592.61,692.88,50.04,6.05,3.93,0.0
20200707:1111,444.18,518.94,52.58,6.49,3.93,0.0
20200707:1211,631.83,743.19,52.23,6.94,4.14,0.0
20200707:1311,489.8,571.67,49.08,7.19,4.41,0.0
20200707:1411,396.1,462.39,43.77,7.64,4.69,0.0
20200707:1511,392.19,456.43,37.12,7.66,4.69,0.0
20200707:1611,249.76,294.8,29.78,7.19,4.83,0.0
20200707:1711,343.74,397.27,22.25,6.8,4.55,0.0
20200707:1811,423.36,485.63,14.92,6.14,4.14,0.0
20200707:1911,75.59,100.61,8.12,5.54,3.52,0.0
20200707:2011,0.0,0.32,2.19,4.65,3.1,0.0
20200707:2111,0.0,0.0,0.0,3.59,2.76,0.0
20200707:2211,0.0,0.0,0.0,2.9,2.48,0.0
20200707:2311,0.0,0.0,0.0,2.25,2.28,0.0
20200708:0011,0.0,0.0,0.0,1.75,2.21,0.0
20200708:0111,0.0,0.0,0.0,1.35,2.07,0.0
20200708:0211,0.0,0.0,0.0,1.1,1.86,0.0
20200708:0311,0.0,1.0,3.37,1.01,1.79,0.0
20200708:0411,0.75,7.4,9.53,1.36,2.28,0.0
20200708:0511,26.56,44.37,16.48,2.21,2.62,0.0
20200708:0611,189.22,225.2,23.89,3.8,2.97,0.0
20200708:0711,463.58,535.55,31.41,5.64,3.52,0.0
20200708:0811,378.39,440.95,38.64,6.74,3.72,0.0
20200708:0911,657.62,777.6,45.04,7.64,3.86,0.0
20200708:1011,275.21,328.47,49.92,7.95,3.72,0.0
20200708:1111,497.23,587.02,52.47,8.87,4.07,0.0
20200708:1211,544.98,645.73,52.13,9.54,4.21,0.0
20200708:1311,325.82,388.39,48.98,10.04,4.34,0.0
20200708:1411,537.03,634.66,43.69,9.97,4.34,0.0
20200708:1511,604.06,714.26,37.04,9.99,4.48,0.0
20200708:1611,682.28,811.11,29.71,9.25,3.93,0.0
20200708:1711,500.69,584.66,22.18,8.69,3.79,0.0
20200708:1811,420.31,487.0,14.84,7.86,3.72,0.0
20200708:1911,14.62,29.4,8.04,7.0,2.9,0.0
20200708:2011,0.0,0.32,2.1,5.93,2.28,0.0
20200708:2111,0.0,0.0,0.0,4.78,2.14,0.0
20200708:2211,0.0,0.0,0.0,3.79,2.0,0.0
20200708:2311,0.0,0.0,0.0,2.95,2.0,0.0
20200709:0011,0.0,0.0,0.0,2.29,2.0,0.0
20200709:0111,0.0,0.0,0.0,1.61,1.93,0.0
20200709:0211,0.0,0.0,0.0,0.94,1.79,0.0
20200709:0311,0.03,5.64,3.25,0.62,1.79,0.0
20200709:0411,493.4,559.91,9.41,1.01,2.14,0.0
20200709:0511,636.23,736.11,16.36,1.63,2.07,0.0
20200709:0611,740.05,870.99,23.77,2.85,2.41,0.0
20200709:0711,777.89,944.25,31.3,5.38,1.79,0.0
20200709:0811,797.49,988.8,38.52,7.1,1.45,0.0
20200709:0911,766.01,968.21,44.92,8.4,0.76,0.0
20200709:1011,616.33,758.89,49.8,9.53,1.1,0.0
20200709:1111,491.13,595.14,52.35,10.14,1.59,0.0
20200709:1211,590.4,720.65,52.02,10.33,1.79,0.0
20200709:1311,269.32,327.26,48.88,10.3,2.07,0.0
20200709:1411,353.19,425.17,43.6,10.72,1.93,0.0
20200709:1511,413.66,497.31,36.96,11.09,1.79,0.0
20200709:1611,499.73,601.73,29.63,10.74,1.66,0.0
20200709:1711,247.92,298.48,22.1,10.29,1.79,0.0
20200709:1811,213.72,257.7,14.76,9.73,2.07,0.0
20200709:1911,299.47,354.68,7.96,9.59,1.66,0.0
20200709:2011,0.0,0.32,2.01,8.51,1.66,0.0
20200709:2111,0.0,0.0,0.0,6.93,1.79,0.0
20200709:2211,0.0,0.0,0.0,5.55,1.72,0.0
20200709:2311,0.0,0.0,0.0,4.3,1.59,0.0
20200710:0011,0.0,0.0,0.0,3.35,1.59,0.0
20200710:0111,0.0,0.0,0.0,2.96,1.52,0.0
20200710:0211,0.0,0.0,0.0,2.51,1.52,0.0
20200710:0311,0.0,4.98,3.12,2.26,1.45,0.0
20200710:0411,476.09,548.18,9.29,2.45,1.24,0.0
20200710:0511,556.57,657.97,16.24,4.47,0.83,0.0
20200710:0611,650.63,795.38,23.65,6.58,0.55,0.0
20200710:0711,736.3,911.43,31.18,8.09,1.17,0.0
20200710:0811,622.59,756.24,38.4,8.99,1.59,0.0
20200710:0911,448.74,539.94,44.8,9.48,1.38,0.0
20200710:1011,509.57,619.94,49.67,9.72,1.1,0.0
20200710:1111,402.61,489.6,52.23,10.21,0.9,0.0
20200710:1211,216.72,267.49,51.9,9.81,1.1,0.0
20200710:1311,517.95,627.35,48.78,9.97,1.59,0.0
20200710:1411,203.87,251.67,43.5,10.48,2.14,0.0
20200710:1511,74.59,103.31,36.87,10.09,2.14,0.0
20200710:1611,55.76,81.25,29.54,10.03,1.86,0.0
20200710:1711,39.31,61.43,22.01,9.51,1.66,0.0
20200710:1811,106.81,137.72,14.67,8.6,2.14,0.0
20200710:1911,4.9,15.37,7.86,8.3,2.07,0.0
20200710:2011,0.0,0.64,1.91,7.37,2.28,0.0
20200710:2111,0.0,0.0,0.0,6.17,2.48,0.0
20200710:2211,0.0,0.0,0.0,4.96,2.55,0.0
20200710:2311,0.0,0.0,0.0,4.2,2.41,0.0
20200711:0011,0.0,0.0,0.0,3.83,2.34,0.0
20200711:0111,0.0,0.0,0.0,3.5,2.34,0.0
20200711:0211,0.0,0.0,0.0,3.04,2.14,0.0
20200711:0311,0.0,0.66,2.99,2.69,1.93,0.0
20200711:0411,306.35,350.9,9.16,2.69,1.93,0.0
20200711:0511,16.56,31.72,16.11,3.0,2.76,0.0
20200711:0611,55.35,78.82,23.53,3.99,3.31,0.0
20200711:0711,578.86,672.42,31.05,6.1,3.79,0.0
20200711:0811,543.97,635.73,38.27,7.37,3.86,0.0
20200711:0911,546.56,643.44,44.67,8.03,3.66,0.0
20200711:1011,627.89,745.55,49.54,8.43,3.72,0.0
20200711:1111,591.86,702.85,52.1,8.9,3.79,0.0
20200711:1211,833.51,1010.04,51.78,9.46,4.21,0.0
20200711:1311,543.81,643.43,48.67,9.46,4.14,0.0
20200711:1411,362.41,427.81,43.4,9.35,4.34,0.0
20200711:1511,584.98,688.55,36.78,9.03,4.28,0.0
20200711:1611,226.33,270.82,29.45,8.4,4.21,0.0
20200711:1711,95.35,125.1,21.92,7.81,4.07,0.0
20200711:1811,223.37,263.82,14.58,7.12,4.0,0.0
20200711:1911,1.31,8.71,7.77,6.0,2.83,0.0
20200711:2011,0.0,0.32,1.8,5.08,2.28,0.0
20200711:2111,0.0,0.0,0.0,4.38,1.93,0.0
20200711:2211,0.0,0.0,0.0,3.93,1.66,0.0
20200711:2311,0.0,0.0,0.0,3.62,1.59,0.0
20200712:0011,0.0,0.0,0.0,3.47,1.66,0.0
20200712:0111,0.0,0.0,0.0,3.08,1.79,0.0
20200712:0211,0.0,0.0,0.0,3.04,1.79,0.0
20200712:0311,0.0,0.66,2.86,2.66,2.07,0.0
20200712:0411,0.09,5.8,9.03,2.71,2.0,0.0
20200712:0511,10.83,23.93,15.98,3.05,2.69,0.0
20200712:0611,154.67,187.97,23.4,4.09,3.03,0.0
20200712:0711,127.52,160.21,30.92,5.45,3.38,0.0
20200712:0811,127.46,161.02,38.14,5.98,2.97,0.0
20200712:0911,395.27,462.88,44.53,6.81,3.24,0.0
20200712:1011,241.95,290.32,49.4,7.37,3.59,0.0
20200712:1111,187.25,229.64,51.96,8.04,3.93,0.0
20200712:1211,337.73,399.95,51.65,8.44,4.14,0.0
20200712:1311,431.4,508.38,48.55,9.32,4.48,0.0
20200712:1411,535.46,633.55,43.3,9.62,3.86,0.0
20200712:1511,273.93,327.59,36.68,10.47,4.55,0.0
20200712:1611,451.98,531.01,29.36,10.11,4.07,0.0
20200712:1711,247.09,294.57,21.82,9.71,3.66,0.0
20200712:1811,283.61,333.78,14.48,9.14,3.45,0.0
20200712:1911,1.28,8.71,7.66,8.09,2.55,0.0
20200712:2011,0.0,0.32,1.69,7.15,2.28,0.0
20200712:2111,0.0,0.0,0.0,6.31,2.0,0.0
20200712:2211,0.0,0.0,0.0,5.78,1.86,0.0
20200712:2311,0.0,0.0,0.0,5.45,2.0,0.0
20200713:0011,0.0,0.0,0.0,5.31,2.07,0.0
20200713:0111,0.0,0.0,0.0,5.05,2.14,0.0
20200713:0211,0.0,0.0,0.0,5.01,2.21,0.0
20200713:0311,0.0,0.66,2.71,4.82,1.93,0.0
20200713:0411,0.95,7.9,8.89,4.97,1.72,0.0
20200713:0511,16.75,32.28,15.85,5.49,1.38,0.0
20200713:0611,23.72,41.38,23.26,6.06,0.69,0.0
20200713:0711,124.46,158.75,30.78,6.78,0.48,0.0
20200713:0811,71.83,99.22,38.0,7.39,0.76,0.0
20200713:0911,159.54,199.7,44.39,8.46,1.66,0.0
20200713:1011,175.28,218.05,49.26,9.09,2.14,0.0
20200713:1111,470.71,565.64,51.82,10.02,2.21,0.0
20200713:1211,485.96,583.99,51.52,10.42,2.48,0.0
20200713:1311,177.06,221.79,48.42,11.21,2.55,0.0
20200713:1411,142.17,182.14,43.18,11.81,2.55,0.0
20200713:1511,113.39,148.81,36.57,11.54,2.48,0.0
20200713:1611,61.58,88.44,29.25,10.96,2.14,0.0
20200713:1711,36.99,58.81,21.72,10.52,1.93,0.0
20200713:1811,10.01,23.33,14.37,9.84,1.38,0.0
20200713:1911,0.18,6.15,7.55,8.73,0.97,0.0
20200713:2011,0.0,0.32,1.57,8.38,0.97,0.0
20200713:2111,0.0,0.0,0.0,8.03,1.03,0.0
20200713:2211,0.0,0.0,0.0,7.73,1.03,0.0
20200713:2311,0.0,0.0,0.0,7.52,0.97,0.0
20200714:0011,0.0,0.0,0.0,7.31,0.97,0.0
20200714:0111,0.0,0.0,0.0,7.15,0.97,0.0
20200714:0211,0.0,0.0,0.0,7.11,0.9,0.0
20200714:0311,0.0,0.66,2.57,7.09,0.69,0.0
20200714:0411,13.76,28.24,8.75,7.11,0.69,0.0
20200714:0511,9.73,22.7,15.71,7.21,0.9,0.0
20200714:0611,36.83,58.03,23.12,7.76,0.62,0.0
20200714:0711,77.51,106.04,30.65,7.97,0.9,0.0
20200714:0811,95.27,126.74,37.86,8.49,0.83,0.0
20200714:0911,106.27,139.75,44.25,9.18,0.97,0.0
20200714:1011,98.76,131.98,49.11,10.56,0.76,0.0
20200714:1111,131.26,169.39,51.67,10.29,0.9,0.0
20200714:1211,148.79,190.96,51.37,12.02,1.03,0.0
20200714:1311,152.55,194.68,48.29,11.14,0.83,0.0
20200714:1411,173.35,218.85,43.06,11.76,1.1,0.0
20200714:1511,65.96,93.99,36.46,11.66,0.97,0.0
20200714:1611,22.28,40.26,29.14,11.26,1.24,0.0
20200714:1711,18.52,35.28,21.61,10.87,0.76,0.0
20200714:1811,27.8,47.22,14.26,10.04,0.41,0.0
20200714:1911,0.0,4.1,7.43,9.28,0.55,0.0
20200714:2011,0.0,0.0,0.0,8.77,0.76,0.0
20200714:2111,0.0,0.0,0.0,8.01,0.41,0.0
20200714:2211,0.0,0.0,0.0,8.15,0.28,0.0
20200714:2311,0.0,0.0,0.0,7.29,0.69,0.0
20200715:0011,0.0,0.0,0.0,6.84,0.83,0.0
20200715:0111,0.0,0.0,0.0,5.78,0.9,0.0
20200715:0211,0.0,0.0,0.0,5.12,1.17,0.0
20200715:0311,0.0,0.66,2.42,5.78,0.97,0.0
20200715:0411,0.92,7.89,8.6,6.58,1.1,0.0
20200715:0511,10.96,24.48,15.56,7.24,0.9,0.0
20200715:0611,163.82,201.76,22.98,7.59,1.24,0.0
20200715:0711,328.52,391.88,30.5,9.36,1.52,0.0
20200715:0811,402.53,481.06,37.72,9.73,1.72,0.0
20200715:0911,366.42,440.45,44.1,10.3,1.79,0.0
20200715:1011,363.61,439.44,48.96,10.55,1.59,0.0
20200715:1111,342.05,414.83,51.51,11.34,1.93,0.0
20200715:1211,274.09,335.42,51.22,11.61,1.86,0.0
20200715:1311,456.52,555.92,48.15,11.98,1.59,0.0
20200715:1411,462.26,563.05,42.93,12.46,1.59,0.0
20200715:1511,537.01,658.75,36.34,12.76,1.45,0.0
20200715:1611,445.83,542.91,29.03,12.89,1.17,0.0
20200715:1711,268.5,326.85,21.5,12.91,1.17,0.0
20200715:1811,225.75,275.89,14.14,12.63,1.03,0.0
20200715:1911,12.22,26.53,7.31,12.05,1.03,0.0
20200715:2011,0.0,0.0,0.0,11.33,0.97,0.0
20200715:2111,0.0,0.0,0.0,10.56,0.62,0.0
20200715:2211,0.0,0.0,0.0,10.45,0.34,0.0
20200715:2311,0.0,0.0,0.0,9.98,0.07,0.0
20200716:0011,0.0,0.0,0.0,9.4,0.62,0.0
20200716:0111,0.0,0.0,0.0,8.31,0.9,0.0
20200716:0211,0.0,0.0,0.0,6.98,1.17,0.0
20200716:0311,0.0,0.33,2.26,6.29,1.17,0.0
20200716:0411,267.24,312.59,8.45,5.5,1.17,0.0
20200716:0511,489.5,581.31,15.42,6.7,0.69,0.0
20200716:0611,635.44,785.88,22.83,9.05,0.48,0.0
20200716:0711,708.96,896.02,30.35,10.23,0.55,0.0
20200716:0811,543.74,661.89,37.57,11.71,1.72,0.0
20200716:0911,521.95,638.5,43.94,12.62,1.72,0.0
20200716:1011,632.08,786.95,48.8,13.65,1.86,0.0
20200716:1111,532.55,655.96,51.35,14.28,2.21,0.0
20200716:1211,612.7,762.58,51.07,14.98,2.28,0.0
20200716:1311,614.82,766.37,48.01,15.42,2.28,0.0
20200716:1411,350.16,430.42,42.8,15.83,2.34,0.0
20200716:1511,388.34,475.14,36.21,15.7,2.28,0.0
20200716:1611,191.95,241.38,28.91,15.47,2.14,0.0
20200716:1711,23.98,43.11,21.38,14.86,1.93,0.0
20200716:1811,160.43,202.08,14.02,14.14,1.59,0.0
20200716:1911,0.0,4.61,7.18,13.22,1.17,0.0
20200716:2011,0.0,0.0,0.0,12.39,0.97,0.0
20200716:2111,0.0,0.0,0.0,11.34,1.03,0.0
20200716:2211,0.0,0.0,0.0,10.47,0.97,0.0
20200716:2311,0.0,0.0,0.0,9.9,0.9,0.0
20200717:0011,0.0,0.0,0.0,9.75,0.62,0.0
20200717:0111,0.0,0.0,0.0,9.4,0.62,0.0
20200717:0211,0.0,0.0,0.0,8.68,0.76,0.0
20200717:0311,0.0,0.33,2.1,8.04,0.83,0.0
20200717:0411,73.86,99.93,8.29,7.96,0.9,0.0
20200717:0511,20.47,37.58,15.26,8.21,0.97,0.0
20200717:0611,136.06,172.47,22.68,9.57,0.9,0.0
20200717:0711,94.11,126.05,30.2,10.2,1.31,0.0
20200717:0811,95.61,128.22,37.41,11.0,1.72,0.0
20200717:0911,105.43,139.68,43.78,11.56,2.69,0.0
20200717:1011,134.64,173.35,48.63,11.8,3.24,0.0
20200717:1111,124.06,161.48,51.19,12.3,3.59,0.0
20200717:1211,92.61,125.27,50.91,12.49,3.59,0.0
20200717:1311,113.46,149.23,47.86,12.17,3.17,0.0
20200717:1411,103.43,137.59,42.66,11.87,2.48,0.0
20200717:1511,80.0,110.29,36.08,11.47,1.79,0.0
20200717:1611,60.25,86.97,28.78,11.16,1.79,0.0
20200717:1711,22.45,40.49,21.25,10.98,1.52,0.0
20200717:1811,1.84,9.91,13.89,10.86,1.59,0.0
20200717:1911,0.0,3.58,7.04,10.59,1.59,0.0
20200717:2011,0.0,0.0,0.0,10.34,1.45,0.0
20200717:2111,0.0,0.0,0.0,10.1,1.45,0.0
20200717:2211,0.0,0.0,0.0,9.9,1.52,0.0
20200717:2311,0.0,0.0,0.0,9.76,1.52,0.0
20200718:0011,0.0,0.0,0.0,9.55,1.45,0.0
20200718:0111,0.0,0.0,0.0,9.47,1.31,0.0
20200718:0211,0.0,0.0,0.0,9.4,1.38,0.0
20200718:0311,0.0,0.33,1.94,9.31,1.52,0.0
20200718:0411,0.45,6.82,8.13,9.24,1.59,0.0
20200718:0511,4.63,14.9,15.11,9.24,1.59,0.0
20200718:0611,42.53,65.24,22.53,9.29,2.21,0.0
20200718:0711,101.29,133.61,30.05,9.74,2.97,0.0
20200718:0811,110.0,143.91,37.25,10.05,3.1,0.0
20200718:0911,138.89,177.07,43.62,10.26,3.03,0.0
20200718:1011,167.87,210.23,48.46,10.56,3.45,0.0
20200718:1111,145.78,185.17,51.01,10.66,3.52,0.0
20200718:1211,151.64,191.84,50.74,10.58,3.38,0.0
20200718:1311,82.98,113.21,47.7,10.62,3.03,0.0
20200718:1411,72.67,101.33,42.51,10.92,2.9,0.0
20200718:1511,60.41,86.98,35.94,11.02,2.69,0.0
20200718:1611,41.78,64.68,28.64,11.08,2.97,0.0
20200718:1711,37.46,59.42,21.11,10.76,2.41,0.0
20200718:1811,8.4,20.98,13.75,10.55,2.28,0.0
20200718:1911,0.0,3.58,6.9,10.52,1.79,0.0
20200718:2011,0.0,0.0,0.0,10.42,1.86,0.0
20200718:2111,0.0,0.0,0.0,10.33,1.66,0.0
20200718:2211,0.0,0.0,0.0,10.26,1.45,0.0
20200718:2311,0.0,0.0,0.0,10.11,1.52,0.0
20200719:0011,0.0,0.0,0.0,10.01,1.24,0.0
20200719:0111,0.0,0.0,0.0,9.88,1.17,0.0
20200719:0211,0.0,0.0,0.0,9.68,1.17,0.0
20200719:0311,0.0,0.33,1.77,9.35,1.03,0.0
20200719:0411,0.45,6.82,7.97,8.7,1.24,0.0
20200719:0511,23.17,41.11,14.94,8.32,1.1,0.0
20200719:0611,482.54,576.88,22.37,8.51,0.97,0.0
20200719:0711,670.65,814.27,29.89,9.11,1.93,0.0
20200719:0811,614.64,743.35,37.09,9.56,2.0,0.0
20200719:0911,655.44,801.08,43.45,10.59,2.14,0.0
20200719:1011,672.3,831.48,48.28,11.58,1.93,0.0
20200719:1111,389.17,473.09,50.84,12.58,2.14,0.0
20200719:1211,522.07,638.15,50.57,13.1,2.28,0.0
20200719:1311,174.2,220.15,47.54,12.65,2.14,0.0
20200719:1411,113.82,149.11,42.36,10.77,1.79,0.0
20200719:1511,42.5,65.23,35.8,9.59,1.38,0.0
20200719:1611,225.18,271.48,28.5,8.42,1.79,0.0
20200719:1711,194.78,235.66,20.97,7.77,1.66,0.0
20200719:1811,527.9,623.23,13.61,7.94,1.93,0.0
20200719:1911,356.34,418.85,6.75,8.91,1.72,0.0
20200719:2011,0.0,0.0,0.0,7.88,1.79,0.0
20200719:2111,0.0,0.0,0.0,6.64,1.79,0.0
20200719:2211,0.0,0.0,0.0,5.6,1.72,0.0
20200719:2311,0.0,0.0,0.0,4.56,1.72,0.0
20200720:0011,0.0,0.0,0.0,4.07,1.66,0.0
20200720:0111,0.0,0.0,0.0,3.82,1.72,0.0
20200720:0211,0.0,0.0,0.0,3.76,1.79,0.0
20200720:0311,0.0,0.33,1.6,3.72,1.79,0.0
20200720:0411,6.26,17.3,7.8,3.87,1.79,0.0
20200720:0511,291.02,336.5,14.78,4.1,2.07,0.0
20200720:0611,227.64,267.51,22.21,4.46,2.76,0.0
20200720:0711,330.95,385.65,29.72,6.49,3.31,0.0
20200720:0811,182.7,223.42,36.92,7.7,3.52,0.0
20200720:0911,500.62,590.42,43.27,8.9,3.66,0.0
20200720:1011,227.79,277.23,48.1,9.78,3.72,0.0
20200720:1111,430.73,512.68,50.65,10.34,3.72,0.0
20200720:1211,444.88,530.05,50.39,10.53,3.66,0.0
20200720:1311,230.17,281.1,47.37,10.93,3.93,0.0
20200720:1411,424.22,504.14,42.2,11.41,4.21,0.0
20200720:1511,559.84,665.4,35.65,11.22,4.14,0.0
20200720:1611,236.27,284.77,28.36,10.77,3.93,0.0
20200720:1711,289.1,342.03,20.83,10.06,3.72,0.0
20200720:1811,315.97,369.57,13.46,9.0,3.66,0.0
20200720:1911,196.33,234.12,6.59,7.55,2.9,0.0
20200720:2011,0.0,0.0,0.0,6.35,2.69,0.0
20200720:2111,0.0,0.0,0.0,5.23,2.48,0.0
20200720:2211,0.0,0.0,0.0,4.47,2.48,0.0
20200720:2311,0.0,0.0,0.0,3.88,2.48,0.0
20200721:0011,0.0,0.0,0.0,3.38,2.34,0.0
20200721:0111,0.0,0.0,0.0,3.02,2.28,0.0
20200721:0211,0.0,0.0,0.0,2.77,2.07,0.0
20200721:0311,0.0,0.0,0.0,2.77,2.14,0.0
20200721:0411,0.0,4.19,7.63,2.9,2.55,0.0
20200721:0511,332.64,379.79,14.61,3.58,3.31,0.0
20200721:0611,91.58,119.57,22.04,4.87,3.72,0.0
20200721:0711,241.59,284.82,29.56,5.83,3.79,0.0
20200721:0811,377.49,439.94,36.75,7.06,3.86,0.0
20200721:0911,424.96,497.61,43.1,8.01,4.07,0.0
20200721:1011,319.03,378.98,47.92,8.69,3.79,0.0
20200721:1111,366.09,435.05,50.46,9.51,3.79,0.0
20200721:1211,653.48,782.44,50.2,9.99,3.93,0.0
20200721:1311,608.94,726.26,47.19,10.2,4.0,0.0
20200721:1411,313.5,373.0,42.04,9.9,4.21,0.0
20200721:1511,388.39,456.36,35.49,9.3,4.07,0.0
20200721:1611,400.44,468.15,28.2,9.05,4.07,0.0
20200721:1711,124.32,157.31,20.68,8.44,4.07,0.0
20200721:1811,125.67,157.29,13.3,7.61,3.79,0.0
20200721:1911,88.15,114.51,6.43,6.09,3.1,0.0
20200721:2011,0.0,0.0,0.0,4.95,2.62,0.0
20200721:2111,0.0,0.0,0.0,3.93,2.21,0.0
20200721:2211,0.0,0.0,0.0,3.34,2.07,0.0
20200721:2311,0.0,0.0,0.0,2.72,1.86,0.0
20200722:0011,0.0,0.0,0.0,2.33,1.79,0.0
20200722:0111,0.0,0.0,0.0,2.15,1.72,0.0
20200722:0211,0.0,0.0,0.0,1.96,1.79,0.0
20200722:0311,0.0,0.0,0.0,1.7,1.72,0.0
20200722:0411,73.55,96.9,7.45,1.74,1.79,0.0
20200722:0511,272.64,312.44,14.44,1.94,2.48,0.0
20200722:0611,172.37,205.92,21.87,2.8,2.76,0.0
20200722:0711,266.06,311.09,29.38,5.08,3.38,0.0
20200722:0811,592.33,691.84,36.57,6.53,3.72,0.0
20200722:0911,658.42,777.23,42.91,7.75,4.07,0.0
20200722:1011,636.86,754.11,47.73,8.51,4.14,0.0
20200722:1111,741.96,890.99,50.27,9.35,4.14,0.0
20200722:1211,686.8,822.1,50.01,9.72,4.14,0.0
20200722:1311,566.81,672.8,47.01,9.98,4.14,0.0
20200722:1411,467.41,551.13,41.87,9.67,4.07,0.0
20200722:1511,369.71,435.5,35.33,9.5,3.93,0.0
20200722:1611,731.69,875.64,28.05,9.33,3.79,0.0
20200722:1711,652.62,772.7,20.52,8.93,3.59,0.0
20200722:1811,511.81,597.46,13.14,8.42,3.31,0.0
20200722:1911,175.35,211.24,6.27,7.57,2.41,0.0
20200722:2011,0.0,0.0,0.0,6.31,2.14,0.0
20200722:2111,0.0,0.0,0.0,5.1,2.0,0.0
20200722:2211,0.0,0.0,0.0,4.09,1.93,0.0
20200722:2311,0.0,0.0,0.0,3.16,1.86,0.0
20200723:0011,0.0,0.0,0.0,2.17,1.66,0.0
20200723:0111,0.0,0.0,0.0,1.63,1.66,0.0
20200723:0211,0.0,0.0,0.0,1.21,1.72,0.0
20200723:0311,0.0,0.0,0.0,0.87,1.86,0.0
20200723:0411,383.25,433.0,7.27,0.69,1.86,0.0
20200723:0511,598.07,689.15,14.26,1.03,1.72,0.0
20200723:0611,722.79,855.36,21.69,1.8,1.52,0.0
20200723:0711,759.99,922.58,29.21,4.31,1.31,0.0
20200723:0811,803.74,1006.35,36.4,6.61,0.97,0.0
20200723:0911,775.92,977.3,42.73,8.46,0.97,0.0
20200723:1011,842.29,1076.72,47.53,9.81,1.24,0.0
20200723:1111,835.54,1065.35,50.07,10.77,1.52,0.0
20200723:1211,845.73,1083.26,49.81,11.51,1.59,0.0
20200723:1311,819.78,1047.72,46.82,12.06,1.59,0.0
20200723:1411,803.92,1025.02,41.69,12.3,1.59,0.0
20200723:1511,805.91,1030.62,35.16,12.35,1.45,0.0
20200723:1611,595.03,734.06,27.88,12.25,1.24,0.0
20200723:1711,208.83,256.73,20.35,11.9,0.9,0.0
20200723:1811,118.32,152.59,12.97,11.46,0.69,0.0
20200723:1911,2.76,11.75,6.09,11.55,0.83,0.0
20200723:2011,0.0,0.0,0.0,10.28,0.83,0.0
20200723:2111,0.0,0.0,0.0,9.42,0.76,0.0
20200723:2211,0.0,0.0,0.0,8.7,0.76,0.0
20200723:2311,0.0,0.0,0.0,7.57,0.9,0.0
20200724:0011,0.0,0.0,0.0,6.68,1.03,0.0
20200724:0111,0.0,0.0,0.0,6.16,1.03,0.0
20200724:0211,0.0,0.0,0.0,6.04,0.97,0.0
20200724:0311,0.0,0.0,0.0,5.76,1.03,0.0
20200724:0411,0.0,3.66,7.08,5.69,1.03,0.0
20200724:0511,15.63,30.9,14.08,6.39,0.83,0.0
20200724:0611,162.47,201.17,21.52,8.33,0.62,0.0
20200724:0711,697.05,861.7,29.03,8.71,1.03,0.0
20200724:0811,760.16,944.59,36.21,9.34,1.59,0.0
20200724:0911,803.82,1008.44,42.54,10.48,1.86,0.0
20200724:1011,668.66,824.34,47.33,11.85,2.21,0.0
20200724:1111,683.77,846.28,49.86,13.34,2.69,0.0
20200724:1211,671.41,829.42,49.61,14.07,3.03,0.0
20200724:1311,735.54,913.04,46.63,14.35,3.31,0.0
20200724:1411,786.22,979.86,41.51,14.47,3.45,0.0
20200724:1511,761.43,945.13,34.99,14.41,3.38,0.0
20200724:1611,739.3,914.94,27.71,14.2,3.17,0.0
20200724:1711,669.27,818.29,20.18,13.7,3.03,0.0
20200724:1811,574.51,692.78,12.8,12.81,2.69,0.0
20200724:1911,336.36,397.61,5.91,11.19,2.48,0.0
20200724:2011,0.0,0.0,0.0,9.62,2.28,0.0
20200724:2111,0.0,0.0,0.0,8.22,1.93,0.0
20200724:2211,0.0,0.0,0.0,7.09,1.72,0.0
20200724:2311,0.0,0.0,0.0,6.05,1.72,0.0
20200725:0011,0.0,0.0,0.0,5.13,1.66,0.0
20200725:0111,0.0,0.0,0.0,4.36,1.66,0.0
20200725:0211,0.0,0.0,0.0,3.72,1.72,0.0
20200725:0311,0.0,0.0,0.0,3.42,1.72,0.0
20200725:0411,340.68,391.32,6.89,3.95,1.72,0.0
20200725:0511,560.38,655.18,13.9,4.35,1.52,0.0
20200725:0611,584.83,693.33,21.34,5.3,1.24,0.0
20200725:0711,465.42,557.47,28.85,7.23,0.41,0.0
20200725:0811,551.11,672.4,36.02,8.67,0.55,0.0
20200725:0911,812.99,1030.68,42.34,10.46,1.45,0.0
20200725:1011,809.64,1018.81,47.13,11.71,2.14,0.0
20200725:1111,670.62,827.68,49.65,12.61,2.48,0.0
20200725:1211,782.76,982.34,49.4,13.38,2.62,0.0
20200725:1311,554.89,679.15,46.43,13.99,2.69,0.0
20200725:1411,702.61,872.49,41.32,14.64,2.97,0.0
20200725:1511,589.95,720.79,34.8,14.77,3.17,0.0
20200725:1611,680.93,834.87,27.53,14.35,3.38,0.0
20200725:1711,272.56,328.8,20.01,13.49,3.24,0.0
20200725:1811,24.81,43.69,12.62,12.46,3.31,0.0
20200725:1911,0.0,4.08,5.73,11.14,2.97,0.0
20200725:2011,0.0,0.0,0.0,9.67,2.48,0.0
20200725:2111,0.0,0.0,0.0,8.59,2.21,0.0
20200725:2211,0.0,0.0,0.0,8.31,2.55,0.0
20200725:2311,0.0,0.0,0.0,7.96,2.34,0.0
20200726:0011,0.0,0.0,0.0,7.65,1.86,0.0
20200726:0111,0.0,0.0,0.0,7.54,1.45,0.0
20200726:0211,0.0,0.0,0.0,7.5,1.31,0.0
20200726:0311,0.0,0.0,0.0,7.51,1.52,0.0
20200726:0411,0.0,3.13,6.7,7.63,1.66,0.0
20200726:0511,7.62,19.59,13.71,7.86,1.86,0.0
20200726:0611,37.58,59.04,21.15,8.46,2.0,0.0
20200726:0711,55.64,80.84,28.66,9.23,1.86,0.0
20200726:0811,48.34,72.22,35.83,9.64,2.28,0.0
20200726:0911,92.35,123.74,42.14,9.94,2.62,0.0
20200726:1011,83.59,113.78,46.92,10.17,2.62,0.0
20200726:1111,121.78,157.96,49.43,10.29,2.07,0.0
20200726:1211,108.29,142.79,49.18,10.49,1.38,0.0
20200726:1311,99.56,132.92,46.22,10.88,1.24,0.0
20200726:1411,64.15,91.39,41.12,10.76,1.86,0.0
20200726:1511,62.92,89.98,34.62,10.99,2.21,0.0
20200726:1611,41.81,64.56,27.35,10.36,2.55,0.0
20200726:1711,20.0,37.12,19.82,10.19,2.41,0.0
20200726:1811,2.44,11.04,12.44,9.97,2.21,0.0
20200726:1911,0.57,7.14,5.54,9.89,1.66,0.0
20200726:2011,0.0,0.0,0.0,9.52,1.86,0.0
20200726:2111,0.0,0.0,0.0,9.14,1.79,0.0
20200726:2211,0.0,0.0,0.0,8.71,1.72,0.0
20200726:2311,0.0,0.0,0.0,8.31,1.66,0.0
20200727:0011,0.0,0.0,0.0,7.91,2.0,0.0
20200727:0111,0.0,0.0,0.0,7.59,1.86,0.0
20200727:0211,0.0,0.0,0.0,7.32,1.52,0.0
20200727:0311,0.0,0.0,0.0,7.13,1.45,0.0
20200727:0411,0.0,3.13,6.51,7.01,1.17,0.0
20200727:0511,32.36,52.15,13.52,7.26,1.59,0.0
20200727:0611,65.56,91.79,20.96,8.0,2.14,0.0
20200727:0711,138.33,174.91,28.47,9.16,2.14,0.0
20200727:0811,511.47,609.59,35.64,9.82,2.48,0.0
20200727:0911,630.22,759.0,41.94,10.64,3.1,0.0
20200727:1011,146.25,186.18,46.7,11.18,3.24,0.0
20200727:1111,84.9,115.83,49.21,11.5,3.52,0.0
20200727:1211,106.19,140.16,48.96,10.83,2.9,0.0
20200727:1311,100.09,132.91,46.01,10.5,2.9,0.0
20200727:1411,75.71,104.56,40.92,10.29,3.38,0.0
20200727:1511,71.21,99.27,34.42,10.15,3.24,0.0
20200727:1611,90.54,121.35,27.16,9.91,2.97,0.0
20200727:1711,21.06,38.41,19.64,9.46,3.1,0.0
20200727:1811,29.88,49.39,12.24,9.27,4.0,0.0
20200727:1911,21.05,37.7,5.34,9.31,2.69,0.0
20200727:2011,0.0,0.0,0.0,9.06,3.03,0.0
20200727:2111,0.0,0.0,0.0,8.73,2.97,0.0
20200727:2211,0.0,0.0,0.0,8.48,2.76,0.0
20200727:2311,0.0,0.0,0.0,8.36,2.55,0.0
20200728:0011,0.0,0.0,0.0,8.3,2.83,0.0
20200728:0111,0.0,0.0,0.0,8.44,3.1,0.0
20200728:0211,0.0,0.0,0.0,8.74,3.93,0.0
20200728:0311,0.0,0.0,0.0,8.85,3.59,0.0
20200728:0411,0.0,3.65,6.31,8.86,3.93,0.0
20200728:0511,1.67,9.49,13.33,8.76,3.24,0.0
20200728:0611,8.69,21.21,20.77,8.64,2.83,0.0
20200728:0711,13.68,28.38,28.28,9.09,3.03,0.0
20200728:0811,26.03,44.73,35.44,9.31,3.03,0.0
20200728:0911,412.16,489.35,41.73,9.33,2.62,0.0
20200728:1011,116.64,151.7,46.49,10.14,2.83,0.0
20200728:1111,261.5,317.65,48.99,10.6,2.9,0.0
20200728:1211,712.22,869.71,48.74,10.59,2.83,0.0
20200728:1311,186.12,232.11,45.79,11.25,2.62,0.0
20200728:1411,680.64,829.17,40.71,11.44,2.9,0.0
20200728:1511,625.43,752.93,34.22,11.27,3.17,0.0
20200728:1611,425.21,502.58,26.97,11.02,3.52,0.0
20200728:1711,254.9,303.24,19.44,10.04,3.66,0.0
20200728:1811,1.02,8.12,12.05,9.09,3.17,0.0
20200728:1911,101.24,129.51,5.14,7.95,3.03,0.0
20200728:2011,0.0,0.0,0.0,7.11,2.97,0.0
20200728:2111,0.0,0.0,0.0,6.62,2.34,0.0
20200728:2211,0.0,0.0,0.0,6.44,2.28,0.0
20200728:2311,0.0,0.0,0.0,6.28,1.93,0.0
20200729:0011,0.0,0.0,0.0,6.22,1.59,0.0
20200729:0111,0.0,0.0,0.0,6.26,1.52,0.0
20200729:0211,0.0,0.0,0.0,6.33,1.31,0.0
20200729:0311,0.0,0.0,0.0,6.32,1.31,0.0
20200729:0411,0.0,3.65,6.1,6.31,1.24,0.0
20200729:0511,39.79,60.85,13.13,6.32,1.24,0.0
20200729:0611,71.13,97.51,20.58,6.23,1.59,0.0
20200729:0711,75.63,103.32,28.09,6.84,1.31,0.0
20200729:0811,131.51,167.16,35.24,7.56,1.31,0.0
20200729:0911,383.41,454.57,41.52,8.41,2.28,0.0
20200729:1011,308.75,370.19,46.26,9.32,2.48,0.0
20200729:1111,603.42,728.54,48.76,10.69,2.9,0.0
20200729:1211,416.3,499.7,48.51,11.54,3.1,0.0
20200729:1311,110.52,145.76,45.57,12.09,3.38,0.0
20200729:1411,209.95,258.67,40.5,11.9,3.66,0.0
20200729:1511,110.97,145.56,34.02,11.3,3.79,0.0
20200729:1611,65.73,93.16,26.77,10.94,4.14,0.0
20200729:1711,19.47,36.42,19.24,10.36,4.21,0.0
20200729:1811,34.94,55.57,11.84,9.66,3.45,0.0
20200729:1911,0.0,3.73,4.93,8.9,2.55,0.0
20200729:2011,0.0,0.0,0.0,8.08,2.69,0.0
20200729:2111,0.0,0.0,0.0,7.52,2.62,0.0
20200729:2211,0.0,0.0,0.0,7.21,2.41,0.0
20200729:2311,0.0,0.0,0.0,7.07,2.0,0.0
20200730:0011,0.0,0.0,0.0,6.96,2.07,0.0
20200730:0111,0.0,0.0,0.0,6.98,2.28,0.0
20200730:0211,0.0,0.0,0.0,6.89,2.48,0.0
20200730:0311,0.0,0.0,0.0,6.9,2.55,0.0
20200730:0411,0.0,3.13,5.9,6.91,2.48,0.0
20200730:0511,38.33,59.24,12.93,7.32,2.9,0.0
20200730:0611,16.72,32.45,20.38,7.99,3.66,0.0
20200730:0711,40.47,62.56,27.89,8.89,2.69,0.0
20200730:0811,360.82,427.15,35.03,9.2,2.69,0.0
20200730:0911,130.32,166.85,41.3,9.58,2.9,0.0
20200730:1011,86.61,117.21,46.03,10.25,3.24,0.0
20200730:1111,261.77,317.06,48.52,10.58,3.66,0.0
20200730:1211,129.77,167.31,48.27,11.42,4.0,0.0
20200730:1311,221.8,272.34,45.34,11.91,4.28,0.0
20200730:1411,200.71,248.06,40.28,12.03,4.14,0.0
20200730:1511,248.55,301.64,33.81,12.49,4.14,0.0
20200730:1611,385.84,458.14,26.56,12.43,4.0,0.0
20200730:1711,387.13,458.43,19.04,12.19,3.66,0.0
20200730:1811,484.52,572.04,11.64,11.29,3.31,0.0
20200730:1911,1.91,10.06,4.72,10.47,2.83,0.0
20200730:2011,0.0,0.0,0.0,9.46,2.41,0.0
20200730:2111,0.0,0.0,0.0,8.75,2.21,0.0
20200730:2211,0.0,0.0,0.0,8.14,2.21,0.0
20200730:2311,0.0,0.0,0.0,7.75,2.14,0.0
20200731:0011,0.0,0.0,0.0,7.44,2.07,0.0
20200731:0111,0.0,0.0,0.0,7.16,2.07,0.0
20200731:0211,0.0,0.0,0.0,6.75,2.0,0.0
20200731:0311,0.0,0.0,0.0,6.39,1.93,0.0
20200731:0411,255.31,298.19,5.69,5.99,1.79,0.0
20200731:0511,525.0,616.04,12.73,6.16,1.59,0.0
20200731:0611,671.1,812.17,20.18,7.28,1.38,0.0
20200731:0711,729.37,910.32,27.68,9.41,1.03,0.0
20200731:0811,761.06,983.66,34.83,11.87,0.55,0.0
20200731:0911,804.01,1049.29,41.08,14.02,1.03,0.0
20200731:1011,757.32,979.89,45.8,15.29,1.31,0.0
20200731:1111,771.93,1005.66,48.28,16.22,1.38,0.0
20200731:1211,805.35,1057.93,48.03,17.09,1.52,0.0
20200731:1311,769.3,1001.21,45.1,17.81,1.79,0.0
20200731:1411,443.11,552.7,40.05,18.1,1.79,0.0
20200731:1511,702.93,905.46,33.59,18.25,1.72,0.0
20200731:1611,707.63,911.6,26.35,18.17,1.66,0.0
20200731:1711,596.78,754.26,18.83,17.94,1.45,0.0
20200731:1811,181.55,229.45,11.42,17.46,1.17,0.0
20200731:1911,0.0,3.35,4.5,16.35,1.59,0.0
20200731:2011,0.0,0.0,0.0,14.91,1.59,0.0
20200731:2111,0.0,0.0,0.0,13.14,1.59,0.0
20200731:2211,0.0,0.0,0.0,11.74,1.59,0.0
20200731:2311,0.0,0.0,0.0,10.86,1.52,0.0
20200801:0011,0.0,0.0,0.0,10.43,1.38,0.0
20200801:0111,0.0,0.0,0.0,10.52,1.17,0.0
20200801:0211,0.0,0.0,0.0,10.7,0.97,0.0
20200801:0311,0.0,0.0,0.0,10.29,0.97,0.0
20200801:0411,293.83,347.65,5.48,9.33,1.17,0.0
20200801:0511,529.67,634.74,12.52,9.21,1.17,0.0
20200801:0611,641.59,792.84,19.97,11.72,1.24,0.0
20200801:0711,714.42,889.11,27.48,13.1,2.07,0.0
20200801:0811,778.01,969.93,34.61,13.87,2.97,0.0
20200801:0911,810.17,1016.37,40.86,14.69,3.24,0.0
20200801:1011,813.49,1023.15,45.57,15.52,3.45,0.0
20200801:1111,814.97,1026.65,48.03,16.23,3.66,0.0
20200801:1211,796.41,998.51,47.78,16.73,4.07,0.0
20200801:1311,508.94,622.32,44.86,16.96,4.21,0.0
20200801:1411,276.53,341.33,39.82,16.94,4.21,0.0
20200801:1511,382.35,464.23,33.37,16.43,3.93,0.0
20200801:1611,44.67,69.42,26.13,15.59,3.45,0.0
20200801:1711,13.36,28.57,18.61,14.73,2.62,0.0
20200801:1811,6.33,17.95,11.2,13.51,2.41,0.0
20200801:1911,0.0,1.49,4.27,12.65,2.28,0.0
20200801:2011,0.0,0.0,0.0,11.65,2.0,0.0
20200801:2111,0.0,0.0,0.0,10.83,1.52,0.0
20200801:2211,0.0,0.0,0.0,10.27,1.52,0.0
20200801:2311,0.0,0.0,0.0,9.71,1.66,0.0
20200802:0011,0.0,0.0,0.0,9.58,1.45,0.0
20200802:0111,0.0,0.0,0.0,8.94,1.52,0.0
20200802:0211,0.0,0.0,0.0,8.82,1.31,0.0
20200802:0311,0.0,0.0,0.0,9.0,1.1,0.0
20200802:0411,0.0,2.6,5.26,9.16,0.97,0.0
20200802:0511,1.36,8.87,12.31,9.33,0.76,0.0
20200802:0611,249.37,300.31,19.77,9.58,0.76,0.0
20200802:0711,79.6,109.49,27.27,10.45,0.9,0.0
20200802:0811,225.9,277.67,34.4,10.88,0.83,0.0
20200802:0911,178.42,224.07,40.63,10.98,0.83,0.0
20200802:1011,76.06,106.0,45.33,11.63,0.69,0.0
20200802:1111,193.4,243.24,47.78,12.15,0.83,0.0
20200802:1211,432.22,528.51,47.53,12.9,1.52,0.0
20200802:1311,497.6,608.27,44.61,13.25,1.93,0.0
20200802:1411,361.07,437.65,39.59,13.56,2.55,0.0
20200802:1511,221.28,271.86,33.14,12.71,2.97,0.0
20200802:1611,52.06,77.26,25.91,11.55,2.69,0.0
20200802:1711,48.4,72.55,18.39,11.11,3.03,0.0
20200802:1811,11.03,24.88,10.98,10.5,3.03,0.0
20200802:1911,0.0,5.58,4.04,8.99,2.48,0.0
20200802:2011,0.0,0.0,0.0,7.88,2.62,0.0
20200802:2111,0.0,0.0,0.0,6.87,2.55,0.0
20200802:2211,0.0,0.0,0.0,6.29,2.28,0.0
20200802:2311,0.0,0.0,0.0,5.91,2.48,0.0
20200803:0011,0.0,0.0,0.0,5.54,2.48,0.0
20200803:0111,0.0,0.0,0.0,5.22,2.41,0.0
20200803:0211,0.0,0.0,0.0,5.19,2.55,0.0
20200803:0311,0.0,0.0,0.0,5.08,2.76,0.0
20200803:0411,0.0,2.6,5.04,5.44,3.17,0.0
20200803:0511,104.0,132.41,12.1,5.94,3.45,0.0
20200803:0611,142.68,176.06,19.56,6.57,3.72,0.0
20200803:0711,307.2,358.23,27.06,7.11,4.21,0.0
20200803:0811,367.84,429.64,34.18,8.19,4.41,0.0
20200803:0911,467.58,548.97,40.4,9.11,4.28,0.0
20200803:1011,345.45,409.87,45.08,9.62,4.14,0.0
20200803:1111,370.53,440.98,47.53,10.12,3.79,0.0
20200803:1211,537.56,640.47,47.27,10.51,3.79,0.0
20200803:1311,501.97,597.05,44.36,10.71,3.79,0.0
20200803:1411,479.57,569.51,39.34,10.63,3.52,0.0
20200803:1511,424.84,502.16,32.91,10.25,3.38,0.0
20200803:1611,330.67,390.34,25.68,9.81,3.31,0.0
20200803:1711,541.26,637.3,18.16,9.18,3.1,0.0
20200803:1811,453.44,529.54,10.75,8.48,2.69,0.0
20200803:1911,0.0,4.09,3.8,7.83,2.0,0.0
20200803:2011,0.0,0.0,0.0,6.67,1.93,0.0
20200803:2111,0.0,0.0,0.0,5.7,1.79,0.0
20200803:2211,0.0,0.0,0.0,4.97,1.79,0.0
20200803:2311,0.0,0.0,0.0,4.39,1.66,0.0
20200804:0011,0.0,0.0,0.0,3.94,1.72,0.0
20200804:0111,0.0,0.0,0.0,3.57,1.66,0.0
20200804:0211,0.0,0.0,0.0,3.4,1.72,0.0
20200804:0311,0.0,0.0,0.0,3.15,1.86,0.0
20200804:0411,0.0,3.64,4.82,3.01,2.0,0.0
20200804:0511,140.71,170.85,11.88,3.21,2.07,0.0
20200804:0611,320.88,369.29,19.35,3.55,2.21,0.0
20200804:0711,122.19,154.51,26.84,5.65,2.07,0.0
20200804:0811,170.98,210.33,33.96,7.24,2.34,0.0
20200804:0911,397.53,470.71,40.17,8.51,2.41,0.0
20200804:1011,205.91,253.15,44.83,9.53,2.21,0.0
20200804:1111,441.66,529.72,47.27,10.31,2.34,0.0
20200804:1211,224.77,275.5,47.01,10.22,2.41,0.0
20200804:1311,214.37,264.18,44.11,10.61,2.0,0.0
20200804:1411,189.76,236.43,39.1,11.22,1.66,0.0
20200804:1511,276.71,335.16,32.67,11.12,1.52,0.0
20200804:1611,92.09,123.81,25.45,10.9,1.66,0.0
20200804:1711,525.95,631.19,17.93,10.42,1.66,0.0
20200804:1811,501.94,599.07,10.51,10.01,1.52,0.0
20200804:1911,0.0,3.34,3.56,9.28,0.97,0.0
20200804:2011,0.0,0.0,0.0,8.61,1.17,0.0
20200804:2111,0.0,0.0,0.0,7.83,1.45,0.0
20200804:2211,0.0,0.0,0.0,7.31,1.66,0.0
20200804:2311,0.0,0.0,0.0,6.9,2.0,0.0
20200805:0011,0.0,0.0,0.0,6.54,2.14,0.0
20200805:0111,0.0,0.0,0.0,6.17,2.28,0.0
20200805:0211,0.0,0.0,0.0,5.72,2.48,0.0
20200805:0311,0.0,0.0,0.0,5.72,2.28,0.0
20200805:0411,23.01,39.54,4.59,5.79,2.0,0.0
20200805:0511,1.69,9.45,11.66,6.0,2.0,0.0
20200805:0611,15.82,31.06,19.13,6.29,2.14,0.0
20200805:0711,349.3,407.87,26.63,7.44,3.03,0.0
20200805:0811,69.42,96.38,33.73,8.05,3.03,0.0
20200805:0911,122.73,157.65,39.93,8.75,2.9,0.0
20200805:1011,81.73,111.17,44.58,9.23,2.83,0.0
20200805:1111,172.93,215.71,47.0,9.81,2.76,0.0
20200805:1211,158.54,199.7,46.74,10.16,2.62,0.0
20200805:1311,160.35,202.18,43.84,10.71,2.41,0.0
20200805:1411,70.98,99.45,38.84,10.91,2.14,0.0
20200805:1511,115.86,151.49,32.43,11.22,1.86,0.0
20200805:1611,77.15,107.19,25.21,12.37,2.0,0.0
20200805:1711,42.73,66.16,17.69,12.22,1.79,0.0
20200805:1811,31.93,52.3,10.27,12.08,1.24,0.0
20200805:1911,0.0,2.22,3.31,11.18,1.03,0.0
20200805:2011,0.0,0.0,0.0,10.59,1.03,0.0
20200805:2111,0.0,0.0,0.0,10.01,0.97,0.0
20200805:2211,0.0,0.0,0.0,9.7,0.97,0.0
20200805:2311,0.0,0.0,0.0,9.42,0.83,0.0
20200806:0011,0.0,0.0,0.0,9.24,1.03,0.0
20200806:0111,0.0,0.0,0.0,9.19,1.1,0.0
20200806:0211,0.0,0.0,0.0,9.28,1.03,0.0
20200806:0311,0.0,0.0,0.0,9.41,1.03,0.0
20200806:0411,0.85,7.79,4.37,9.51,0.97,0.0
20200806:0511,0.81,7.68,11.44,9.78,0.83,0.0
20200806:0611,77.43,106.31,18.91,10.67,1.31,0.0
20200806:0711,166.22,208.27,26.41,11.43,1.31,0.0
20200806:0811,95.19,128.5,33.5,12.25,1.38,0.0
20200806:0911,273.65,335.33,39.69,12.86,1.66,0.0
20200806:1011,150.74,193.85,44.32,13.63,2.07,0.0
20200806:1111,203.18,256.17,46.73,15.03,2.41,0.0
20200806:1211,187.55,238.57,46.47,15.93,2.83,0.0
20200806:1311,347.59,426.73,43.58,16.22,3.03,0.0
20200806:1411,439.05,538.03,38.59,16.83,3.03,0.0
20200806:1511,683.36,857.23,32.18,16.77,2.62,0.0
20200806:1611,658.8,824.32,24.96,16.22,2.21,0.0
20200806:1711,613.89,762.83,17.44,15.97,2.0,0.0
20200806:1811,477.25,580.8,10.02,15.32,1.93,0.0
20200806:1911,0.0,2.22,3.06,14.56,2.14,0.0
20200806:2011,0.0,0.0,0.0,13.61,1.93,0.0
20200806:2111,0.0,0.0,0.0,12.47,1.66,0.0
20200806:2211,0.0,0.0,0.0,11.44,1.31,0.0
20200806:2311,0.0,0.0,0.0,10.81,1.1,0.0
20200807:0011,0.0,0.0,0.0,10.79,0.97,0.0
20200807:0111,0.0,0.0,0.0,10.63,0.9,0.0
20200807:0211,0.0,0.0,0.0,10.48,0.83,0.0
20200807:0311,0.0,0.0,0.0,10.5,0.76,0.0
20200807:0411,0.0,1.56,4.14,10.49,0.76,0.0
20200807:0511,4.85,15.35,11.22,10.81,0.83,0.0
20200807:0611,28.41,48.21,18.69,11.13,1.1,0.0
20200807:0711,59.39,86.38,26.18,12.41,1.79,0.0
20200807:0811,84.63,116.73,33.27,13.84,2.34,0.0
20200807:0911,173.6,220.31,39.45,14.01,2.14,0.0
20200807:1011,214.75,269.02,44.06,14.93,2.69,0.0
20200807:1111,139.17,181.66,46.46,15.58,2.9,0.0
20200807:1211,149.8,194.43,46.19,15.71,2.41,0.0
20200807:1311,128.55,169.62,43.3,16.07,2.62,0.0
20200807:1411,58.9,87.08,38.32,16.38,2.69,0.0
20200807:1511,111.09,149.16,31.92,16.59,2.55,0.0
20200807:1611,55.23,82.76,24.71,16.46,1.86,0.0
20200807:1711,37.68,60.97,17.19,16.53,1.72,0.0
20200807:1811,5.13,16.13,9.77,16.28,1.1,0.0
20200807:1911,0.0,1.11,2.8,15.67,1.17,0.0
20200807:2011,0.0,0.0,0.0,14.01,1.17,0.0
20200807:2111,0.0,0.0,0.0,12.92,1.24,0.0
20200807:2211,0.0,0.0,0.0,12.36,1.24,0.0
20200807:2311,0.0,0.0,0.0,12.03,1.24,0.0
20200808:0011,0.0,0.0,0.0,11.61,1.17,0.0
20200808:0111,0.0,0.0,0.0,11.31,1.17,0.0
20200808:0211,0.0,0.0,0.0,11.06,1.17,0.0
20200808:0311,0.0,0.0,0.0,10.78,1.1,0.0
20200808:0411,0.0,1.15,3.9,10.31,1.17,0.0
20200808:0511,0.8,7.67,10.99,10.73,1.17,0.0
20200808:0611,16.72,33.01,18.47,12.39,1.17,0.0
20200808:0711,229.13,281.87,25.96,13.41,1.59,0.0
20200808:0811,753.8,956.97,33.04,15.28,2.07,0.0
20200808:0911,731.58,921.02,39.2,17.04,3.1,0.0
20200808:1011,188.13,240.46,43.8,17.92,3.93,0.0
20200808:1111,242.99,303.63,46.18,17.06,4.21,0.0
20200808:1211,521.54,641.33,45.91,16.54,3.31,0.0
20200808:1311,212.75,267.3,43.03,16.11,3.52,0.0
20200808:1411,177.58,226.56,38.05,16.53,3.24,0.0
20200808:1511,461.01,564.0,31.66,16.39,2.69,0.0
20200808:1611,526.35,645.35,24.46,16.07,2.48,0.0
20200808:1711,562.66,690.32,16.94,15.51,2.28,0.0
20200808:1811,380.58,459.15,9.51,14.7,1.93,0.0
20200808:1911,0.0,2.22,2.54,13.31,1.72,0.0
20200808:2011,0.0,0.0,0.0,11.81,1.66,0.0
20200808:2111,0.0,0.0,0.0,10.33,1.66,0.0
20200808:2211,0.0,0.0,0.0,9.15,1.66,0.0
20200808:2311,0.0,0.0,0.0,8.46,1.72,0.0
20200809:0011,0.0,0.0,0.0,7.88,1.93,0.0
20200809:0111,0.0,0.0,0.0,7.18,2.07,0.0
20200809:0211,0.0,0.0,0.0,6.6,2.0,0.0
20200809:0311,0.0,0.0,0.0,6.05,1.86,0.0
20200809:0411,0.65,7.25,3.67,5.8,1.86,0.0
20200809:0511,244.39,287.07,10.77,6.1,1.72,0.0
20200809:0611,388.48,456.44,18.24,7.61,1.52,0.0
20200809:0711,733.28,905.93,25.73,9.04,1.45,0.0
20200809:0811,740.2,931.65,32.8,10.79,1.17,0.0
20200809:0911,750.09,957.32,38.95,12.67,1.17,0.0
20200809:1011,792.46,1021.64,43.53,13.99,1.45,0.0
20200809:1111,813.15,1058.44,45.9,14.9,1.45,0.0
20200809:1211,827.26,1090.61,45.62,15.64,1.24,0.0
20200809:1311,802.79,1053.89,42.74,16.2,1.31,0.0
20200809:1411,780.69,1023.42,37.78,16.59,1.24,0.0
20200809:1511,772.79,1016.29,31.39,16.67,1.03,0.0
20200809:1611,713.34,927.24,24.2,16.63,0.9,0.0
20200809:1711,635.37,808.36,16.68,16.32,0.97,0.0
20200809:1811,464.4,572.84,9.25,15.46,0.76,0.0
20200809:1911,0.0,1.48,2.27,14.89,1.52,0.0
20200809:2011,0.0,0.0,0.0,13.31,1.52,0.0
20200809:2111,0.0,0.0,0.0,11.69,1.52,0.0
20200809:2211,0.0,0.0,0.0,10.95,1.38,0.0
20200809:2311,0.0,0.0,0.0,10.68,1.17,0.0
20200810:0011,0.0,0.0,0.0,10.23,1.1,0.0
20200810:0111,0.0,0.0,0.0,8.91,1.24,0.0
20200810:0211,0.0,0.0,0.0,7.88,1.45,0.0
20200810:0311,0.0,0.0,0.0,7.33,1.52,0.0
20200810:0411,0.18,6.1,3.43,6.53,1.59,0.0
20200810:0511,484.16,569.65,10.53,7.03,1.31,0.0
20200810:0611,627.88,759.26,18.01,8.34,1.31,0.0
20200810:0711,710.72,889.82,25.5,10.7,1.03,0.0
20200810:0811,748.52,952.44,32.56,12.22,1.1,0.0
20200810:0911,694.57,877.22,38.69,12.98,1.24,0.0
20200810:1011,666.87,834.58,43.26,13.73,1.79,0.0
20200810:1111,672.36,847.38,45.62,14.55,1.72,0.0
20200810:1211,766.6,984.77,45.33,14.75,1.59,0.0
20200810:1311,725.51,931.87,42.46,15.1,1.31,0.0
20200810:1411,547.7,685.5,37.5,15.47,1.17,0.0
20200810:1511,602.99,764.22,31.12,15.49,0.83,0.0
20200810:1611,658.04,846.24,23.93,15.46,0.55,0.0
20200810:1711,579.22,731.55,16.41,15.21,0.48,0.0
20200810:1811,355.88,433.71,8.98,14.9,0.83,0.0
20200810:1911,0.0,0.37,2.0,14.72,1.03,0.0
20200810:2011,0.0,0.0,0.0,12.97,0.76,0.0
20200810:2111,0.0,0.0,0.0,12.47,0.76,0.0
20200810:2211,0.0,0.0,0.0,11.68,0.83,0.0
20200810:2311,0.0,0.0,0.0,11.02,0.69,0.0
20200811:0011,0.0,0.0,0.0,10.3,0.9,0.0
20200811:0111,0.0,0.0,0.0,8.38,1.17,0.0
20200811:0211,0.0,0.0,0.0,7.44,1.38,0.0
20200811:0311,0.0,0.0,0.0,7.49,1.31,0.0
20200811:0411,0.0,0.76,3.19,7.34,1.45,0.0
20200811:0511,19.54,36.06,10.3,7.85,1.31,0.0
20200811:0611,138.04,173.25,17.78,8.8,1.17,0.0
20200811:0711,320.51,385.35,25.26,10.54,0.9,0.0
20200811:0811,659.93,835.81,32.32,12.65,0.62,0.0
20200811:0911,718.48,934.68,38.44,14.61,0.55,0.0
20200811:1011,614.61,787.92,42.99,16.36,0.76,0.0
20200811:1111,746.39,984.59,45.33,17.37,0.9,0.0
20200811:1211,749.21,991.3,45.03,18.42,1.03,0.0
20200811:1311,713.61,937.66,42.16,18.83,1.1,0.0
20200811:1411,631.22,819.65,37.22,19.24,0.97,0.0
20200811:1511,673.17,886.01,30.85,19.33,0.69,0.0
20200811:1611,583.77,749.28,23.66,19.18,0.9,0.0
20200811:1711,464.9,582.73,16.15,18.72,0.97,0.0
20200811:1811,322.73,396.95,8.71,17.9,1.38,0.0
20200811:1911,0.0,0.74,1.72,17.07,1.38,0.0
20200811:2011,0.0,0.0,0.0,15.03,1.17,0.0
20200811:2111,0.0,0.0,0.0,14.69,0.83,0.0
20200811:2211,0.0,0.0,0.0,14.37,0.48,0.0
20200811:2311,0.0,0.0,0.0,13.67,0.21,0.0
20200812:0011,0.0,0.0,0.0,13.16,0.07,0.0
20200812:0111,0.0,0.0,0.0,12.67,0.34,0.0
20200812:0211,0.0,0.0,0.0,12.07,0.76,0.0
20200812:0311,0.0,0.0,0.0,11.09,1.03,0.0
20200812:0411,0.0,2.67,2.94,10.39,1.1,0.0
20200812:0511,320.01,381.59,10.07,10.55,0.97,0.0
20200812:0611,516.08,633.56,17.55,11.91,0.48,0.0
20200812:0711,635.62,815.09,25.03,14.65,0.28,0.0
20200812:0811,705.44,923.64,32.08,16.52,0.55,0.0
20200812:0911,745.26,981.53,38.18,17.98,1.03,0.0
20200812:1011,730.55,959.96,42.71,19.12,1.31,0.0
20200812:1111,582.49,751.2,45.03,19.97,1.24,0.0
20200812:1211,600.5,779.1,44.73,20.6,1.24,0.0
20200812:1311,432.9,550.54,41.87,21.05,1.38,0.0
20200812:1411,290.01,368.85,36.93,21.3,1.38,0.0
20200812:1511,592.62,766.0,30.57,21.19,1.31,0.0
20200812:1611,600.84,776.23,23.38,20.56,1.1,0.0
20200812:1711,506.35,638.61,15.87,19.71,1.24,0.0
20200812:1811,423.25,526.32,8.43,18.94,1.1,0.0
20200812:1911,0.0,0.0,0.0,18.23,1.1,0.0
20200812:2011,0.0,0.0,0.0,16.53,0.97,0.0
20200812:2111,0.0,0.0,0.0,15.12,1.17,0.0
20200812:2211,0.0,0.0,0.0,14.28,1.17,0.0
20200812:2311,0.0,0.0,0.0,13.39,1.24,0.0
20200813:0011,0.0,0.0,0.0,12.73,1.24,0.0
20200813:0111,0.0,0.0,0.0,12.12,1.38,0.0
20200813:0211,0.0,0.0,0.0,11.66,1.38,0.0
20200813:0311,0.0,0.0,0.0,11.51,1.24,0.0
20200813:0411,0.0,4.57,2.7,11.24,1.31,0.0
20200813:0511,245.17,294.85,9.83,11.23,1.38,0.0
20200813:0611,40.3,63.42,17.32,13.05,0.97,0.0
20200813:0711,241.48,300.54,24.79,15.58,0.62,0.0
20200813:0811,123.65,164.45,31.83,16.36,0.69,0.0
20200813:0911,589.89,750.3,37.91,17.64,1.24,0.0
20200813:1011,552.07,697.35,42.43,18.52,1.79,0.0
20200813:1111,199.39,256.61,44.73,19.37,2.41,0.0
20200813:1211,738.61,946.69,44.43,19.64,2.97,0.0
20200813:1311,608.57,761.44,41.57,18.93,3.31,0.0
20200813:1411,439.8,543.31,36.64,18.51,2.97,0.0
20200813:1511,549.64,681.22,30.28,17.9,2.76,0.0
20200813:1611,267.47,330.02,23.1,17.58,2.83,0.0
20200813:1711,482.9,592.81,15.59,17.04,2.14,0.0
20200813:1811,124.48,161.56,8.15,16.37,1.72,0.0
20200813:1911,0.0,0.0,0.0,16.01,1.66,0.0
20200813:2011,0.0,0.0,0.0,14.83,1.24,0.0
20200813:2111,0.0,0.0,0.0,13.8,1.1,0.0
20200813:2211,0.0,0.0,0.0,13.11,1.03,0.0
20200813:2311,0.0,0.0,0.0,12.5,1.1,0.0
20200814:0011,0.0,0.0,0.0,12.13,1.1,0.0
20200814:0111,0.0,0.0,0.0,11.74,1.1,0.0
20200814:0211,0.0,0.0,0.0,11.41,1.17,0.0
20200814:0311,0.0,0.0,0.0,11.08,1.24,0.0
20200814:0411,0.0,1.14,2.45,10.61,1.31,0.0
20200814:0511,340.46,404.93,9.59,10.6,1.24,0.0
20200814:0611,588.71,724.89,17.08,12.35,1.1,0.0
20200814:0711,700.96,878.72,24.55,12.63,1.38,0.0
20200814:0811,752.55,964.76,31.58,14.03,1.24,0.0
20200814:0911,775.92,1014.54,37.65,15.5,1.03,0.0
20200814:1011,764.97,1008.38,42.14,16.9,0.97,0.0
20200814:1111,767.65,1010.74,44.43,18.05,1.31,0.0
20200814:1211,800.97,1056.47,44.12,18.86,1.72,0.0
20200814:1311,778.37,1018.56,41.26,19.33,2.0,0.0
20200814:1411,747.63,971.89,36.34,19.53,2.07,0.0
20200814:1511,745.94,968.22,29.99,19.5,2.07,0.0
20200814:1611,681.8,873.07,22.82,19.19,2.0,0.0
20200814:1711,565.09,709.69,15.31,18.63,1.72,0.0
20200814:1811,385.95,474.73,7.87,17.87,1.38,0.0
20200814:1911,0.0,0.0,0.0,16.57,1.52,0.0
20200814:2011,0.0,0.0,0.0,14.56,1.52,0.0
20200814:2111,0.0,0.0,0.0,12.63,1.59,0.0
20200814:2211,0.0,0.0,0.0,11.08,1.59,0.0
20200814:2311,0.0,0.0,0.0,9.84,1.66,0.0
20200815:0011,0.0,0.0,0.0,9.01,1.66,0.0
20200815:0111,0.0,0.0,0.0,8.11,1.66,0.0
20200815:0211,0.0,0.0,0.0,7.35,1.72,0.0
20200815:0311,0.0,0.0,0.0,7.21,1.79,0.0
20200815:0411,0.0,2.28,2.2,6.94,1.86,0.0
20200815:0511,457.81,534.76,9.35,7.43,1.93,0.0
20200815:0611,635.51,762.47,16.84,7.92,1.72,0.0
20200815:0711,718.47,890.68,24.31,10.25,1.45,0.0
20200815:0811,756.37,970.55,31.32,13.75,1.17,0.0
20200815:0911,772.39,1019.42,37.38,16.57,0.9,0.0
20200815:1011,756.23,1013.96,41.85,18.41,0.62,0.0
20200815:1111,754.61,1014.77,44.13,19.61,0.76,0.0
20200815:1211,788.59,1067.71,43.81,20.39,0.97,0.0
20200815:1311,768.74,1031.01,40.95,20.9,1.24,0.0
20200815:1411,736.92,977.22,36.03,21.12,1.45,0.0
20200815:1511,741.14,979.66,29.7,21.13,1.59,0.0
20200815:1611,681.14,884.94,22.53,20.93,1.72,0.0
20200815:1711,582.91,743.16,15.02,20.36,1.52,0.0
20200815:1811,358.59,443.67,7.57,19.35,1.45,0.0
20200815:1911,0.0,0.0,0.0,18.27,1.45,0.0
20200815:2011,0.0,0.0,0.0,15.96,1.79,0.0
20200815:2111,0.0,0.0,0.0,14.09,1.86,0.0
20200815:2211,0.0,0.0,0.0,12.39,1.79,0.0
20200815:2311,0.0,0.0,0.0,11.01,1.86,0.0
20200816:0011,0.0,0.0,0.0,10.04,1.93,0.0
20200816:0111,0.0,0.0,0.0,9.36,1.93,0.0
20200816:0211,0.0,0.0,0.0,8.8,1.93,0.0
20200816:0311,0.0,0.0,0.0,8.32,1.93,0.0
20200816:0411,0.0,1.14,1.95,7.87,1.86,0.0
20200816:0511,474.65,558.52,9.1,8.15,1.66,0.0
20200816:0611,613.63,750.06,16.6,10.68,1.24,0.0
20200816:0711,699.53,894.53,24.06,14.66,0.97,0.0
20200816:0811,739.18,975.39,31.07,17.06,0.69,0.0
20200816:0911,751.73,1010.26,37.1,18.37,0.48,0.0
20200816:1011,756.74,1011.53,41.56,19.24,0.9,0.0
20200816:1111,761.84,1019.98,43.82,19.91,1.03,0.0
20200816:1211,734.5,980.85,43.49,20.46,1.03,0.0
20200816:1311,531.4,685.21,40.64,20.67,0.97,0.0
20200816:1411,259.23,331.3,35.73,20.77,0.9,0.0
20200816:1511,238.72,304.98,29.4,20.57,0.76,0.0
20200816:1611,267.21,338.17,22.23,20.33,0.62,0.0
20200816:1711,100.89,137.75,14.73,19.74,0.76,0.0
20200816:1811,4.97,15.99,7.28,18.7,0.83,0.0
20200816:1911,0.0,0.0,0.0,17.59,1.1,0.0
20200816:2011,0.0,0.0,0.0,16.43,0.76,0.0
20200816:2111,0.0,0.0,0.0,16.07,0.28,0.0
20200816:2211,0.0,0.0,0.0,15.06,0.55,0.0
20200816:2311,0.0,0.0,0.0,14.24,0.69,0.0
20200817:0011,0.0,0.0,0.0,13.69,0.76,0.0
20200817:0111,0.0,0.0,0.0,13.27,0.83,0.0
20200817:0211,0.0,0.0,0.0,12.92,0.83,0.0
20200817:0311,0.0,0.0,0.0,12.22,0.9,0.0
20200817:0411,0.0,0.38,1.69,11.05,0.97,0.0
20200817:0511,343.03,406.8,8.85,9.73,1.03,0.0
20200817:0611,492.19,599.45,16.35,11.29,0.55,0.0
20200817:0711,576.43,729.96,23.81,14.03,0.14,0.0
20200817:0811,560.07,708.02,30.81,16.43,0.83,0.0
20200817:0911,420.14,524.0,36.83,17.87,1.45,0.0
20200817:1011,279.04,351.81,41.27,18.73,1.59,0.0
20200817:1111,146.4,193.91,43.51,19.39,1.66,0.0
20200817:1211,303.01,383.2,43.17,19.74,1.59,0.0
20200817:1311,572.43,732.29,40.32,19.79,1.52,0.0
20200817:1411,364.19,457.02,35.42,19.77,1.59,0.0
20200817:1511,583.78,742.34,29.09,19.47,1.66,0.0
20200817:1611,667.83,856.45,21.93,18.89,1.66,0.0
20200817:1711,472.82,586.24,14.43,18.22,1.66,0.0
20200817:1811,93.99,126.9,6.98,17.33,1.38,0.0
20200817:1911,0.0,0.0,0.0,16.64,1.17,0.0
20200817:2011,0.0,0.0,0.0,15.95,0.83,0.0
20200817:2111,0.0,0.0,0.0,15.83,0.62,0.0
20200817:2211,0.0,0.0,0.0,15.29,0.62,0.0
20200817:2311,0.0,0.0,0.0,14.68,0.62,0.0
20200818:0011,0.0,0.0,0.0,14.03,0.69,0.0
20200818:0111,0.0,0.0,0.0,13.35,0.76,0.0
20200818:0211,0.0,0.0,0.0,12.77,0.83,0.0
20200818:0311,0.0,0.0,0.0,11.87,1.03,0.0
20200818:0411,0.0,0.0,0.0,11.27,1.1,0.0
20200818:0511,228.32,275.85,8.61,11.24,1.03,0.0
20200818:0611,495.72,606.79,16.11,12.43,0.62,0.0
20200818:0711,640.38,814.46,23.56,14.53,0.62,0.0
20200818:0811,694.01,894.14,30.55,16.23,1.03,0.0
20200818:0911,677.59,863.57,36.55,17.21,1.79,0.0
20200818:1011,718.94,914.94,40.97,17.61,2.48,0.0
20200818:1111,639.34,802.77,43.19,17.96,2.9,0.0
20200818:1211,63.17,92.79,42.85,17.63,2.62,0.0
20200818:1311,457.21,566.31,40.0,17.98,2.62,0.0
20200818:1411,435.53,538.0,35.1,17.64,2.34,0.0
20200818:1511,343.61,423.81,28.78,17.7,2.14,0.0
20200818:1611,64.99,94.52,21.63,16.9,2.28,0.0
20200818:1711,14.78,30.74,14.13,15.94,1.86,0.0
20200818:1811,172.07,215.57,6.67,15.26,0.9,0.0
20200818:1911,0.0,0.0,0.0,15.04,1.03,0.0
20200818:2011,0.0,0.0,0.0,13.71,0.83,0.0
20200818:2111,0.0,0.0,0.0,12.99,0.97,0.0
20200818:2211,0.0,0.0,0.0,12.27,1.03,0.0
20200818:2311,0.0,0.0,0.0,12.51,0.83,0.0
20200819:0011,0.0,0.0,0.0,11.98,0.55,0.0
20200819:0111,0.0,0.0,0.0,10.38,0.55,0.0
20200819:0211,0.0,0.0,0.0,9.72,0.76,0.0
20200819:0311,0.0,0.0,0.0,9.13,0.9,0.0
20200819:0411,0.0,0.0,0.0,9.13,1.17,0.0
20200819:0511,6.29,17.65,8.36,9.72,1.03,0.0
20200819:0611,291.4,349.61,15.86,10.42,0.69,0.0
20200819:0711,338.38,408.28,23.31,12.16,1.17,0.0
20200819:0811,154.5,197.29,30.28,13.17,1.1,0.0
20200819:0911,386.97,473.2,36.27,13.83,1.31,0.0
20200819:1011,317.53,391.22,40.67,14.7,1.52,0.0
20200819:1111,355.44,437.82,42.87,15.05,1.66,0.0
20200819:1211,177.36,226.7,42.52,15.61,2.07,0.0
20200819:1311,309.61,382.33,39.67,16.09,2.21,0.0
20200819:1411,133.6,175.48,34.78,16.01,1.86,0.0
20200819:1511,364.06,445.43,28.47,15.67,1.79,0.0
20200819:1611,212.1,263.1,21.32,14.61,1.38,0.0
20200819:1711,29.34,49.85,13.82,14.24,1.1,0.0
20200819:1811,4.42,14.79,6.37,13.78,0.76,0.0
20200819:1911,0.0,0.0,0.0,12.64,0.62,0.0
20200819:2011,0.0,0.0,0.0,12.05,0.28,0.0
20200819:2111,0.0,0.0,0.0,11.63,0.55,0.0
20200819:2211,0.0,0.0,0.0,11.28,0.62,0.0
20200819:2311,0.0,0.0,0.0,10.87,0.41,0.0
20200820:0011,0.0,0.0,0.0,10.1,0.28,0.0
20200820:0111,0.0,0.0,0.0,9.8,0.34,0.0
20200820:0211,0.0,0.0,0.0,9.57,0.28,0.0
20200820:0311,0.0,0.0,0.0,9.5,0.41,0.0
20200820:0411,0.0,0.0,0.0,9.29,0.48,0.0
20200820:0511,130.58,163.84,8.1,9.02,0.55,0.0
20200820:0611,167.11,206.06,15.61,9.81,1.31,0.0
20200820:0711,60.64,87.14,23.06,10.5,1.31,0.0
20200820:0811,384.67,461.92,30.02,11.83,1.93,0.0
20200820:0911,163.24,206.75,35.99,12.85,2.76,0.0
20200820:1011,200.72,250.96,40.36,13.93,3.24,0.0
20200820:1111,453.79,549.93,42.55,14.29,3.31,0.0
20200820:1211,357.01,434.05,42.19,14.32,3.1,0.0
20200820:1311,107.39,143.6,39.34,14.44,3.17,0.0
20200820:1411,56.57,83.43,34.46,14.1,3.17,0.0
20200820:1511,41.09,64.47,28.16,13.64,2.9,0.0
20200820:1611,19.47,36.75,21.01,12.87,2.28,0.0
20200820:1711,42.78,65.78,13.51,12.0,1.93,0.0
20200820:1811,12.7,27.02,6.05,11.85,1.66,0.0
20200820:1911,0.0,0.0,0.0,11.55,1.79,0.0
20200820:2011,0.0,0.0,0.0,11.38,1.72,0.0
20200820:2111,0.0,0.0,0.0,11.33,1.66,0.0
20200820:2211,0.0,0.0,0.0,11.42,1.93,0.0
20200820:2311,0.0,0.0,0.0,11.55,1.93,0.0
20200821:0011,0.0,0.0,0.0,11.58,1.86,0.0
20200821:0111,0.0,0.0,0.0,11.63,1.72,0.0
20200821:0211,0.0,0.0,0.0,11.5,1.59,0.0
20200821:0311,0.0,0.0,0.0,11.5,1.86,0.0
20200821:0411,0.0,0.0,0.0,11.54,1.66,0.0
20200821:0511,0.3,6.47,7.85,11.71,2.21,0.0
20200821:0611,60.72,87.05,15.36,12.0,2.76,0.0
20200821:0711,46.06,70.27,22.8,12.39,2.55,0.0
20200821:0811,51.45,76.71,29.75,12.17,2.28,0.0
20200821:0911,67.84,96.25,35.7,12.51,3.52,0.0
20200821:1011,65.15,93.12,40.05,12.34,2.69,0.0
20200821:1111,52.59,78.13,42.23,12.23,2.69,0.0
20200821:1211,87.29,119.03,41.85,12.1,2.62,0.0
20200821:1311,90.61,123.06,39.0,12.51,2.69,0.0
20200821:1411,249.88,305.17,34.13,13.04,3.1,0.0
20200821:1511,82.66,113.82,27.83,13.01,3.1,0.0
20200821:1611,16.31,32.48,20.7,13.1,3.31,0.0
20200821:1711,72.12,100.22,13.19,12.92,3.31,0.0
20200821:1811,0.0,5.11,5.74,11.49,3.59,0.0
20200821:1911,0.0,0.0,0.0,10.75,2.83,0.0
20200821:2011,0.0,0.0,0.0,10.63,3.03,0.0
20200821:2111,0.0,0.0,0.0,10.43,2.76,0.0
20200821:2211,0.0,0.0,0.0,10.58,2.69,0.0
20200821:2311,0.0,0.0,0.0,10.83,3.1,0.0
20200822:0011,0.0,0.0,0.0,10.93,3.24,0.0
20200822:0111,0.0,0.0,0.0,10.95,3.52,0.0
20200822:0211,0.0,0.0,0.0,10.44,3.31,0.0
20200822:0311,0.0,0.0,0.0,10.21,2.83,0.0
20200822:0411,0.0,0.0,0.0,10.04,3.24,0.0
20200822:0511,0.0,5.29,7.6,9.88,3.45,0.0
20200822:0611,59.31,84.69,15.11,10.17,3.17,0.0
20200822:0711,41.16,63.74,22.54,10.31,2.76,0.0
20200822:0811,62.42,89.23,29.48,10.65,2.62,0.0
20200822:0911,110.97,146.04,35.41,11.4,2.41,0.0
20200822:1011,108.83,144.01,39.74,12.23,2.9,0.0
20200822:1111,338.65,409.72,41.9,12.89,3.03,0.0
20200822:1211,224.48,277.77,41.52,13.1,2.9,0.0
20200822:1311,434.81,518.14,38.67,11.97,3.93,0.0
20200822:1411,127.78,165.11,33.8,12.02,4.07,0.0
20200822:1511,90.97,122.6,27.51,11.57,3.79,0.0
20200822:1611,30.53,50.79,20.38,11.26,3.66,0.0
20200822:1711,154.98,191.7,12.88,10.59,3.17,0.0
20200822:1811,0.44,6.8,5.42,9.93,3.1,0.0
20200822:1911,0.0,0.0,0.0,8.95,3.1,0.0
20200822:2011,0.0,0.0,0.0,8.39,3.03,0.0
20200822:2111,0.0,0.0,0.0,8.14,2.62,0.0
20200822:2211,0.0,0.0,0.0,8.12,2.07,0.0
20200822:2311,0.0,0.0,0.0,8.2,2.07,0.0
20200823:0011,0.0,0.0,0.0,8.37,2.0,0.0
20200823:0111,0.0,0.0,0.0,8.44,2.14,0.0
20200823:0211,0.0,0.0,0.0,8.26,2.14,0.0
20200823:0311,0.0,0.0,0.0,8.2,2.0,0.0
20200823:0411,0.0,0.0,0.0,8.14,2.0,0.0
20200823:0511,5.25,15.87,7.34,8.2,2.55,0.0
20200823:0611,263.07,310.69,14.85,8.7,2.69,0.0
20200823:0711,189.21,230.1,22.28,8.97,2.76,0.0
20200823:0811,656.69,786.62,29.21,9.72,3.1,0.0
20200823:0911,332.94,396.66,35.12,10.32,3.03,0.0
20200823:1011,99.25,131.94,39.43,10.49,2.97,0.0
20200823:1111,538.81,646.19,41.57,11.02,3.03,0.0
20200823:1211,207.69,254.57,41.17,10.16,3.72,0.0
20200823:1311,71.18,99.08,38.32,9.79,3.79,0.0
20200823:1411,70.99,98.84,33.46,9.89,4.14,0.0
20200823:1511,60.46,86.55,27.18,9.88,4.0,0.0
20200823:1611,163.0,200.82,20.05,9.63,3.72,0.0
20200823:1711,230.09,272.62,12.55,8.66,3.59,0.0
20200823:1811,110.26,138.95,5.09,7.52,3.1,0.0
20200823:1911,0.0,0.0,0.0,6.75,3.03,0.0
20200823:2011,0.0,0.0,0.0,5.58,2.9,0.0
20200823:2111,0.0,0.0,0.0,4.75,2.83,0.0
20200823:2211,0.0,0.0,0.0,4.1,2.76,0.0
20200823:2311,0.0,0.0,0.0,3.35,2.62,0.0
20200824:0011,0.0,0.0,0.0,2.84,2.41,0.0
20200824:0111,0.0,0.0,0.0,2.34,2.07,0.0
20200824:0211,0.0,0.0,0.0,1.93,2.0,0.0
20200824:0311,0.0,0.0,0.0,1.6,1.93,0.0
20200824:0411,0.0,0.0,0.0,1.31,2.07,0.0
20200824:0511,84.07,107.89,7.08,1.19,2.0,0.0
20200824:0611,253.07,291.03,14.59,1.61,2.07,0.0
20200824:0711,393.21,450.93,22.02,3.4,2.34,0.0
20200824:0811,722.24,851.04,28.93,4.63,2.97,0.0
20200824:0911,461.04,535.02,34.83,5.65,3.17,0.0
20200824:1011,465.92,543.88,39.12,6.61,3.31,0.0
20200824:1111,612.74,722.82,41.23,7.25,3.45,0.0
20200824:1211,384.94,452.27,40.83,7.58,3.38,0.0
20200824:1311,545.15,641.5,37.98,8.09,3.52,0.0
20200824:1411,537.92,631.08,33.12,8.08,3.59,0.0
20200824:1511,255.99,303.21,26.85,7.96,3.72,0.0
20200824:1611,570.46,665.5,19.72,7.5,3.59,0.0
20200824:1711,508.16,586.54,12.23,6.66,3.52,0.0
20200824:1811,2.96,11.86,4.76,5.66,2.48,0.0
20200824:1911,0.0,0.0,0.0,4.52,2.41,0.0
20200824:2011,0.0,0.0,0.0,3.55,2.14,0.0
20200824:2111,0.0,0.0,0.0,2.83,2.0,0.0
20200824:2211,0.0,0.0,0.0,2.22,1.86,0.0
20200824:2311,0.0,0.0,0.0,1.74,1.86,0.0
20200825:0011,0.0,0.0,0.0,1.4,1.86,0.0
20200825:0111,0.0,0.0,0.0,1.2,1.86,0.0
20200825:0211,0.0,0.0,0.0,1.01,1.66,0.0
20200825:0311,0.0,0.0,0.0,0.88,1.72,0.0
20200825:0411,0.0,0.0,0.0,0.7,1.72,0.0
20200825:0511,6.62,17.63,6.82,0.92,1.66,0.0
20200825:0611,175.99,207.69,14.34,1.38,2.0,0.0
20200825:0711,464.16,532.41,21.76,3.11,2.28,0.0
20200825:0811,284.05,330.75,28.66,4.38,2.76,0.0
20200825:0911,560.75,654.53,34.53,5.75,3.03,0.0
20200825:1011,298.56,352.29,38.8,6.72,3.17,0.0
20200825:1111,388.67,457.23,40.89,7.49,3.03,0.0
20200825:1211,637.11,761.36,40.48,7.97,2.69,0.0
20200825:1311,399.34,473.08,37.63,8.57,2.34,0.0
20200825:1411,300.77,358.63,32.78,8.8,2.0,0.0
20200825:1511,482.26,574.85,26.51,8.76,1.45,0.0
20200825:1611,233.93,281.37,19.39,8.56,0.76,0.0
20200825:1711,347.05,411.6,11.9,8.34,0.48,0.0
20200825:1811,2.23,10.58,4.43,7.93,0.76,0.0
20200825:1911,0.0,0.0,0.0,7.14,0.9,0.0
20200825:2011,0.0,0.0,0.0,5.71,1.24,0.0
20200825:2111,0.0,0.0,0.0,4.95,1.38,0.0
20200825:2211,0.0,0.0,0.0,4.49,1.38,0.0
20200825:2311,0.0,0.0,0.0,4.29,1.45,0.0
20200826:0011,0.0,0.0,0.0,4.3,1.45,0.0
20200826:0111,0.0,0.0,0.0,4.38,1.45,0.0
20200826:0211,0.0,0.0,0.0,4.53,1.31,0.0
20200826:0311,0.0,0.0,0.0,4.53,1.31,0.0
20200826:0411,0.0,0.0,0.0,4.45,1.31,0.0
20200826:0511,1.11,8.23,6.56,4.45,1.52,0.0
20200826:0611,39.94,60.82,14.08,5.13,1.24,0.0
20200826:0711,143.28,177.15,21.49,5.25,1.1,0.0
20200826:0811,242.57,289.33,28.38,6.12,1.1,0.0
20200826:0911,252.24,302.05,34.23,6.8,1.31,0.0
20200826:1011,297.41,355.27,38.48,7.63,1.52,0.0
20200826:1111,226.13,275.57,40.55,8.29,1.31,0.0
20200826:1211,494.25,599.59,40.13,9.04,0.76,0.0
20200826:1311,520.61,637.39,37.28,9.9,0.55,0.0
20200826:1411,496.3,602.25,32.43,10.37,0.97,0.0
20200826:1511,394.2,472.3,26.17,10.67,1.38,0.0
20200826:1611,240.99,290.22,19.06,10.19,1.52,0.0
20200826:1711,227.7,273.59,11.56,9.61,1.1,0.0
20200826:1811,0.0,5.07,4.1,7.85,0.83,0.0
20200826:1911,0.0,0.0,0.0,8.97,0.69,0.0
20200826:2011,0.0,0.0,0.0,8.78,0.62,0.0
20200826:2111,0.0,0.0,0.0,8.06,0.62,0.0
20200826:2211,0.0,0.0,0.0,7.37,0.69,0.0
20200826:2311,0.0,0.0,0.0,6.8,0.83,0.0
20200827:0011,0.0,0.0,0.0,6.11,1.03,0.0
20200827:0111,0.0,0.0,0.0,5.26,1.24,0.0
20200827:0211,0.0,0.0,0.0,4.3,1.31,0.0
20200827:0311,0.0,0.0,0.0,4.14,1.38,0.0
20200827:0411,0.0,0.0,0.0,4.55,1.38,0.0
20200827:0511,119.76,148.46,6.29,4.77,1.31,0.0
20200827:0611,93.75,121.32,13.81,5.05,1.52,0.0
20200827:0711,244.05,288.02,21.22,5.47,1.52,0.0
20200827:0811,490.49,579.72,28.1,6.29,1.24,0.0
20200827:0911,494.03,590.21,33.93,7.17,0.97,0.0
20200827:1011,270.61,326.63,38.15,8.29,0.97,0.0
20200827:1111,235.35,286.92,40.21,8.57,0.97,0.0
20200827:1211,181.04,225.49,39.77,9.1,0.83,0.0
20200827:1311,260.46,316.89,36.92,9.33,0.62,0.0
20200827:1411,109.13,143.33,32.08,9.54,0.55,0.0
20200827:1511,41.58,64.16,25.83,9.5,0.55,0.0
20200827:1611,6.28,17.55,18.72,9.28,0.83,0.0
20200827:1711,3.01,12.04,11.23,9.02,0.83,0.0
20200827:1811,0.0,1.26,3.76,8.46,1.03,0.0
20200827:1911,0.0,0.0,0.0,8.45,0.76,0.0
20200827:2011,0.0,0.0,0.0,7.54,0.9,0.0
20200827:2111,0.0,0.0,0.0,6.7,0.69,0.0
20200827:2211,0.0,0.0,0.0,5.7,0.9,0.0
20200827:2311,0.0,0.0,0.0,5.25,1.1,0.0
20200828:0011,0.0,0.0,0.0,5.49,0.9,0.0
20200828:0111,0.0,0.0,0.0,5.29,1.1,0.0
20200828:0211,0.0,0.0,0.0,5.35,1.1,0.0
20200828:0311,0.0,0.0,0.0,5.59,1.52,0.0
20200828:0411,0.0,0.0,0.0,5.78,1.66,0.0
20200828:0511,0.0,4.11,6.03,5.9,1.52,0.0
20200828:0611,98.21,126.64,13.55,6.09,1.72,0.0
20200828:0711,172.05,209.37,20.96,6.68,1.86,0.0
20200828:0811,86.11,115.33,27.81,7.36,1.93,0.0
20200828:0911,146.98,184.56,33.63,8.06,2.14,0.0
20200828:1011,186.62,230.0,37.83,8.71,2.28,0.0
20200828:1111,233.7,283.65,39.86,8.92,2.28,0.0
20200828:1211,435.86,518.57,39.42,9.67,2.62,0.0
20200828:1311,370.15,440.03,36.56,9.38,2.41,0.0
20200828:1411,84.33,114.09,31.73,9.18,2.83,0.0
20200828:1511,79.43,108.18,25.48,8.5,1.93,0.0
20200828:1611,31.85,51.9,18.38,8.24,1.72,0.0
20200828:1711,11.97,25.96,10.89,8.05,1.38,0.0
20200828:1811,0.6,7.15,3.42,7.84,1.1,0.0
20200828:1911,0.0,0.0,0.0,7.45,1.24,0.0
20200828:2011,0.0,0.0,0.0,6.49,1.31,0.0
20200828:2111,0.0,0.0,0.0,5.97,1.31,0.0
20200828:2211,0.0,0.0,0.0,5.6,1.38,0.0
20200828:2311,0.0,0.0,0.0,5.53,1.52,0.0
20200829:0011,0.0,0.0,0.0,5.41,1.52,0.0
20200829:0111,0.0,0.0,0.0,4.97,1.59,0.0
20200829:0211,0.0,0.0,0.0,4.44,1.59,0.0
20200829:0311,0.0,0.0,0.0,4.51,1.59,0.0
20200829:0411,0.0,0.0,0.0,4.46,1.72,0.0
20200829:0511,58.52,80.81,5.76,4.53,1.72,0.0
20200829:0611,296.57,345.28,13.29,5.71,1.66,0.0
20200829:0711,573.8,684.82,20.68,6.97,1.24,0.0
20200829:0811,604.49,721.84,27.53,7.88,2.0,0.0
20200829:0911,488.66,578.26,33.32,8.78,2.55,0.0
20200829:1011,541.51,647.22,37.5,9.46,2.41,0.0
20200829:1111,491.12,588.74,39.51,10.27,2.28,0.0
20200829:1211,450.15,542.1,39.06,11.0,1.93,0.0
20200829:1311,598.11,735.15,36.2,11.34,1.38,0.0
20200829:1411,653.17,812.87,31.37,11.48,1.1,0.0
20200829:1511,239.94,292.95,25.13,11.47,0.9,0.0
20200829:1611,43.52,67.0,18.03,11.58,0.34,0.0
20200829:1711,330.19,397.99,10.54,11.19,0.14,0.0
20200829:1811,0.08,5.88,3.07,10.54,0.41,0.0
20200829:1911,0.0,0.0,0.0,9.75,0.21,0.0
20200829:2011,0.0,0.0,0.0,9.2,0.41,0.0
20200829:2111,0.0,0.0,0.0,8.55,0.83,0.0
20200829:2211,0.0,0.0,0.0,7.96,0.9,0.0
20200829:2311,0.0,0.0,0.0,7.52,0.9,0.0
20200830:0011,0.0,0.0,0.0,7.13,0.97,0.0
20200830:0111,0.0,0.0,0.0,6.01,1.17,0.0
20200830:0211,0.0,0.0,0.0,4.71,1.38,0.0
20200830:0311,0.0,0.0,0.0,4.47,1.38,0.0
20200830:0411,0.0,0.0,0.0,4.14,1.38,0.0
20200830:0511,0.34,6.46,5.49,4.37,1.31,0.0
20200830:0611,46.19,68.07,13.02,5.29,1.38,0.0
20200830:0711,635.89,754.34,20.41,6.24,2.0,0.0
20200830:0811,714.6,864.2,27.24,7.38,2.0,0.0
20200830:0911,634.78,766.72,33.02,8.59,1.86,0.0
20200830:1011,381.52,456.47,37.17,9.55,1.66,0.0
20200830:1111,479.11,577.2,39.16,9.73,1.45,0.0
20200830:1211,500.37,603.76,38.7,10.4,1.72,0.0
20200830:1311,440.71,527.38,35.84,10.58,2.21,0.0
20200830:1411,466.99,556.11,31.01,10.59,2.62,0.0
20200830:1511,572.63,683.58,24.78,10.31,2.76,0.0
20200830:1611,401.97,474.47,17.69,10.0,2.34,0.0
20200830:1711,10.95,24.63,10.2,9.54,1.86,0.0
20200830:1811,0.0,1.68,2.72,9.06,1.38,0.0
20200830:1911,0.0,0.0,0.0,8.4,1.24,0.0
20200830:2011,0.0,0.0,0.0,7.13,1.1,0.0
20200830:2111,0.0,0.0,0.0,7.34,0.9,0.0
20200830:2211,0.0,0.0,0.0,7.07,0.83,0.0
20200830:2311,0.0,0.0,0.0,7.09,0.69,0.0
20200831:0011,0.0,0.0,0.0,6.84,0.69,0.0
20200831:0111,0.0,0.0,0.0,6.55,0.69,0.0
20200831:0211,0.0,0.0,0.0,5.78,0.55,0.0
20200831:0311,0.0,0.0,0.0,5.16,0.34,0.0
20200831:0411,0.0,0.0,0.0,4.51,0.07,0.0
20200831:0511,13.26,26.97,5.22,4.32,0.34,0.0
20200831:0611,76.69,102.57,12.75,5.06,0.41,0.0
20200831:0711,417.42,489.86,20.14,6.85,1.38,0.0
20200831:0811,369.58,436.25,26.95,7.93,1.66,0.0
20200831:0911,518.11,617.28,32.71,8.74,2.0,0.0
20200831:1011,531.7,638.39,36.83,9.98,2.14,0.0
20200831:1111,601.89,733.95,38.81,10.83,1.86,0.0
20200831:1211,608.29,746.6,38.33,11.41,1.66,0.0
20200831:1311,622.73,766.85,35.47,11.88,1.66,0.0
20200831:1411,410.73,496.34,30.65,12.27,1.59,0.0
20200831:1511,669.74,830.04,24.43,12.17,1.59,0.0
20200831:1611,598.55,732.94,17.33,12.03,1.45,0.0
20200831:1711,429.33,514.79,9.85,11.62,1.17,0.0
20200831:1811,0.0,4.6,2.37,10.64,1.03,0.0
20200831:1911,0.0,0.0,0.0,9.24,1.1,0.0
20200831:2011,0.0,0.0,0.0,9.05,0.76,0.0
20200831:2111,0.0,0.0,0.0,8.51,0.48,0.0
20200831:2211,0.0,0.0,0.0,7.92,0.28,0.0
20200831:2311,0.0,0.0,0.0,7.49,0.41,0.0
20200901:0011,0.0,0.0,0.0,7.24,0.48,0.0
20200901:0111,0.0,0.0,0.0,7.1,0.69,0.0
20200901:0211,0.0,0.0,0.0,6.93,0.83,0.0
20200901:0311,0.0,0.0,0.0,6.66,0.9,0.0
20200901:0411,0.0,0.0,0.0,6.33,1.03,0.0
20200901:0511,151.61,183.57,4.95,5.75,1.03,0.0
20200901:0611,446.0,519.41,12.48,5.09,1.1,0.0
20200901:0711,644.26,772.83,19.86,5.59,1.1,0.0
20200901:0811,711.89,862.56,26.66,6.85,1.66,0.0
20200901:0911,827.86,1016.49,32.39,8.44,2.55,0.0
20200901:1011,782.93,954.19,36.5,9.55,3.03,0.0
20200901:1111,626.72,755.49,38.45,10.82,3.03,0.0
20200901:1211,626.41,759.63,37.96,11.61,2.83,0.0
20200901:1311,626.65,764.08,35.1,12.1,2.48,0.0
20200901:1411,560.4,680.37,30.29,12.41,2.21,0.0
20200901:1511,486.09,586.47,24.07,12.43,1.93,0.0
20200901:1611,526.64,635.34,16.98,12.07,1.86,0.0
20200901:1711,131.58,166.3,9.5,11.5,1.86,0.0
20200901:1811,0.0,0.42,2.02,10.57,1.79,0.0
20200901:1911,0.0,0.0,0.0,9.67,1.45,0.0
20200901:2011,0.0,0.0,0.0,8.8,1.45,0.0
20200901:2111,0.0,0.0,0.0,7.81,1.38,0.0
20200901:2211,0.0,0.0,0.0,7.42,1.1,0.0
20200901:2311,0.0,0.0,0.0,7.64,0.97,0.0
20200902:0011,0.0,0.0,0.0,7.48,0.9,0.0
20200902:0111,0.0,0.0,0.0,7.33,0.83,0.0
20200902:0211,0.0,0.0,0.0,6.66,0.83,0.0
20200902:0311,0.0,0.0,0.0,6.16,0.9,0.0
20200902:0411,0.0,0.0,0.0,5.16,0.83,0.0
20200902:0511,332.72,384.85,4.68,4.94,0.83,0.0
20200902:0611,547.1,644.38,12.21,5.66,1.24,0.0
20200902:0711,717.48,863.82,19.58,6.01,1.72,0.0
20200902:0811,803.82,984.72,26.37,6.63,1.86,0.0
20200902:0911,742.74,903.05,32.08,8.19,2.28,0.0
20200902:1011,723.2,874.45,36.16,9.73,3.17,0.0
20200902:1111,397.8,472.25,38.09,10.45,3.59,0.0
20200902:1211,469.21,557.39,37.59,11.03,3.79,0.0
20200902:1311,257.12,311.11,34.73,11.46,3.72,0.0
20200902:1411,228.56,278.02,29.92,11.52,3.52,0.0
20200902:1511,571.18,682.04,23.71,11.14,3.1,0.0
20200902:1611,279.39,332.09,16.62,10.62,2.83,0.0
20200902:1711,493.45,580.01,9.14,9.99,2.9,0.0
20200902:1811,0.0,0.83,1.66,9.2,2.76,0.0
20200902:1911,0.0,0.0,0.0,8.48,2.62,0.0
20200902:2011,0.0,0.0,0.0,7.86,2.48,0.0
20200902:2111,0.0,0.0,0.0,7.44,2.34,0.0
20200902:2211,0.0,0.0,0.0,7.22,2.14,0.0
20200902:2311,0.0,0.0,0.0,6.87,2.0,0.0
20200903:0011,0.0,0.0,0.0,6.54,1.93,0.0
20200903:0111,0.0,0.0,0.0,5.99,1.86,0.0
20200903:0211,0.0,0.0,0.0,5.33,1.72,0.0
20200903:0311,0.0,0.0,0.0,4.76,1.79,0.0
20200903:0411,0.0,0.0,0.0,4.3,2.0,0.0
20200903:0511,1.11,8.22,4.41,4.37,2.21,0.0
20200903:0611,1.59,9.2,11.94,5.23,2.76,0.0
20200903:0711,10.17,23.17,19.3,6.24,3.52,0.0
20200903:0811,20.77,37.59,26.08,6.89,3.52,0.0
20200903:0911,44.01,66.45,31.77,7.77,4.14,0.0
20200903:1011,45.35,68.19,35.82,8.18,4.07,0.0
20200903:1111,61.98,87.82,37.73,8.24,3.86,0.0
20200903:1211,86.87,116.27,37.22,7.7,3.59,0.0
20200903:1311,66.63,92.82,34.36,7.25,3.86,0.0
20200903:1411,18.07,34.12,29.55,7.34,3.86,0.0
20200903:1511,35.59,56.21,23.34,7.26,3.38,0.0
20200903:1611,13.43,27.88,16.27,7.31,3.31,0.0
20200903:1711,195.09,232.39,8.78,7.26,2.76,0.0
20200903:1811,0.0,0.0,0.0,7.28,2.55,0.0
20200903:1911,0.0,0.0,0.0,7.79,2.41,0.0
20200903:2011,0.0,0.0,0.0,7.75,1.86,0.0
20200903:2111,0.0,0.0,0.0,7.75,1.93,0.0
20200903:2211,0.0,0.0,0.0,7.82,1.52,0.0
20200903:2311,0.0,0.0,0.0,7.86,1.45,0.0
20200904:0011,0.0,0.0,0.0,7.88,1.31,0.0
20200904:0111,0.0,0.0,0.0,7.88,1.1,0.0
20200904:0211,0.0,0.0,0.0,7.76,1.38,0.0
20200904:0311,0.0,0.0,0.0,7.61,1.31,0.0
20200904:0411,0.0,0.0,0.0,7.31,1.86,0.0
20200904:0511,0.78,7.56,4.14,7.19,2.21,0.0
20200904:0611,325.58,378.02,11.67,7.21,2.76,0.0
20200904:0711,534.38,626.29,19.02,7.38,2.55,0.0
20200904:0811,757.87,907.26,25.78,7.54,3.17,0.0
20200904:0911,152.53,190.05,31.45,8.34,4.07,0.0
20200904:1011,126.38,161.73,35.48,9.29,4.62,0.0
20200904:1111,178.65,220.97,37.37,9.8,4.48,0.0
20200904:1211,129.86,166.08,36.84,9.44,3.72,0.0
20200904:1311,90.37,120.89,33.98,9.28,4.41,0.0
20200904:1411,17.94,34.1,29.18,8.65,4.28,0.0
20200904:1511,40.98,62.99,22.98,8.42,3.72,0.0
20200904:1611,77.44,104.43,15.9,7.6,3.31,0.0
20200904:1711,86.42,113.18,8.42,7.23,3.03,0.0
20200904:1811,0.0,0.0,0.0,6.37,3.03,0.0
20200904:1911,0.0,0.0,0.0,5.4,2.55,0.0
20200904:2011,0.0,0.0,0.0,4.87,2.62,0.0
20200904:2111,0.0,0.0,0.0,4.49,2.34,0.0
20200904:2211,0.0,0.0,0.0,4.12,2.14,0.0
20200904:2311,0.0,0.0,0.0,3.81,2.14,0.0
20200905:0011,0.0,0.0,0.0,3.74,2.28,0.0
20200905:0111,0.0,0.0,0.0,3.39,1.93,0.0
20200905:0211,0.0,0.0,0.0,3.23,1.86,0.0
20200905:0311,0.0,0.0,0.0,3.24,1.86,0.0
20200905:0411,0.0,0.0,0.0,3.78,2.07,0.0
20200905:0511,1.66,9.34,3.86,4.0,2.14,0.0
20200905:0611,28.13,46.36,11.39,4.33,3.17,0.0
20200905:0711,173.66,208.78,18.74,5.15,2.97,0.0
20200905:0811,203.39,242.54,25.48,5.52,3.38,0.0
20200905:0911,62.21,87.24,31.13,5.91,3.59,0.0
20200905:1011,205.7,247.25,35.13,6.07,3.86,0.0
20200905:1111,139.75,174.94,37.01,6.4,3.86,0.0
20200905:1211,147.52,183.99,36.47,7.03,4.0,0.0
20200905:1311,121.3,154.47,33.6,6.8,3.93,0.0
20200905:1411,358.73,416.66,28.8,7.0,4.14,0.0
20200905:1511,186.98,225.01,22.61,6.8,4.0,0.0
20200905:1611,33.0,52.85,15.54,6.18,3.72,0.0
20200905:1711,4.46,14.41,8.06,5.31,3.45,0.0
20200905:1811,0.0,0.0,0.0,4.49,3.1,0.0
20200905:1911,0.0,0.0,0.0,3.76,2.48,0.0
20200905:2011,0.0,0.0,0.0,3.44,2.14,0.0
20200905:2111,0.0,0.0,0.0,3.22,2.07,0.0
20200905:2211,0.0,0.0,0.0,3.06,2.14,0.0
20200905:2311,0.0,0.0,0.0,2.84,1.93,0.0
20200906:0011,0.0,0.0,0.0,2.81,2.07,0.0
20200906:0111,0.0,0.0,0.0,2.97,1.86,0.0
20200906:0211,0.0,0.0,0.0,2.65,2.14,0.0
20200906:0311,0.0,0.0,0.0,2.44,2.14,0.0
20200906:0411,0.0,0.0,0.0,2.37,2.14,0.0
20200906:0511,0.83,7.56,3.58,2.48,2.07,0.0
20200906:0611,596.3,685.24,11.11,2.67,2.48,0.0
20200906:0711,524.24,601.56,18.46,3.96,2.97,0.0
20200906:0811,368.52,424.26,25.18,5.23,3.66,0.0
20200906:0911,392.16,454.54,30.81,6.38,3.79,0.0
20200906:1011,189.2,230.21,34.79,7.12,3.66,0.0
20200906:1111,440.91,516.73,36.64,7.9,3.52,0.0
20200906:1211,283.94,337.71,36.09,8.47,3.59,0.0
20200906:1311,248.11,297.0,33.22,8.72,3.79,0.0
20200906:1411,40.42,62.44,28.42,8.97,4.0,0.0
20200906:1511,239.93,285.14,22.24,8.73,4.14,0.0
20200906:1611,103.35,133.31,15.17,8.21,4.0,0.0
20200906:1711,26.72,44.74,7.7,7.39,3.1,0.0
20200906:1811,0.0,0.0,0.0,6.29,2.62,0.0
20200906:1911,0.0,0.0,0.0,5.01,2.34,0.0
20200906:2011,0.0,0.0,0.0,4.22,2.07,0.0
20200906:2111,0.0,0.0,0.0,3.51,1.93,0.0
20200906:2211,0.0,0.0,0.0,2.82,1.86,0.0
20200906:2311,0.0,0.0,0.0,2.54,1.79,0.0
20200907:0011,0.0,0.0,0.0,2.47,1.79,0.0
20200907:0111,0.0,0.0,0.0,2.18,1.52,0.0
20200907:0211,0.0,0.0,0.0,2.09,1.52,0.0
20200907:0311,0.0,0.0,0.0,1.95,1.66,0.0
20200907:0411,0.0,0.0,0.0,1.91,1.79,0.0
20200907:0511,0.0,1.78,3.31,2.04,1.72,0.0
20200907:0611,40.11,60.0,10.84,2.26,1.45,0.0
20200907:0711,156.62,189.6,18.17,3.47,1.45,0.0
20200907:0811,366.26,425.59,24.88,4.45,1.45,0.0
20200907:0911,233.11,277.72,30.48,5.63,1.86,0.0
20200907:1011,130.04,164.43,34.44,6.42,2.55,0.0
20200907:1111,152.41,189.5,36.27,6.82,3.24,0.0
20200907:1211,186.72,227.65,35.71,7.01,3.38,0.0
20200907:1311,70.17,96.96,32.84,7.31,3.45,0.0
20200907:1411,88.05,117.52,28.05,7.72,3.79,0.0
20200907:1511,443.65,514.42,21.86,7.52,3.66,0.0
20200907:1611,3.71,13.18,14.8,7.1,4.21,0.0
20200907:1711,0.0,5.0,7.33,6.63,4.21,0.0
20200907:1811,0.0,0.0,0.0,6.33,3.31,0.0
20200907:1911,0.0,0.0,0.0,6.37,2.83,0.0
20200907:2011,0.0,0.0,0.0,6.75,2.76,0.0
20200907:2111,0.0,0.0,0.0,7.14,2.69,0.0
20200907:2211,0.0,0.0,0.0,7.64,2.62,0.0
20200907:2311,0.0,0.0,0.0,8.09,3.24,0.0
20200908:0011,0.0,0.0,0.0,8.01,4.34,0.0
20200908:0111,0.0,0.0,0.0,6.94,4.21,0.0
20200908:0211,0.0,0.0,0.0,5.84,4.0,0.0
20200908:0311,0.0,0.0,0.0,5.25,4.0,0.0
20200908:0411,0.0,0.0,0.0,4.9,3.59,0.0
20200908:0511,0.0,0.89,3.03,4.63,3.24,0.0
20200908:0611,2.26,10.52,10.56,5.13,3.31,0.0
20200908:0711,585.15,675.2,17.88,6.32,4.28,0.0
20200908:0811,386.76,446.8,24.58,7.49,4.97,0.0
20200908:0911,57.37,82.28,30.16,8.19,5.66,0.0
20200908:1011,245.75,293.41,34.09,8.99,6.0,0.0
20200908:1111,107.68,140.53,35.9,9.46,6.14,0.0
20200908:1211,157.94,196.91,35.33,9.38,5.93,0.0
20200908:1311,83.51,113.08,32.45,9.7,6.0,0.0
20200908:1411,34.3,55.08,27.66,9.67,5.86,0.0
20200908:1511,17.27,33.28,21.49,9.3,5.45,0.0
20200908:1611,22.59,40.19,14.43,8.51,5.17,0.0
20200908:1711,0.49,6.86,6.96,7.67,4.21,0.0
20200908:1811,0.0,0.0,0.0,7.11,4.14,0.0
20200908:1911,0.0,0.0,0.0,6.64,3.66,0.0
20200908:2011,0.0,0.0,0.0,6.52,3.59,0.0
20200908:2111,0.0,0.0,0.0,6.36,3.31,0.0
20200908:2211,0.0,0.0,0.0,6.12,3.45,0.0
20200908:2311,0.0,0.0,0.0,6.09,3.31,0.0
20200909:0011,0.0,0.0,0.0,6.0,2.9,0.0
20200909:0111,0.0,0.0,0.0,5.92,2.69,0.0
20200909:0211,0.0,0.0,0.0,5.46,2.14,0.0
20200909:0311,0.0,0.0,0.0,5.15,1.17,0.0
20200909:0411,0.0,0.0,0.0,5.15,0.76,0.0
20200909:0511,0.0,0.89,2.75,5.24,0.55,0.0
20200909:0611,39.98,60.56,10.28,5.29,0.97,0.0
20200909:0711,33.02,52.87,17.6,5.78,0.9,0.0
20200909:0811,77.35,104.81,24.28,6.28,1.93,0.0
20200909:0911,86.53,115.54,29.83,6.94,2.97,0.0
20200909:1011,507.45,591.89,33.74,7.74,4.07,0.0
20200909:1111,215.98,260.82,35.53,8.31,4.48,0.0
20200909:1211,30.24,49.79,34.94,8.09,5.03,0.0
20200909:1311,135.48,170.82,32.06,7.92,4.69,0.0
20200909:1411,138.9,173.53,27.28,7.25,4.76,0.0
20200909:1511,307.76,356.63,21.11,6.66,4.55,0.0
20200909:1611,167.35,201.22,14.06,5.97,4.28,0.0
20200909:1711,6.76,18.07,6.59,5.16,3.72,0.0
20200909:1811,0.0,0.0,0.0,4.31,3.79,0.0
20200909:1911,0.0,0.0,0.0,3.59,3.45,0.0
20200909:2011,0.0,0.0,0.0,2.9,2.97,0.0
20200909:2111,0.0,0.0,0.0,2.53,2.83,0.0
20200909:2211,0.0,0.0,0.0,2.24,2.69,0.0
20200909:2311,0.0,0.0,0.0,2.03,2.76,0.0
20200910:0011,0.0,0.0,0.0,2.0,3.03,0.0
20200910:0111,0.0,0.0,0.0,1.78,3.03,0.0
20200910:0211,0.0,0.0,0.0,1.62,2.97,0.0
20200910:0311,0.0,0.0,0.0,1.52,3.03,0.0
20200910:0411,0.0,0.0,0.0,1.36,2.83,0.0
20200910:0511,0.0,0.89,2.47,1.06,2.69,0.0
20200910:0611,228.33,262.4,10.0,1.29,2.55,0.0
20200910:0711,667.89,768.83,17.31,2.45,3.17,0.0
20200910:0811,743.15,864.73,23.97,3.64,3.72,0.0
20200910:0911,800.07,945.37,29.5,4.59,3.52,0.0
20200910:1011,795.5,944.2,33.39,5.55,3.59,0.0
20200910:1111,755.47,893.54,35.16,6.1,3.79,0.0
20200910:1211,654.54,766.61,34.55,6.63,4.07,0.0
20200910:1311,91.37,120.65,31.67,6.43,4.07,0.0
20200910:1411,34.09,54.2,26.9,6.53,4.07,0.0
20200910:1511,88.5,116.71,20.73,6.14,3.72,0.0
20200910:1611,18.55,34.57,13.69,5.58,3.03,0.0
20200910:1711,15.29,29.84,6.22,5.08,2.28,0.0
20200910:1811,0.0,0.0,0.0,4.44,1.72,0.0
20200910:1911,0.0,0.0,0.0,3.59,1.66,0.0
20200910:2011,0.0,0.0,0.0,3.17,1.52,0.0
20200910:2111,0.0,0.0,0.0,2.91,1.59,0.0
20200910:2211,0.0,0.0,0.0,2.83,1.66,0.0
20200910:2311,0.0,0.0,0.0,2.53,1.66,0.0
20200911:0011,0.0,0.0,0.0,2.26,1.38,0.0
20200911:0111,0.0,0.0,0.0,1.99,1.1,0.0
20200911:0211,0.0,0.0,0.0,1.87,0.97,0.0
20200911:0311,0.0,0.0,0.0,2.08,0.97,0.0
20200911:0411,0.0,0.0,0.0,2.41,1.24,0.0
20200911:0511,0.0,0.44,2.19,2.93,1.72,0.0
20200911:0611,4.96,15.12,9.72,3.33,1.86,0.0
20200911:0711,35.76,55.77,17.02,4.07,2.41,0.0
20200911:0811,50.17,72.88,23.66,4.42,2.41,0.0
20200911:0911,107.34,137.98,29.17,5.04,2.76,0.0
20200911:1011,83.34,111.45,33.03,5.9,3.17,0.0
20200911:1111,25.75,43.92,34.78,6.52,3.45,0.0
20200911:1211,69.49,96.07,34.17,7.1,4.0,0.0
20200911:1311,43.25,65.4,31.28,7.07,3.66,0.0
20200911:1411,28.7,47.7,26.51,7.25,3.86,0.0
20200911:1511,49.8,73.17,20.35,7.1,3.52,0.0
20200911:1611,6.22,17.26,13.31,6.32,3.38,0.0
20200911:1711,2.26,10.56,5.84,6.09,3.31,0.0
20200911:1811,0.0,0.0,0.0,5.94,3.24,0.0
20200911:1911,0.0,0.0,0.0,5.99,2.76,0.0
20200911:2011,0.0,0.0,0.0,6.04,2.69,0.0
20200911:2111,0.0,0.0,0.0,6.18,2.97,0.0
20200911:2211,0.0,0.0,0.0,5.97,3.1,0.0
20200911:2311,0.0,0.0,0.0,5.47,3.03,0.0
20200912:0011,0.0,0.0,0.0,4.95,3.03,0.0
20200912:0111,0.0,0.0,0.0,4.81,2.9,0.0
20200912:0211,0.0,0.0,0.0,4.54,2.48,0.0
20200912:0311,0.0,0.0,0.0,4.15,2.41,0.0
20200912:0411,0.0,0.0,0.0,4.15,2.07,0.0
20200912:0511,0.0,0.44,1.9,4.22,2.14,0.0
20200912:0611,519.29,595.84,9.43,4.46,2.76,0.0
20200912:0711,23.23,40.56,16.72,5.32,1.93,0.0
20200912:0811,48.57,71.32,23.35,5.71,3.31,0.0
20200912:0911,93.74,123.07,28.84,5.56,2.69,0.0
20200912:1011,195.66,236.58,32.68,6.34,3.24,0.0
20200912:1111,374.54,437.25,34.4,6.22,2.97,0.0
20200912:1211,291.91,344.05,33.78,6.79,3.31,0.0
20200912:1311,65.96,91.7,30.89,6.35,4.07,0.0
20200912:1411,197.73,235.53,26.12,4.89,4.28,0.0
20200912:1511,238.96,278.52,19.97,4.36,3.79,0.0
20200912:1611,554.52,632.94,12.93,4.07,3.72,0.0
20200912:1711,63.68,86.07,5.47,3.55,3.45,0.0
20200912:1811,0.0,0.0,0.0,2.94,4.0,0.0
20200912:1911,0.0,0.0,0.0,3.14,4.69,0.0
20200912:2011,0.0,0.0,0.0,3.08,4.41,0.0
20200912:2111,0.0,0.0,0.0,3.21,4.9,0.0
20200912:2211,0.0,0.0,0.0,3.15,4.9,0.0
20200912:2311,0.0,0.0,0.0,2.98,4.83,0.0
20200913:0011,0.0,0.0,0.0,3.19,4.9,0.0
20200913:0111,0.0,0.0,0.0,3.27,4.69,0.0
20200913:0211,0.0,0.0,0.0,3.24,3.79,0.0
20200913:0311,0.0,0.0,0.0,3.1,2.76,0.0
20200913:0411,0.0,0.0,0.0,2.82,1.93,0.0
20200913:0511,0.0,0.44,1.62,2.56,1.72,0.0
20200913:0611,9.32,21.69,9.15,2.63,1.59,0.0
20200913:0711,31.47,50.71,16.43,4.71,2.48,0.0
20200913:0811,73.76,100.29,23.04,5.8,3.86,0.0
20200913:0911,120.7,153.19,28.51,6.29,3.93,0.0
20200913:1011,102.22,133.08,32.32,6.57,3.45,0.0
20200913:1111,332.16,389.71,34.03,6.77,3.03,0.0
20200913:1211,124.36,158.4,33.39,6.92,2.55,0.0
20200913:1311,75.17,102.7,30.5,6.99,2.28,0.0
20200913:1411,27.97,46.84,25.73,7.3,2.62,0.0
20200913:1511,63.08,88.65,19.59,7.54,2.69,0.0
20200913:1611,21.41,38.58,12.56,7.64,2.41,0.0
20200913:1711,315.03,367.06,5.09,7.52,1.59,0.0
20200913:1811,0.0,0.0,0.0,7.42,1.45,0.0
20200913:1911,0.0,0.0,0.0,7.87,1.66,0.0
20200913:2011,0.0,0.0,0.0,8.02,1.86,0.0
20200913:2111,0.0,0.0,0.0,8.2,2.14,0.0
20200913:2211,0.0,0.0,0.0,8.44,2.41,0.0
20200913:2311,0.0,0.0,0.0,8.63,2.14,0.0
20200914:0011,0.0,0.0,0.0,8.66,2.0,0.0
20200914:0111,0.0,0.0,0.0,8.8,2.0,0.0
20200914:0211,0.0,0.0,0.0,9.01,2.14,0.0
20200914:0311,0.0,0.0,0.0,9.22,2.41,0.0
20200914:0411,0.0,0.0,0.0,9.41,2.48,0.0
20200914:0511,0.0,0.0,0.0,9.54,2.55,0.0
20200914:0611,9.39,22.35,8.86,9.84,2.69,0.0
20200914:0711,32.32,52.88,16.14,10.47,2.9,0.0
20200914:0811,75.42,104.28,22.73,10.84,2.97,0.0
20200914:0911,44.67,68.21,28.18,11.13,2.62,0.0
20200914:1011,68.64,96.8,31.96,11.46,3.72,0.0
20200914:1111,76.64,106.3,33.65,11.74,3.79,0.0
20200914:1211,284.78,342.91,33.0,12.21,4.21,0.0
20200914:1311,136.79,175.63,30.11,12.6,4.21,0.0
20200914:1411,52.68,78.28,25.34,12.83,4.07,0.0
20200914:1511,27.67,47.39,19.2,12.59,3.72,0.0
20200914:1611,16.28,32.34,12.18,12.11,2.76,0.0
20200914:1711,51.29,74.39,4.71,11.43,2.28,0.0
20200914:1811,0.0,0.0,0.0,10.66,2.0,0.0
20200914:1911,0.0,0.0,0.0,9.61,1.79,0.0
20200914:2011,0.0,0.0,0.0,9.02,1.45,0.0
20200914:2111,0.0,0.0,0.0,8.61,1.38,0.0
20200914:2211,0.0,0.0,0.0,8.34,1.31,0.0
20200914:2311,0.0,0.0,0.0,8.0,1.24,0.0
20200915:0011,0.0,0.0,0.0,7.62,1.24,0.0
20200915:0111,0.0,0.0,0.0,7.39,1.17,0.0
20200915:0211,0.0,0.0,0.0,7.44,1.17,0.0
20200915:0311,0.0,0.0,0.0,7.51,1.17,0.0
20200915:0411,0.0,0.0,0.0,7.44,1.03,0.0
20200915:0511,0.0,0.0,0.0,7.28,0.9,0.0
20200915:0611,10.42,23.66,8.58,7.3,0.83,0.0
20200915:0711,66.35,92.56,15.84,8.47,0.69,0.0
20200915:0811,216.12,262.87,22.42,9.15,0.55,0.0
20200915:0911,72.68,101.49,27.84,10.33,0.48,0.0
20200915:1011,251.87,308.86,31.6,11.21,0.55,0.0
20200915:1111,285.44,349.95,33.27,12.37,0.76,0.0
20200915:1211,642.1,805.95,32.6,13.19,1.03,0.0
20200915:1311,484.1,590.02,29.71,13.41,1.66,0.0
20200915:1411,77.2,107.68,24.95,13.27,2.07,0.0
20200915:1511,208.93,256.48,18.82,12.7,1.72,0.0
20200915:1611,98.5,129.92,11.8,12.19,1.66,0.0
20200915:1711,1.53,9.27,4.33,11.5,1.24,0.0
20200915:1811,0.0,0.0,0.0,10.34,1.38,0.0
20200915:1911,0.0,0.0,0.0,9.23,1.52,0.0
20200915:2011,0.0,0.0,0.0,8.66,1.59,0.0
20200915:2111,0.0,0.0,0.0,8.62,1.66,0.0
20200915:2211,0.0,0.0,0.0,8.38,1.79,0.0
20200915:2311,0.0,0.0,0.0,8.33,2.07,0.0
20200916:0011,0.0,0.0,0.0,8.82,2.62,0.0
20200916:0111,0.0,0.0,0.0,9.05,3.24,0.0
20200916:0211,0.0,0.0,0.0,8.98,3.52,0.0
20200916:0311,0.0,0.0,0.0,8.74,3.72,0.0
20200916:0411,0.0,0.0,0.0,8.47,3.03,0.0
20200916:0511,0.0,0.0,0.0,8.16,3.52,0.0
20200916:0611,354.12,409.06,8.29,7.46,3.24,0.0
20200916:0711,188.98,226.89,15.54,7.41,3.17,0.0
20200916:0811,555.87,647.03,22.11,7.84,4.07,0.0
20200916:0911,783.29,928.89,27.5,8.04,4.62,0.0
20200916:1011,828.41,990.66,31.24,8.4,4.55,0.0
20200916:1111,820.64,985.63,32.88,8.94,4.34,0.0
20200916:1211,801.57,962.0,32.21,9.25,4.34,0.0
20200916:1311,790.6,950.49,29.31,9.38,4.07,0.0
20200916:1411,760.4,912.19,24.56,9.42,3.86,0.0
20200916:1511,711.96,849.22,18.43,9.19,3.59,0.0
20200916:1611,614.87,726.33,11.41,8.7,2.97,0.0
20200916:1711,1.46,9.02,3.95,7.75,2.41,0.0
20200916:1811,0.0,0.0,0.0,6.47,2.07,0.0
20200916:1911,0.0,0.0,0.0,5.25,2.07,0.0
20200916:2011,0.0,0.0,0.0,3.91,1.79,0.0
20200916:2111,0.0,0.0,0.0,3.31,1.52,0.0
20200916:2211,0.0,0.0,0.0,3.55,1.31,0.0
20200916:2311,0.0,0.0,0.0,4.22,1.03,0.0
20200917:0011,0.0,0.0,0.0,4.18,0.97,0.0
20200917:0111,0.0,0.0,0.0,3.96,0.9,0.0
20200917:0211,0.0,0.0,0.0,3.52,1.03,0.0
20200917:0311,0.0,0.0,0.0,2.71,1.24,0.0
20200917:0411,0.0,0.0,0.0,2.38,1.31,0.0
20200917:0511,0.0,0.0,0.0,2.15,1.38,0.0
20200917:0611,154.31,183.92,8.0,1.78,1.45,0.0
20200917:0711,427.75,490.12,15.25,2.72,1.66,0.0
20200917:0811,678.77,808.88,21.79,5.48,1.86,0.0
20200917:0911,781.93,939.02,27.17,7.07,3.03,0.0
20200917:1011,776.44,933.12,30.88,8.02,3.38,0.0
20200917:1111,773.28,934.12,32.5,8.85,3.31,0.0
20200917:1211,787.05,955.69,31.82,9.54,3.31,0.0
20200917:1311,767.01,929.7,28.92,9.79,3.31,0.0
20200917:1411,750.03,905.59,24.17,9.38,3.17,0.0
20200917:1511,709.11,850.17,18.04,9.05,3.03,0.0
20200917:1611,559.48,657.6,11.03,8.37,2.69,0.0
20200917:1711,1.45,9.0,3.57,7.49,2.21,0.0
20200917:1811,0.0,0.0,0.0,6.45,2.0,0.0
20200917:1911,0.0,0.0,0.0,5.74,2.07,0.0
20200917:2011,0.0,0.0,0.0,4.67,1.93,0.0
20200917:2111,0.0,0.0,0.0,3.89,2.0,0.0
20200917:2211,0.0,0.0,0.0,3.46,2.07,0.0
20200917:2311,0.0,0.0,0.0,2.93,2.07,0.0
20200918:0011,0.0,0.0,0.0,2.63,2.14,0.0
20200918:0111,0.0,0.0,0.0,2.46,2.34,0.0
20200918:0211,0.0,0.0,0.0,2.32,2.41,0.0
20200918:0311,0.0,0.0,0.0,2.42,2.41,0.0
20200918:0411,0.0,0.0,0.0,2.39,2.41,0.0
20200918:0511,0.0,0.0,0.0,2.97,2.34,0.0
20200918:0611,82.52,107.21,7.71,3.61,2.34,0.0
20200918:0711,251.49,293.32,14.95,4.95,2.28,0.0
20200918:0811,236.44,280.51,21.47,6.78,2.28,0.0
20200918:0911,465.92,548.58,26.83,8.25,2.41,0.0
20200918:1011,482.25,570.89,30.52,9.93,3.1,0.0
20200918:1111,483.15,570.52,32.12,11.1,4.55,0.0
20200918:1211,508.93,602.59,31.42,11.61,4.55,0.0
20200918:1311,385.58,456.76,28.52,11.57,4.14,0.0
20200918:1411,98.77,131.31,23.77,11.31,3.31,0.0
20200918:1511,290.74,345.67,17.65,11.0,2.97,0.0
20200918:1611,212.67,255.5,10.65,10.36,2.69,0.0
20200918:1711,0.77,7.56,3.19,9.61,2.34,0.0
20200918:1811,0.0,0.0,0.0,8.85,1.93,0.0
20200918:1911,0.0,0.0,0.0,8.1,1.52,0.0
20200918:2011,0.0,0.0,0.0,7.79,1.31,0.0
20200918:2111,0.0,0.0,0.0,7.52,1.31,0.0
20200918:2211,0.0,0.0,0.0,6.99,1.38,0.0
20200918:2311,0.0,0.0,0.0,6.66,1.31,0.0
20200919:0011,0.0,0.0,0.0,6.48,1.31,0.0
20200919:0111,0.0,0.0,0.0,6.57,1.59,0.0
20200919:0211,0.0,0.0,0.0,6.59,1.86,0.0
20200919:0311,0.0,0.0,0.0,6.33,1.72,0.0
20200919:0411,0.0,0.0,0.0,5.87,1.66,0.0
20200919:0511,0.0,0.0,0.0,5.36,1.59,0.0
20200919:0611,376.43,434.64,7.42,5.0,1.38,0.0
20200919:0711,665.63,794.16,14.65,5.92,1.66,0.0
20200919:0811,730.72,895.42,21.16,7.06,1.24,0.0
20200919:0911,745.42,936.86,26.49,8.85,0.76,0.0
20200919:1011,755.85,975.6,30.15,10.5,0.28,0.0
20200919:1111,745.51,964.99,31.73,11.75,0.34,0.0
20200919:1211,745.15,954.54,31.02,12.67,0.9,0.0
20200919:1311,737.8,935.13,28.12,13.14,1.38,0.0
20200919:1411,704.49,884.21,23.38,13.2,1.52,0.0
20200919:1511,657.75,817.89,17.26,13.1,1.45,0.0
20200919:1611,553.61,677.38,10.26,12.64,1.1,0.0
20200919:1711,0.35,6.6,2.81,11.74,0.97,0.0
20200919:1811,0.0,0.0,0.0,9.91,0.97,0.0
20200919:1911,0.0,0.0,0.0,8.2,1.1,0.0
20200919:2011,0.0,0.0,0.0,7.18,1.1,0.0
20200919:2111,0.0,0.0,0.0,6.13,1.17,0.0
20200919:2211,0.0,0.0,0.0,4.91,1.38,0.0
20200919:2311,0.0,0.0,0.0,3.93,1.59,0.0
20200920:0011,0.0,0.0,0.0,3.43,1.72,0.0
20200920:0111,0.0,0.0,0.0,3.55,1.86,0.0
20200920:0211,0.0,0.0,0.0,3.4,1.86,0.0
20200920:0311,0.0,0.0,0.0,3.24,1.93,0.0
20200920:0411,0.0,0.0,0.0,3.09,2.07,0.0
20200920:0511,0.0,0.0,0.0,2.79,2.14,0.0
20200920:0611,105.77,131.99,7.13,2.69,1.86,0.0
20200920:0711,452.8,524.1,14.35,4.59,1.59,0.0
20200920:0811,622.3,742.32,20.84,6.77,1.66,0.0
20200920:0911,670.09,811.69,26.14,8.46,1.79,0.0
20200920:1011,445.87,531.0,29.79,9.7,2.0,0.0
20200920:1111,557.37,668.92,31.35,10.71,2.55,0.0
20200920:1211,334.48,399.2,30.63,11.04,3.1,0.0
20200920:1311,341.84,406.71,27.72,11.26,3.38,0.0
20200920:1411,56.91,82.8,22.98,11.08,3.45,0.0
20200920:1511,25.4,44.13,16.87,10.49,2.9,0.0
20200920:1611,5.96,17.08,9.88,9.84,2.55,0.0
20200920:1711,0.0,1.88,2.43,9.13,2.48,0.0
20200920:1811,0.0,0.0,0.0,8.45,2.07,0.0
20200920:1911,0.0,0.0,0.0,8.5,2.07,0.0
20200920:2011,0.0,0.0,0.0,7.94,1.72,0.0
20200920:2111,0.0,0.0,0.0,7.54,1.59,0.0
20200920:2211,0.0,0.0,0.0,7.35,1.59,0.0
20200920:2311,0.0,0.0,0.0,7.16,1.52,0.0
20200921:0011,0.0,0.0,0.0,6.92,1.66,0.0
20200921:0111,0.0,0.0,0.0,6.59,1.66,0.0
20200921:0211,0.0,0.0,0.0,6.3,1.79,0.0
20200921:0311,0.0,0.0,0.0,5.93,1.79,0.0
20200921:0411,0.0,0.0,0.0,5.75,1.72,0.0
20200921:0511,0.0,0.0,0.0,5.55,1.72,0.0
20200921:0611,15.16,29.72,6.84,5.38,1.86,0.0
20200921:0711,274.35,321.2,14.04,6.76,2.14,0.0
20200921:0811,511.76,598.05,20.52,7.84,3.03,0.0
20200921:0911,418.61,487.59,25.8,8.43,4.07,0.0
20200921:1011,457.54,533.05,29.42,8.87,4.83,0.0
20200921:1111,488.16,570.91,30.96,9.16,4.55,0.0
20200921:1211,231.98,278.76,30.23,9.33,4.83,0.0
20200921:1311,673.99,795.44,27.32,9.28,4.62,0.0
20200921:1411,447.47,520.56,22.59,9.16,4.62,0.0
20200921:1511,382.56,444.52,16.49,8.84,4.07,0.0
20200921:1611,121.97,152.85,9.49,8.21,3.66,0.0
20200921:1711,0.0,4.23,2.05,7.38,3.45,0.0
20200921:1811,0.0,0.0,0.0,6.66,3.31,0.0
20200921:1911,0.0,0.0,0.0,6.16,2.55,0.0
20200921:2011,0.0,0.0,0.0,5.87,2.28,0.0
20200921:2111,0.0,0.0,0.0,5.81,2.28,0.0
20200921:2211,0.0,0.0,0.0,5.71,2.21,0.0
20200921:2311,0.0,0.0,0.0,5.56,2.0,0.0
20200922:0011,0.0,0.0,0.0,5.44,2.14,0.0
20200922:0111,0.0,0.0,0.0,5.25,2.07,0.0
20200922:0211,0.0,0.0,0.0,5.21,1.93,0.0
20200922:0311,0.0,0.0,0.0,5.28,1.72,0.0
20200922:0411,0.0,0.0,0.0,5.16,1.52,0.0
20200922:0511,0.0,0.0,0.0,4.9,1.38,0.0
20200922:0611,0.39,6.57,6.55,4.79,1.24,0.0
20200922:0711,162.7,197.13,13.74,5.53,1.38,0.0
20200922:0811,62.19,87.42,20.2,6.19,1.17,0.0
20200922:0911,141.98,177.95,25.46,6.86,0.97,0.0
20200922:1011,236.39,284.5,29.05,7.6,1.38,0.0
20200922:1111,391.65,463.58,30.58,8.57,2.07,0.0
20200922:1211,500.02,593.7,29.83,9.54,2.55,0.0
20200922:1311,594.55,709.46,26.92,10.22,3.03,0.0
20200922:1411,539.47,638.73,22.19,10.23,3.17,0.0
20200922:1511,466.86,547.33,16.1,9.81,3.31,0.0
20200922:1611,108.56,138.87,9.11,9.28,2.76,0.0
20200922:1711,0.0,0.47,1.66,8.47,2.69,0.0
20200922:1811,0.0,0.0,0.0,7.65,2.14,0.0
20200922:1911,0.0,0.0,0.0,7.14,1.79,0.0
20200922:2011,0.0,0.0,0.0,6.87,1.52,0.0
20200922:2111,0.0,0.0,0.0,7.12,1.59,0.0
20200922:2211,0.0,0.0,0.0,7.36,1.72,0.0
20200922:2311,0.0,0.0,0.0,7.53,1.79,0.0
20200923:0011,0.0,0.0,0.0,7.71,1.66,0.0
20200923:0111,0.0,0.0,0.0,7.91,1.72,0.0
20200923:0211,0.0,0.0,0.0,8.06,1.66,0.0
20200923:0311,0.0,0.0,0.0,8.24,1.66,0.0
20200923:0411,0.0,0.0,0.0,8.38,1.72,0.0
20200923:0511,0.0,0.0,0.0,8.4,1.72,0.0
20200923:0611,122.38,153.47,6.25,8.48,1.59,0.0
20200923:0711,256.29,304.16,13.44,8.53,1.52,0.0
20200923:0811,57.48,82.74,19.88,8.79,1.66,0.0
20200923:0911,69.81,97.43,25.12,9.11,1.66,0.0
20200923:1011,227.34,275.88,28.68,9.19,1.59,0.0
20200923:1111,111.23,145.5,30.19,9.61,1.59,0.0
20200923:1211,71.31,99.4,29.44,9.53,1.59,0.0
20200923:1311,55.02,80.33,26.52,9.79,1.38,0.0
20200923:1411,24.88,43.32,21.79,9.41,1.17,0.0
20200923:1511,25.46,44.0,15.71,9.02,1.17,0.0
20200923:1611,1.7,9.53,8.72,8.63,0.76,0.0
20200923:1711,0.0,0.0,0.0,8.21,0.62,0.0
20200923:1811,0.0,0.0,0.0,8.29,0.07,0.0
20200923:1911,0.0,0.0,0.0,7.16,1.17,0.0
20200923:2011,0.0,0.0,0.0,7.07,1.31,0.0
20200923:2111,0.0,0.0,0.0,7.11,1.38,0.0
20200923:2211,0.0,0.0,0.0,7.23,1.79,0.0
20200923:2311,0.0,0.0,0.0,7.36,1.79,0.0
20200924:0011,0.0,0.0,0.0,7.43,1.1,0.0
20200924:0111,0.0,0.0,0.0,7.42,1.1,0.0
20200924:0211,0.0,0.0,0.0,7.28,1.59,0.0
20200924:0311,0.0,0.0,0.0,7.27,2.48,0.0
20200924:0411,0.0,0.0,0.0,7.54,3.31,0.0
20200924:0511,0.0,0.0,0.0,7.51,2.9,0.0
20200924:0611,3.3,12.49,5.96,7.39,3.03,0.0
20200924:0711,8.15,20.29,13.13,7.43,1.72,0.0
20200924:0811,60.53,85.97,19.55,7.42,0.69,0.0
20200924:0911,44.1,66.63,24.77,7.53,1.45,0.0
20200924:1011,270.75,319.53,28.32,7.43,3.93,0.0
20200924:1111,378.75,438.99,29.8,7.07,4.83,0.0
20200924:1211,146.63,182.65,29.04,7.24,4.21,0.0
20200924:1311,137.78,172.6,26.12,7.08,3.24,0.0
20200924:1411,82.79,110.96,21.4,7.17,3.59,0.0
20200924:1511,51.03,74.11,15.32,6.4,3.45,0.0
20200924:1611,130.61,160.72,8.34,5.88,2.9,0.0
20200924:1711,0.0,0.0,0.0,4.96,3.17,0.0
20200924:1811,0.0,0.0,0.0,4.35,3.03,0.0
20200924:1911,0.0,0.0,0.0,3.91,3.66,0.0
20200924:2011,0.0,0.0,0.0,3.64,3.24,0.0
20200924:2111,0.0,0.0,0.0,3.53,2.97,0.0
20200924:2211,0.0,0.0,0.0,3.44,2.76,0.0
20200924:2311,0.0,0.0,0.0,3.45,2.48,0.0
20200925:0011,0.0,0.0,0.0,3.05,2.55,0.0
20200925:0111,0.0,0.0,0.0,3.08,1.86,0.0
20200925:0211,0.0,0.0,0.0,2.69,1.79,0.0
20200925:0311,0.0,0.0,0.0,2.52,1.24,0.0
20200925:0411,0.0,0.0,0.0,2.2,0.83,0.0
20200925:0511,0.0,0.0,0.0,1.87,0.83,0.0
20200925:0611,135.99,163.18,5.67,0.99,1.59,0.0
20200925:0711,235.24,272.42,12.83,2.09,1.59,0.0
20200925:0811,513.08,591.29,19.23,3.16,2.0,0.0
20200925:0911,718.3,849.81,24.42,4.26,2.34,0.0
20200925:1011,480.41,557.68,27.95,5.4,2.69,0.0
20200925:1111,363.5,423.35,29.41,6.4,3.24,0.0
20200925:1211,141.46,176.86,28.64,6.78,3.31,0.0
20200925:1311,96.62,126.91,25.72,7.14,3.59,0.0
20200925:1411,39.53,60.89,21.0,6.92,3.52,0.0
20200925:1511,32.97,52.85,14.93,6.46,3.1,0.0
20200925:1611,7.81,19.68,7.96,5.89,2.55,0.0
20200925:1711,0.0,0.0,0.0,5.29,3.17,0.0
20200925:1811,0.0,0.0,0.0,4.89,3.17,0.0
20200925:1911,0.0,0.0,0.0,4.52,3.45,0.0
20200925:2011,0.0,0.0,0.0,4.23,3.52,0.0
20200925:2111,0.0,0.0,0.0,3.78,3.59,0.0
20200925:2211,0.0,0.0,0.0,3.14,3.86,0.0
20200925:2311,0.0,0.0,0.0,2.63,3.93,0.0
20200926:0011,0.0,0.0,0.0,2.28,3.86,0.0
20200926:0111,0.0,0.0,0.0,1.89,3.52,0.0
20200926:0211,0.0,0.0,0.0,1.77,3.45,0.0
20200926:0311,0.0,0.0,0.0,1.74,3.66,0.0
20200926:0411,0.0,0.0,0.0,1.71,3.79,0.0
20200926:0511,0.0,0.0,0.0,1.6,3.93,0.0
20200926:0611,151.89,179.41,5.37,1.5,4.0,0.0
20200926:0711,141.3,170.3,12.52,2.22,3.59,0.0
20200926:0811,102.75,130.41,18.91,2.91,4.97,0.0
20200926:0911,102.42,131.24,24.08,3.74,4.76,0.0
20200926:1011,220.82,260.41,27.58,4.5,4.83,0.0
20200926:1111,129.26,161.81,29.03,4.98,5.1,0.0
20200926:1211,113.41,144.31,28.24,4.79,4.21,0.0
20200926:1311,66.05,91.22,25.32,4.78,4.07,0.0
20200926:1411,30.0,48.84,20.61,4.65,3.72,0.0
20200926:1511,68.63,93.3,14.54,4.49,3.31,0.0
20200926:1611,19.76,35.68,7.57,4.36,3.1,0.0
20200926:1711,0.0,0.0,0.0,4.28,2.97,0.0
20200926:1811,0.0,0.0,0.0,4.16,2.97,0.0
20200926:1911,0.0,0.0,0.0,4.47,2.9,0.0
20200926:2011,0.0,0.0,0.0,4.47,2.41,0.0
20200926:2111,0.0,0.0,0.0,4.43,2.21,0.0
20200926:2211,0.0,0.0,0.0,4.5,2.07,0.0
20200926:2311,0.0,0.0,0.0,4.54,2.14,0.0
20200927:0011,0.0,0.0,0.0,4.63,2.07,0.0
20200927:0111,0.0,0.0,0.0,4.79,2.14,0.0
20200927:0211,0.0,0.0,0.0,4.94,1.93,0.0
20200927:0311,0.0,0.0,0.0,5.18,1.86,0.0
20200927:0411,0.0,0.0,0.0,5.4,1.72,0.0
20200927:0511,0.0,0.0,0.0,5.54,1.52,0.0
20200927:0611,1.58,9.2,5.07,5.68,1.38,0.0
20200927:0711,11.19,24.64,12.21,6.23,1.52,0.0
20200927:0811,37.79,58.86,18.58,6.85,1.45,0.0
20200927:0911,56.02,80.82,23.73,7.69,1.45,0.0
20200927:1011,81.52,110.79,27.21,8.37,1.31,0.0
20200927:1111,19.32,36.03,28.64,8.97,1.59,0.0
20200927:1211,25.1,43.57,27.84,9.13,1.45,0.0
20200927:1311,39.58,61.63,24.93,9.36,1.45,0.0
20200927:1411,102.78,134.9,20.21,9.69,1.59,0.0
20200927:1511,114.72,147.41,14.15,9.87,1.45,0.0
20200927:1611,175.23,213.38,7.19,9.75,1.38,0.0
20200927:1711,0.0,0.0,0.0,9.46,1.31,0.0
20200927:1811,0.0,0.0,0.0,9.09,1.38,0.0
20200927:1911,0.0,0.0,0.0,9.03,1.31,0.0
20200927:2011,0.0,0.0,0.0,8.61,1.24,0.0
20200927:2111,0.0,0.0,0.0,8.42,1.1,0.0
20200927:2211,0.0,0.0,0.0,8.27,1.1,0.0
20200927:2311,0.0,0.0,0.0,8.18,1.1,0.0
20200928:0011,0.0,0.0,0.0,8.12,1.17,0.0
20200928:0111,0.0,0.0,0.0,7.96,1.17,0.0
20200928:0211,0.0,0.0,0.0,7.92,1.1,0.0
20200928:0311,0.0,0.0,0.0,7.86,1.1,0.0
20200928:0411,0.0,0.0,0.0,7.83,1.1,0.0
20200928:0511,0.0,0.0,0.0,7.82,1.1,0.0
20200928:0611,39.64,59.94,4.78,7.83,1.03,0.0
20200928:0711,403.76,476.67,11.91,8.52,1.1,0.0
20200928:0811,236.53,284.0,18.26,9.38,1.59,0.0
20200928:0911,586.99,710.06,23.38,10.23,1.66,0.0
20200928:1011,44.1,67.52,26.84,10.89,1.86,0.0
20200928:1111,48.5,72.94,28.25,11.22,2.14,0.0
20200928:1211,292.45,352.22,27.45,11.33,2.14,0.0
20200928:1311,311.25,373.6,24.53,11.44,2.0,0.0
20200928:1411,315.71,378.08,19.82,11.39,1.72,0.0
20200928:1511,522.46,628.5,13.76,10.89,1.45,0.0
20200928:1611,315.42,373.48,6.81,10.37,1.45,0.0
20200928:1711,0.0,0.0,0.0,9.51,1.31,0.0
20200928:1811,0.0,0.0,0.0,9.04,1.17,0.0
20200928:1911,0.0,0.0,0.0,8.85,1.45,0.0
20200928:2011,0.0,0.0,0.0,8.69,1.31,0.0
20200928:2111,0.0,0.0,0.0,8.48,1.24,0.0
20200928:2211,0.0,0.0,0.0,8.3,1.1,0.0
20200928:2311,0.0,0.0,0.0,8.22,1.03,0.0
20200929:0011,0.0,0.0,0.0,8.12,1.17,0.0
20200929:0111,0.0,0.0,0.0,8.07,1.17,0.0
20200929:0211,0.0,0.0,0.0,7.98,1.1,0.0
20200929:0311,0.0,0.0,0.0,7.9,1.1,0.0
20200929:0411,0.0,0.0,0.0,7.8,0.97,0.0
20200929:0511,0.0,0.0,0.0,7.8,0.97,0.0
20200929:0611,13.17,27.06,4.48,7.77,0.97,0.0
20200929:0711,44.03,66.12,11.6,8.1,1.24,0.0
20200929:0811,26.78,45.52,17.93,8.25,1.66,0.0
20200929:0911,33.67,54.17,23.04,8.44,1.79,0.0
20200929:1011,43.17,65.8,26.47,8.61,2.0,0.0
20200929:1111,53.57,78.21,27.86,8.65,2.14,0.0
20200929:1211,76.87,105.41,27.05,8.69,2.28,0.0
20200929:1311,44.6,67.49,24.13,8.68,2.21,0.0
20200929:1411,334.53,394.27,19.42,8.64,2.0,0.0
20200929:1511,5.09,15.57,13.37,8.6,1.66,0.0
20200929:1611,0.0,4.05,6.42,8.45,1.66,0.0
20200929:1711,0.0,0.0,0.0,7.62,1.66,0.0
20200929:1811,0.0,0.0,0.0,7.21,1.59,0.0
20200929:1911,0.0,0.0,0.0,6.98,1.52,0.0
20200929:2011,0.0,0.0,0.0,6.65,1.31,0.0
20200929:2111,0.0,0.0,0.0,6.46,1.59,0.0
20200929:2211,0.0,0.0,0.0,6.26,1.72,0.0
20200929:2311,0.0,0.0,0.0,6.14,1.86,0.0
20200930:0011,0.0,0.0,0.0,6.09,1.66,0.0
20200930:0111,0.0,0.0,0.0,6.1,2.0,0.0
20200930:0211,0.0,0.0,0.0,6.19,2.07,0.0
20200930:0311,0.0,0.0,0.0,6.3,2.14,0.0
20200930:0411,0.0,0.0,0.0,6.43,2.07,0.0
20200930:0511,0.0,0.0,0.0,6.55,2.14,0.0
20200930:0611,1.25,8.54,4.18,6.62,2.21,0.0
20200930:0711,28.04,46.69,11.29,7.11,2.83,0.0
20200930:0811,50.28,73.75,17.6,7.42,2.21,0.0
20200930:0911,44.14,66.67,22.69,7.65,2.07,0.0
20200930:1011,512.19,603.13,26.1,7.86,2.48,0.0
20200930:1111,166.79,206.2,27.48,8.11,2.48,0.0
20200930:1211,86.94,116.72,26.65,8.42,3.31,0.0
20200930:1311,119.56,153.19,23.73,8.56,3.24,0.0
20200930:1411,60.32,85.88,19.03,8.65,3.31,0.0
20200930:1511,48.82,71.88,12.99,8.45,3.1,0.0
20200930:1611,149.66,182.6,6.04,7.85,2.69,0.0
20200930:1711,0.0,0.0,0.0,7.28,2.48,0.0
20200930:1811,0.0,0.0,0.0,7.01,2.14,0.0
20200930:1911,0.0,0.0,0.0,7.42,2.9,0.0
20200930:2011,0.0,0.0,0.0,7.41,3.38,0.0
20200930:2111,0.0,0.0,0.0,7.25,3.1,0.0
20200930:2211,0.0,0.0,0.0,7.25,2.76,0.0
20200930:2311,0.0,0.0,0.0,7.19,2.14,0.0
20201001:0011,0.0,0.0,0.0,7.37,2.48,0.0
20201001:0111,0.0,0.0,0.0,7.5,2.62,0.0
20201001:0211,0.0,0.0,0.0,7.24,2.48,0.0
20201001:0311,0.0,0.0,0.0,6.88,2.55,0.0
20201001:0411,0.0,0.0,0.0,6.95,3.1,0.0
20201001:0511,0.0,0.0,0.0,7.32,3.31,0.0
20201001:0611,0.0,1.97,3.88,7.39,3.59,0.0
20201001:0711,3.61,13.04,10.98,7.8,2.9,0.0
20201001:0811,7.19,18.84,17.28,7.73,3.31,0.0
20201001:0911,12.56,26.67,22.34,7.57,3.38,0.0
20201001:1011,16.47,32.04,25.73,7.56,3.03,0.0
20201001:1111,42.77,65.03,27.09,7.69,3.1,0.0
20201001:1211,28.08,47.03,26.26,7.51,2.83,0.0
20201001:1311,24.25,42.15,23.33,7.46,3.45,0.0
20201001:1411,87.17,115.66,18.64,7.46,4.76,0.0
20201001:1511,8.96,21.46,12.6,7.08,4.76,0.0
20201001:1611,1.04,8.09,5.66,6.6,4.76,0.0
20201001:1711,0.0,0.0,0.0,6.01,4.14,0.0
20201001:1811,0.0,0.0,0.0,5.82,4.28,0.0
20201001:1911,0.0,0.0,0.0,5.26,3.66,0.0
20201001:2011,0.0,0.0,0.0,5.28,3.93,0.0
20201001:2111,0.0,0.0,0.0,5.5,4.21,0.0
20201001:2211,0.0,0.0,0.0,5.52,3.52,0.0
20201001:2311,0.0,0.0,0.0,5.49,3.38,0.0
20201002:0011,0.0,0.0,0.0,5.52,3.31,0.0
20201002:0111,0.0,0.0,0.0,5.54,3.52,0.0
20201002:0211,0.0,0.0,0.0,5.58,3.38,0.0
20201002:0311,0.0,0.0,0.0,5.65,3.31,0.0
20201002:0411,0.0,0.0,0.0,5.65,3.17,0.0
20201002:0511,0.0,0.0,0.0,5.6,3.45,0.0
20201002:0611,0.0,2.58,3.59,5.64,3.52,0.0
20201002:0711,5.4,15.94,10.67,6.15,3.52,0.0
20201002:0811,11.55,25.12,16.95,6.17,3.45,0.0
20201002:0911,12.06,25.84,21.99,6.26,3.45,0.0
20201002:1011,21.88,38.97,25.36,6.42,4.21,0.0
20201002:1111,18.25,34.28,26.7,6.52,4.21,0.0
20201002:1211,22.0,39.19,25.86,6.83,4.28,0.0
20201002:1311,19.7,36.24,22.94,7.11,4.07,0.0
20201002:1411,7.93,19.94,18.25,7.26,3.45,0.0
20201002:1511,10.98,24.4,12.22,7.24,3.24,0.0
20201002:1611,2.36,10.77,5.28,7.17,2.76,0.0
20201002:1711,0.0,0.0,0.0,7.14,2.48,0.0
20201002:1811,0.0,0.0,0.0,7.1,2.76,0.0
20201002:1911,0.0,0.0,0.0,7.19,2.76,0.0
20201002:2011,0.0,0.0,0.0,7.16,3.24,0.0
20201002:2111,0.0,0.0,0.0,7.15,3.66,0.0
20201002:2211,0.0,0.0,0.0,7.15,3.45,0.0
20201002:2311,0.0,0.0,0.0,7.0,3.66,0.0
20201003:0011,0.0,0.0,0.0,7.01,4.48,0.0
20201003:0111,0.0,0.0,0.0,7.07,4.76,0.0
20201003:0211,0.0,0.0,0.0,6.97,4.62,0.0
20201003:0311,0.0,0.0,0.0,6.72,3.66,0.0
20201003:0411,0.0,0.0,0.0,6.63,3.17,0.0
20201003:0511,0.0,0.0,0.0,6.5,3.03,0.0
20201003:0611,0.0,2.07,3.29,6.35,2.97,0.0
20201003:0711,14.84,29.71,10.36,6.52,3.03,0.0
20201003:0811,20.27,36.9,16.62,6.57,3.17,0.0
20201003:0911,20.07,36.68,21.64,6.78,3.24,0.0
20201003:1011,23.85,41.57,24.99,6.89,3.52,0.0
20201003:1111,32.0,51.85,26.32,7.31,3.52,0.0
20201003:1211,16.62,32.21,25.47,7.43,3.52,0.0
20201003:1311,12.77,26.96,22.54,7.47,3.52,0.0
20201003:1411,7.93,19.93,17.86,7.06,4.21,0.0
20201003:1511,31.46,50.89,11.83,6.91,3.45,0.0
20201003:1611,2.72,11.43,4.91,6.81,3.72,0.0
20201003:1711,0.0,0.0,0.0,6.73,3.31,0.0
20201003:1811,0.0,0.0,0.0,6.56,3.72,0.0
20201003:1911,0.0,0.0,0.0,6.66,4.41,0.0
20201003:2011,0.0,0.0,0.0,6.77,3.66,0.0
20201003:2111,0.0,0.0,0.0,6.74,3.59,0.0
20201003:2211,0.0,0.0,0.0,6.79,3.45,0.0
20201003:2311,0.0,0.0,0.0,6.78,3.72,0.0
20201004:0011,0.0,0.0,0.0,6.71,5.1,0.0
20201004:0111,0.0,0.0,0.0,6.55,5.1,0.0
20201004:0211,0.0,0.0,0.0,6.34,4.83,0.0
20201004:0311,0.0,0.0,0.0,6.33,5.03,0.0
20201004:0411,0.0,0.0,0.0,6.4,5.17,0.0
20201004:0511,0.0,0.0,0.0,6.54,5.17,0.0
20201004:0611,0.0,1.03,2.99,6.63,5.03,0.0
20201004:0711,1.32,8.69,10.05,7.48,5.66,0.0
20201004:0811,6.19,17.27,16.29,7.53,5.93,0.0
20201004:0911,11.39,25.01,21.29,7.61,5.86,0.0
20201004:1011,15.21,30.31,24.62,7.61,5.45,0.0
20201004:1111,47.96,71.19,25.93,7.7,4.0,0.0
20201004:1211,64.49,90.54,25.07,7.67,3.66,0.0
20201004:1311,32.24,52.21,22.15,7.72,3.24,0.0
20201004:1411,41.05,62.92,17.47,7.72,3.03,0.0
20201004:1511,13.01,27.31,11.45,7.65,2.21,0.0
20201004:1611,0.0,4.03,4.53,7.65,2.0,0.0
20201004:1711,0.0,0.0,0.0,7.63,1.72,0.0
20201004:1811,0.0,0.0,0.0,7.58,1.24,0.0
20201004:1911,0.0,0.0,0.0,7.75,1.03,0.0
20201004:2011,0.0,0.0,0.0,7.57,0.97,0.0
20201004:2111,0.0,0.0,0.0,7.48,0.9,0.0
20201004:2211,0.0,0.0,0.0,7.43,0.9,0.0
20201004:2311,0.0,0.0,0.0,7.32,0.97,0.0
20201005:0011,0.0,0.0,0.0,7.29,0.97,0.0
20201005:0111,0.0,0.0,0.0,7.23,1.17,0.0
20201005:0211,0.0,0.0,0.0,7.02,1.17,0.0
20201005:0311,0.0,0.0,0.0,6.8,1.24,0.0
20201005:0411,0.0,0.0,0.0,6.55,1.03,0.0
20201005:0511,0.0,0.0,0.0,6.14,1.17,0.0
20201005:0611,0.0,1.03,2.69,5.82,1.31,0.0
20201005:0711,239.96,281.33,9.74,5.67,1.59,0.0
20201005:0811,36.08,56.53,15.97,5.77,2.0,0.0
20201005:0911,22.11,39.19,20.94,5.75,2.14,0.0
20201005:1011,57.77,82.29,24.25,5.99,1.93,0.0
20201005:1111,40.74,62.4,25.55,6.87,2.9,0.0
20201005:1211,16.0,31.34,24.68,6.99,3.38,0.0
20201005:1311,28.25,47.14,21.76,7.08,3.52,0.0
20201005:1411,10.63,23.88,17.08,7.04,3.59,0.0
20201005:1511,622.91,725.65,11.07,6.84,3.45,0.0
20201005:1611,1.34,8.72,4.16,6.43,3.24,0.0
20201005:1711,0.0,0.0,0.0,5.95,3.24,0.0
20201005:1811,0.0,0.0,0.0,5.78,2.97,0.0
20201005:1911,0.0,0.0,0.0,5.67,3.24,0.0
20201005:2011,0.0,0.0,0.0,5.41,2.9,0.0
20201005:2111,0.0,0.0,0.0,5.39,2.28,0.0
20201005:2211,0.0,0.0,0.0,5.38,2.14,0.0
20201005:2311,0.0,0.0,0.0,5.36,2.07,0.0
20201006:0011,0.0,0.0,0.0,5.29,2.48,0.0
20201006:0111,0.0,0.0,0.0,4.98,2.55,0.0
20201006:0211,0.0,0.0,0.0,4.95,2.83,0.0
20201006:0311,0.0,0.0,0.0,4.89,2.97,0.0
20201006:0411,0.0,0.0,0.0,4.84,3.38,0.0
20201006:0511,0.0,0.0,0.0,4.84,2.9,0.0
20201006:0611,0.0,1.03,2.39,4.94,3.1,0.0
20201006:0711,32.54,51.63,9.43,5.21,1.86,0.0
20201006:0811,5.77,16.49,15.64,5.36,2.34,0.0
20201006:0911,10.92,24.18,20.6,5.56,2.62,0.0
20201006:1011,16.64,32.05,23.88,5.8,2.9,0.0
20201006:1111,16.98,32.52,25.16,5.9,3.93,0.0
20201006:1211,15.45,30.46,24.29,5.84,3.86,0.0
20201006:1311,66.11,91.72,21.37,5.77,3.1,0.0
20201006:1411,129.96,161.84,16.7,5.76,2.55,0.0
20201006:1511,147.38,179.73,10.69,5.77,2.14,0.0
20201006:1611,29.19,46.89,3.78,5.75,2.07,0.0
20201006:1711,0.0,0.0,0.0,5.69,1.52,0.0
20201006:1811,0.0,0.0,0.0,5.72,1.24,0.0
20201006:1911,0.0,0.0,0.0,6.03,0.97,0.0
20201006:2011,0.0,0.0,0.0,6.09,0.83,0.0
20201006:2111,0.0,0.0,0.0,5.95,0.83,0.0
20201006:2211,0.0,0.0,0.0,6.0,0.76,0.0
20201006:2311,0.0,0.0,0.0,5.51,0.83,0.0
20201007:0011,0.0,0.0,0.0,5.12,0.55,0.0
20201007:0111,0.0,0.0,0.0,4.86,0.55,0.0
20201007:0211,0.0,0.0,0.0,4.68,0.41,0.0
20201007:0311,0.0,0.0,0.0,4.57,0.21,0.0
20201007:0411,0.0,0.0,0.0,4.22,0.21,0.0
20201007:0511,0.0,0.0,0.0,4.0,0.14,0.0
20201007:0611,0.0,1.03,2.09,3.85,0.28,0.0
20201007:0711,88.29,114.3,9.11,3.76,0.41,0.0
20201007:0811,81.34,107.85,15.31,4.16,0.83,0.0
20201007:0911,28.17,46.7,20.25,4.87,0.97,0.0
20201007:1011,58.55,83.17,23.51,5.65,1.17,0.0
20201007:1111,99.44,130.16,24.78,6.42,1.38,0.0
20201007:1211,99.11,130.05,23.9,7.17,1.79,0.0
20201007:1311,56.18,80.75,20.98,7.02,1.86,0.0
20201007:1411,15.77,31.01,16.31,6.81,1.66,0.0
20201007:1511,43.09,64.48,10.32,6.41,1.45,0.0
20201007:1611,0.0,3.71,3.41,6.04,1.24,0.0
20201007:1711,0.0,0.0,0.0,5.75,0.97,0.0
20201007:1811,0.0,0.0,0.0,5.49,1.17,0.0
20201007:1911,0.0,0.0,0.0,5.07,0.55,0.0
20201007:2011,0.0,0.0,0.0,5.03,0.62,0.0
20201007:2111,0.0,0.0,0.0,4.95,0.48,0.0
20201007:2211,0.0,0.0,0.0,4.84,0.55,0.0
20201007:2311,0.0,0.0,0.0,4.75,0.69,0.0
20201008:0011,0.0,0.0,0.0,4.61,0.62,0.0
20201008:0111,0.0,0.0,0.0,4.45,0.83,0.0
20201008:0211,0.0,0.0,0.0,4.16,0.9,0.0
20201008:0311,0.0,0.0,0.0,3.99,0.97,0.0
20201008:0411,0.0,0.0,0.0,3.62,1.1,0.0
20201008:0511,0.0,0.0,0.0,3.47,1.1,0.0
20201008:0611,0.0,0.52,1.79,3.43,1.03,0.0
20201008:0711,41.2,61.55,8.8,4.22,1.79,0.0
20201008:0811,79.0,105.15,14.98,4.58,2.0,0.0
20201008:0911,56.85,80.89,19.9,5.06,1.93,0.0
20201008:1011,201.98,243.04,23.15,6.36,2.0,0.0
20201008:1111,266.61,315.04,24.4,6.25,2.0,0.0
20201008:1211,84.71,113.3,23.51,6.31,1.93,0.0
20201008:1311,112.97,144.7,20.59,6.54,1.72,0.0
20201008:1411,47.5,70.18,15.93,6.24,1.45,0.0
20201008:1511,177.18,213.02,9.94,6.02,1.1,0.0
20201008:1611,0.0,3.71,3.04,5.59,0.83,0.0
20201008:1711,0.0,0.0,0.0,5.23,0.9,0.0
20201008:1811,0.0,0.0,0.0,4.58,1.24,0.0
20201008:1911,0.0,0.0,0.0,3.44,0.97,0.0
20201008:2011,0.0,0.0,0.0,2.8,0.9,0.0
20201008:2111,0.0,0.0,0.0,2.48,0.97,0.0
20201008:2211,0.0,0.0,0.0,2.19,1.38,0.0
20201008:2311,0.0,0.0,0.0,2.0,1.86,0.0
20201009:0011,0.0,0.0,0.0,1.8,2.34,0.0
20201009:0111,0.0,0.0,0.0,1.42,3.31,0.0
20201009:0211,0.0,0.0,0.0,1.11,3.66,0.0
20201009:0311,0.0,0.0,0.0,0.91,4.41,0.0
20201009:0411,0.0,0.0,0.0,0.7,4.41,0.0
20201009:0511,0.0,0.0,0.0,0.37,3.93,0.0
20201009:0611,0.0,0.0,0.0,0.03,3.38,0.0
20201009:0711,584.6,661.14,8.49,0.64,2.83,0.0
20201009:0811,726.12,835.78,14.65,1.32,3.17,0.0
20201009:0911,635.86,724.94,19.55,2.45,4.0,0.0
20201009:1011,235.95,275.23,22.78,3.5,4.21,0.0
20201009:1111,329.5,379.32,24.02,4.32,3.79,0.0
20201009:1211,337.03,388.9,23.13,4.67,3.24,0.0
20201009:1311,286.93,333.38,20.2,4.72,2.62,0.0
20201009:1411,211.62,250.16,15.55,4.64,1.79,0.0
20201009:1511,50.08,71.94,9.57,4.51,1.38,0.0
20201009:1611,0.0,1.06,2.68,4.22,1.66,0.0
20201009:1711,0.0,0.0,0.0,3.58,1.79,0.0
20201009:1811,0.0,0.0,0.0,2.93,2.0,0.0
20201009:1911,0.0,0.0,0.0,1.47,1.86,0.0
20201009:2011,0.0,0.0,0.0,1.46,2.21,0.0
20201009:2111,0.0,0.0,0.0,1.44,1.79,0.0
20201009:2211,0.0,0.0,0.0,1.4,1.52,0.0
20201009:2311,0.0,0.0,0.0,1.41,1.38,0.0
20201010:0011,0.0,0.0,0.0,1.2,1.03,0.0
20201010:0111,0.0,0.0,0.0,1.22,1.03,0.0
20201010:0211,0.0,0.0,0.0,1.09,0.76,0.0
20201010:0311,0.0,0.0,0.0,0.88,0.76,0.0
20201010:0411,0.0,0.0,0.0,0.53,0.83,0.0
20201010:0511,0.0,0.0,0.0,0.76,0.69,0.0
20201010:0611,0.0,0.0,0.0,0.2,0.97,0.0
20201010:0711,7.98,19.55,8.18,0.11,0.97,0.0
20201010:0811,4.91,14.92,14.32,1.47,1.17,0.0
20201010:0911,59.15,82.57,19.2,1.93,1.45,0.0
20201010:1011,112.63,142.48,22.41,2.63,1.45,0.0
20201010:1111,124.54,155.99,23.64,3.1,1.45,0.0
20201010:1211,94.69,123.27,22.74,3.76,1.79,0.0
20201010:1311,45.41,67.22,19.82,3.94,1.86,0.0
20201010:1411,70.99,96.15,15.18,4.05,2.07,0.0
20201010:1511,7.03,18.35,9.2,3.82,2.21,0.0
20201010:1611,0.0,1.58,2.31,3.27,2.07,0.0
20201010:1711,0.0,0.0,0.0,2.5,2.21,0.0
20201010:1811,0.0,0.0,0.0,1.76,2.21,0.0
20201010:1911,0.0,0.0,0.0,1.45,2.07,0.0
20201010:2011,0.0,0.0,0.0,1.08,2.07,0.0
20201010:2111,0.0,0.0,0.0,0.99,2.14,0.0
20201010:2211,0.0,0.0,0.0,1.18,2.14,0.0
20201010:2311,0.0,0.0,0.0,1.25,2.28,0.0
20201011:0011,0.0,0.0,0.0,1.12,2.48,0.0
20201011:0111,0.0,0.0,0.0,0.98,2.55,0.0
20201011:0211,0.0,0.0,0.0,1.01,2.55,0.0
20201011:0311,0.0,0.0,0.0,0.79,2.41,0.0
20201011:0411,0.0,0.0,0.0,0.72,2.34,0.0
20201011:0511,0.0,0.0,0.0,0.59,2.34,0.0
20201011:0611,0.0,0.0,0.0,0.33,2.34,0.0
20201011:0711,542.41,612.08,7.87,-0.01,2.28,0.0
20201011:0811,628.93,727.87,14.0,1.85,1.93,0.0
20201011:0911,671.3,790.73,18.86,4.06,2.0,0.0
20201011:1011,757.93,908.39,22.05,5.43,2.21,0.0
20201011:1111,705.55,839.18,23.26,6.26,2.55,0.0
20201011:1211,0.0,0.0,0.0,6.85,2.69,0.0
20201011:1311,656.76,777.34,19.44,7.02,2.69,0.0
20201011:1411,607.14,713.61,14.8,6.83,2.55,0.0
20201011:1511,575.96,673.43,8.83,6.21,2.21,0.0
20201011:1611,0.0,1.58,1.95,5.14,2.0,0.0
20201011:1711,0.0,0.0,0.0,3.82,1.72,0.0
20201011:1811,0.0,0.0,0.0,2.44,1.52,0.0
20201011:1911,0.0,0.0,0.0,1.47,1.59,0.0
20201011:2011,0.0,0.0,0.0,0.91,1.52,0.0
20201011:2111,0.0,0.0,0.0,0.36,1.52,0.0
20201011:2211,0.0,0.0,0.0,-0.16,1.52,0.0
20201011:2311,0.0,0.0,0.0,-0.43,1.45,0.0
20201012:0011,0.0,0.0,0.0,-0.94,1.45,0.0
20201012:0111,0.0,0.0,0.0,-0.8,1.52,0.0
20201012:0211,0.0,0.0,0.0,-0.8,1.45,0.0
20201012:0311,0.0,0.0,0.0,-0.48,1.45,0.0
20201012:0411,0.0,0.0,0.0,-0.18,1.52,0.0
20201012:0511,0.0,0.0,0.0,-0.37,1.52,0.0
20201012:0611,0.0,0.0,0.0,-0.69,1.52,0.0
20201012:0711,123.94,150.32,7.56,0.22,1.52,0.0
20201012:0811,654.29,756.19,13.67,0.4,1.72,0.0
20201012:0911,710.84,836.23,18.51,1.05,1.45,0.0
20201012:1011,735.25,881.21,21.68,2.38,1.1,0.0
20201012:1111,734.61,895.89,22.88,3.53,0.62,0.0
20201012:1211,670.94,814.26,21.97,4.32,0.48,0.0
20201012:1311,708.17,864.74,19.06,4.58,0.55,0.0
20201012:1411,468.49,549.09,14.43,4.68,0.69,0.0
20201012:1511,253.72,295.77,8.47,4.35,0.9,0.0
20201012:1611,0.0,1.05,1.59,3.83,1.38,0.0
20201012:1711,0.0,0.0,0.0,3.08,1.52,0.0
20201012:1811,0.0,0.0,0.0,2.19,1.52,0.0
20201012:1911,0.0,0.0,0.0,1.91,1.38,0.0
20201012:2011,0.0,0.0,0.0,1.43,1.38,0.0
20201012:2111,0.0,0.0,0.0,0.96,1.45,0.0
20201012:2211,0.0,0.0,0.0,1.09,1.45,0.0
20201012:2311,0.0,0.0,0.0,1.23,1.38,0.0
20201013:0011,0.0,0.0,0.0,1.27,1.17,0.0
20201013:0111,0.0,0.0,0.0,1.01,1.24,0.0
20201013:0211,0.0,0.0,0.0,0.73,1.31,0.0
20201013:0311,0.0,0.0,0.0,0.65,1.31,0.0
20201013:0411,0.0,0.0,0.0,0.4,1.38,0.0
20201013:0511,0.0,0.0,0.0,0.14,1.38,0.0
20201013:0611,0.0,0.0,0.0,-0.21,1.52,0.0
20201013:0711,244.63,279.63,7.25,0.58,1.59,0.0
20201013:0811,423.49,481.28,13.34,1.71,2.0,0.0
20201013:0911,554.88,636.54,18.16,2.47,2.48,0.0
20201013:1011,535.49,614.14,21.32,3.02,2.83,0.0
20201013:1111,666.33,776.35,22.51,3.62,2.76,0.0
20201013:1211,527.67,609.4,21.59,4.07,2.55,0.0
20201013:1311,548.68,635.58,18.68,4.52,2.48,0.0
20201013:1411,508.44,587.05,14.06,4.42,2.21,0.0
20201013:1511,563.6,654.08,8.1,4.12,1.79,0.0
20201013:1611,0.0,0.0,0.0,3.51,1.45,0.0
20201013:1711,0.0,0.0,0.0,2.08,1.31,0.0
20201013:1811,0.0,0.0,0.0,1.88,1.24,0.0
20201013:1911,0.0,0.0,0.0,1.65,1.24,0.0
20201013:2011,0.0,0.0,0.0,1.42,1.31,0.0
20201013:2111,0.0,0.0,0.0,0.87,1.38,0.0
20201013:2211,0.0,0.0,0.0,0.94,1.31,0.0
20201013:2311,0.0,0.0,0.0,0.79,1.31,0.0
20201014:0011,0.0,0.0,0.0,0.15,1.38,0.0
20201014:0111,0.0,0.0,0.0,-0.42,1.45,0.0
20201014:0211,0.0,0.0,0.0,-0.81,1.52,0.0
20201014:0311,0.0,0.0,0.0,-0.92,1.52,0.0
20201014:0411,0.0,0.0,0.0,-0.74,1.45,0.0
20201014:0511,0.0,0.0,0.0,-0.99,1.31,0.0
20201014:0611,0.0,0.0,0.0,-1.28,1.31,0.0
20201014:0711,560.57,629.4,6.94,-3.54,1.31,0.0
20201014:0811,699.06,810.15,13.01,-1.64,1.31,0.0
20201014:0911,745.22,881.81,17.82,0.3,1.24,0.0
20201014:1011,756.18,903.11,20.96,2.04,1.38,0.0
20201014:1111,762.24,912.09,22.13,3.37,1.72,0.0
20201014:1211,759.71,905.46,21.22,4.07,2.14,0.0
20201014:1311,733.81,872.0,18.31,4.39,2.14,0.0
20201014:1411,689.41,815.86,13.69,4.33,1.86,0.0
20201014:1511,524.77,608.12,7.74,3.86,1.45,0.0
20201014:1611,0.0,0.0,0.0,2.48,1.38,0.0
20201014:1711,0.0,0.0,0.0,2.07,1.17,0.0
20201014:1811,0.0,0.0,0.0,1.83,1.17,0.0
20201014:1911,0.0,0.0,0.0,1.14,1.31,0.0
20201014:2011,0.0,0.0,0.0,0.81,1.31,0.0
20201014:2111,0.0,0.0,0.0,0.82,1.24,0.0
20201014:2211,0.0,0.0,0.0,0.14,1.45,0.0
20201014:2311,0.0,0.0,0.0,-0.49,1.59,0.0
20201015:0011,0.0,0.0,0.0,-0.97,1.66,0.0
20201015:0111,0.0,0.0,0.0,-1.31,1.72,0.0
20201015:0211,0.0,0.0,0.0,-1.48,1.79,0.0
20201015:0311,0.0,0.0,0.0,-1.69,1.86,0.0
20201015:0411,0.0,0.0,0.0,-1.74,1.86,0.0
20201015:0511,0.0,0.0,0.0,-1.75,1.79,0.0
20201015:0611,0.0,0.0,0.0,-1.72,1.79,0.0
20201015:0711,441.27,492.06,6.63,-1.56,2.0,0.0
20201015:0811,634.94,731.79,12.69,0.27,1.66,0.0
20201015:0911,690.25,818.38,17.48,3.24,1.45,0.0
20201015:1011,710.23,857.49,20.6,5.41,1.31,0.0
20201015:1111,720.03,881.26,21.76,6.78,1.1,0.0
20201015:1211,714.54,880.02,20.84,7.87,1.03,0.0
20201015:1311,705.6,868.07,17.93,8.37,1.1,0.0
20201015:1411,634.91,769.59,13.32,8.24,1.1,0.0
20201015:1511,485.13,570.13,7.39,7.12,1.24,0.0
20201015:1611,0.0,0.0,0.0,4.92,1.45,0.0
20201015:1711,0.0,0.0,0.0,3.1,1.66,0.0
20201015:1811,0.0,0.0,0.0,2.0,1.72,0.0
20201015:1911,0.0,0.0,0.0,0.71,2.14,0.0
20201015:2011,0.0,0.0,0.0,0.15,2.14,0.0
20201015:2111,0.0,0.0,0.0,-0.21,2.07,0.0
20201015:2211,0.0,0.0,0.0,-0.45,2.0,0.0
20201015:2311,0.0,0.0,0.0,-0.62,1.86,0.0
20201016:0011,0.0,0.0,0.0,-0.66,1.79,0.0
20201016:0111,0.0,0.0,0.0,-0.55,1.66,0.0
20201016:0211,0.0,0.0,0.0,0.07,1.38,0.0
20201016:0311,0.0,0.0,0.0,0.66,1.24,0.0
20201016:0411,0.0,0.0,0.0,1.24,1.1,0.0
20201016:0511,0.0,0.0,0.0,1.59,1.1,0.0
20201016:0611,0.0,0.0,0.0,1.79,1.03,0.0
20201016:0711,487.14,560.55,6.32,2.06,0.9,0.0
20201016:0811,646.16,765.26,12.36,2.58,0.83,0.0
20201016:0911,691.86,834.86,17.13,3.1,0.55,0.0
20201016:1011,715.43,874.01,20.24,4.94,0.69,0.0
20201016:1111,722.79,883.53,21.39,5.62,0.9,0.0
20201016:1211,691.09,838.26,20.47,6.11,1.1,0.0
20201016:1311,709.58,862.66,17.56,6.05,1.1,0.0
20201016:1411,648.05,780.44,12.96,5.86,0.9,0.0
20201016:1511,491.61,575.23,7.03,5.06,0.83,0.0
20201016:1611,0.0,0.0,0.0,5.1,0.55,0.0
20201016:1711,0.0,0.0,0.0,4.39,0.34,0.0
20201016:1811,0.0,0.0,0.0,3.88,0.48,0.0
20201016:1911,0.0,0.0,0.0,3.34,0.9,0.0
20201016:2011,0.0,0.0,0.0,2.57,1.17,0.0
20201016:2111,0.0,0.0,0.0,1.36,1.38,0.0
20201016:2211,0.0,0.0,0.0,0.03,1.52,0.0
20201016:2311,0.0,0.0,0.0,-1.28,1.59,0.0
20201017:0011,0.0,0.0,0.0,-1.24,1.86,0.0
20201017:0111,0.0,0.0,0.0,-1.02,2.07,0.0
20201017:0211,0.0,0.0,0.0,-0.75,2.14,0.0
20201017:0311,0.0,0.0,0.0,-0.74,2.21,0.0
20201017:0411,0.0,0.0,0.0,-0.67,2.14,0.0
20201017:0511,0.0,0.0,0.0,-0.45,2.07,0.0
20201017:0611,0.0,0.0,0.0,-0.3,2.07,0.0
20201017:0711,309.15,347.66,6.01,-0.06,2.14,0.0
20201017:0811,590.21,671.13,12.04,0.6,2.48,0.0
20201017:0911,573.3,655.18,16.79,1.75,2.62,0.0
20201017:1011,684.08,794.84,19.88,2.88,2.76,0.0
20201017:1111,683.75,795.97,21.03,3.79,3.03,0.0
20201017:1211,734.85,856.43,20.1,4.28,3.66,0.0
20201017:1311,562.49,643.86,17.2,4.1,3.72,0.0
20201017:1411,192.83,226.84,12.6,3.62,3.59,0.0
20201017:1511,328.2,371.68,6.68,2.98,3.31,0.0
20201017:1611,0.0,0.0,0.0,1.76,2.9,0.0
20201017:1711,0.0,0.0,0.0,0.76,2.69,0.0
20201017:1811,0.0,0.0,0.0,0.12,2.69,0.0
20201017:1911,0.0,0.0,0.0,0.03,2.69,0.0
20201017:2011,0.0,0.0,0.0,-0.57,2.83,0.0
20201017:2111,0.0,0.0,0.0,-1.15,2.97,0.0
20201017:2211,0.0,0.0,0.0,-1.65,3.03,0.0
20201017:2311,0.0,0.0,0.0,-2.09,2.9,0.0
20201018:0011,0.0,0.0,0.0,-2.47,2.69,0.0
20201018:0111,0.0,0.0,0.0,-2.82,2.48,0.0
20201018:0211,0.0,0.0,0.0,-3.18,2.34,0.0
20201018:0311,0.0,0.0,0.0,-3.39,2.48,0.0
20201018:0411,0.0,0.0,0.0,-3.64,2.28,0.0
20201018:0511,0.0,0.0,0.0,-3.91,2.34,0.0
20201018:0611,0.0,0.0,0.0,-4.14,2.14,0.0
20201018:0711,385.28,423.85,5.7,-4.19,2.0,0.0
20201018:0811,650.63,734.19,11.71,-3.08,2.14,0.0
20201018:0911,544.25,609.63,16.45,-1.72,2.76,0.0
20201018:1011,702.53,798.37,19.53,-0.68,3.38,0.0
20201018:1111,407.12,457.04,20.66,0.12,3.66,0.0
20201018:1211,171.33,202.95,19.73,0.45,3.59,0.0
20201018:1311,681.79,775.32,16.83,0.45,3.59,0.0
20201018:1411,537.54,602.88,12.24,0.18,3.45,0.0
20201018:1511,250.87,283.44,6.33,-0.33,3.03,0.0
20201018:1611,0.0,0.0,0.0,-1.16,2.55,0.0
20201018:1711,0.0,0.0,0.0,-1.9,2.41,0.0
20201018:1811,0.0,0.0,0.0,-2.41,2.28,0.0
20201018:1911,0.0,0.0,0.0,-2.58,2.07,0.0
20201018:2011,0.0,0.0,0.0,-3.01,1.93,0.0
20201018:2111,0.0,0.0,0.0,-3.29,1.86,0.0
20201018:2211,0.0,0.0,0.0,-3.35,1.72,0.0
20201018:2311,0.0,0.0,0.0,-3.36,1.66,0.0
20201019:0011,0.0,0.0,0.0,-3.19,1.59,0.0
20201019:0111,0.0,0.0,0.0,-3.02,1.59,0.0
20201019:0211,0.0,0.0,0.0,-2.75,1.86,0.0
20201019:0311,0.0,0.0,0.0,-2.78,1.66,0.0
20201019:0411,0.0,0.0,0.0,-2.91,1.66,0.0
20201019:0511,0.0,0.0,0.0,-2.98,1.66,0.0
20201019:0611,0.0,0.0,0.0,-2.92,1.66,0.0
20201019:0711,102.91,125.94,5.39,-2.67,1.59,0.0
20201019:0811,308.36,346.54,11.39,-2.05,1.45,0.0
20201019:0911,333.4,377.08,16.11,-1.19,1.31,0.0
20201019:1011,316.75,360.79,19.18,-0.49,1.31,0.0
20201019:1111,326.14,372.81,20.3,0.07,1.17,0.0
20201019:1211,503.99,581.28,19.36,0.52,0.83,0.0
20201019:1311,199.33,234.44,16.47,0.73,0.55,0.0
20201019:1411,93.22,118.94,11.89,0.75,0.48,0.0
20201019:1511,3.4,12.39,5.99,0.6,1.03,0.0
20201019:1611,0.0,0.0,0.0,0.15,1.45,0.0
20201019:1711,0.0,0.0,0.0,-0.41,1.59,0.0
20201019:1811,0.0,0.0,0.0,-0.76,1.72,0.0
20201019:1911,0.0,0.0,0.0,-1.1,1.93,0.0
20201019:2011,0.0,0.0,0.0,-1.38,2.21,0.0
20201019:2111,0.0,0.0,0.0,-1.57,2.62,0.0
20201019:2211,0.0,0.0,0.0,-1.99,2.55,0.0
20201019:2311,0.0,0.0,0.0,-2.18,2.48,0.0
20201020:0011,0.0,0.0,0.0,-2.32,2.41,0.0
20201020:0111,0.0,0.0,0.0,-2.39,2.41,0.0
20201020:0211,0.0,0.0,0.0,-2.5,2.14,0.0
20201020:0311,0.0,0.0,0.0,-2.56,2.07,0.0
20201020:0411,0.0,0.0,0.0,-2.6,2.28,0.0
20201020:0511,0.0,0.0,0.0,-2.6,2.21,0.0
20201020:0611,0.0,0.0,0.0,-2.57,1.93,0.0
20201020:0711,0.0,5.06,5.08,-2.08,1.52,0.0
20201020:0811,5.0,14.9,11.07,-1.83,1.72,0.0
20201020:0911,37.55,56.72,15.77,-1.5,1.72,0.0
20201020:1011,36.43,55.48,18.82,-1.22,1.79,0.0
20201020:1111,41.55,61.53,19.94,-0.96,1.79,0.0
20201020:1211,12.67,26.06,19.0,-0.7,1.79,0.0
20201020:1311,17.02,31.83,16.11,-0.51,1.45,0.0
20201020:1411,9.79,22.1,11.54,-0.35,1.45,0.0
20201020:1511,0.13,5.83,5.65,-0.29,1.45,0.0
20201020:1611,0.0,0.0,0.0,-0.23,1.45,0.0
20201020:1711,0.0,0.0,0.0,-0.22,1.45,0.0
20201020:1811,0.0,0.0,0.0,-0.16,1.45,0.0
20201020:1911,0.0,0.0,0.0,-0.23,1.66,0.0
20201020:2011,0.0,0.0,0.0,-0.18,1.66,0.0
20201020:2111,0.0,0.0,0.0,-0.17,1.59,0.0
20201020:2211,0.0,0.0,0.0,-0.3,1.24,0.0
20201020:2311,0.0,0.0,0.0,-0.15,1.17,0.0
20201021:0011,0.0,0.0,0.0,0.01,1.31,0.0
20201021:0111,0.0,0.0,0.0,0.19,1.31,0.0
20201021:0211,0.0,0.0,0.0,0.45,1.03,0.0
20201021:0311,0.0,0.0,0.0,0.64,1.17,0.0
20201021:0411,0.0,0.0,0.0,1.06,1.31,0.0
20201021:0511,0.0,0.0,0.0,1.19,1.38,0.0
20201021:0611,0.0,0.0,0.0,1.38,1.31,0.0
20201021:0711,4.17,13.73,4.77,1.58,1.59,0.0
20201021:0811,15.88,30.58,10.75,1.68,1.31,0.0
20201021:0911,134.66,164.87,15.44,2.06,1.24,0.0
20201021:1011,33.58,52.88,18.47,2.47,0.97,0.0
20201021:1111,61.13,85.26,19.58,2.84,0.9,0.0
20201021:1211,37.24,57.34,18.64,2.75,1.03,0.0
20201021:1311,23.24,40.2,15.76,2.75,0.97,0.0
20201021:1411,8.53,20.51,11.19,2.58,1.1,0.0
20201021:1511,40.07,59.34,5.31,2.44,1.24,0.0
20201021:1611,0.0,0.0,0.0,2.41,1.24,0.0
20201021:1711,0.0,0.0,0.0,2.41,1.24,0.0
20201021:1811,0.0,0.0,0.0,2.61,1.24,0.0
20201021:1911,0.0,0.0,0.0,2.41,0.9,0.0
20201021:2011,0.0,0.0,0.0,2.42,0.9,0.0
20201021:2111,0.0,0.0,0.0,2.11,1.1,0.0
20201021:2211,0.0,0.0,0.0,2.02,1.17,0.0
20201021:2311,0.0,0.0,0.0,1.96,1.24,0.0
20201022:0011,0.0,0.0,0.0,1.99,1.24,0.0
20201022:0111,0.0,0.0,0.0,2.25,1.1,0.0
20201022:0211,0.0,0.0,0.0,2.3,1.17,0.0
20201022:0311,0.0,0.0,0.0,2.16,1.24,0.0
20201022:0411,0.0,0.0,0.0,2.33,1.1,0.0
20201022:0511,0.0,0.0,0.0,2.48,1.1,0.0
20201022:0611,0.0,0.0,0.0,2.48,1.1,0.0
20201022:0711,200.19,234.21,4.47,3.24,0.83,0.0
20201022:0811,319.85,369.44,10.43,3.44,0.83,0.0
20201022:0911,30.43,49.2,15.1,3.29,0.97,0.0
20201022:1011,165.22,200.11,18.13,3.57,0.83,0.0
20201022:1111,80.73,107.71,19.22,3.68,0.76,0.0
20201022:1211,62.96,87.7,18.28,4.09,0.62,0.0
20201022:1311,60.44,84.65,15.4,4.15,0.48,0.0
20201022:1411,22.46,39.42,10.85,4.12,0.34,0.0
20201022:1511,0.0,3.64,4.97,3.98,0.41,0.0
20201022:1611,0.0,0.0,0.0,3.85,0.48,0.0
20201022:1711,0.0,0.0,0.0,3.59,0.55,0.0
20201022:1811,0.0,0.0,0.0,3.38,0.76,0.0
20201022:1911,0.0,0.0,0.0,2.46,1.1,0.0
20201022:2011,0.0,0.0,0.0,2.08,1.24,0.0
20201022:2111,0.0,0.0,0.0,1.87,1.38,0.0
20201022:2211,0.0,0.0,0.0,1.79,1.38,0.0
20201022:2311,0.0,0.0,0.0,1.7,1.38,0.0
20201023:0011,0.0,0.0,0.0,1.65,1.52,0.0
20201023:0111,0.0,0.0,0.0,1.59,1.66,0.0
20201023:0211,0.0,0.0,0.0,1.48,1.72,0.0
20201023:0311,0.0,0.0,0.0,1.31,1.79,0.0
20201023:0411,0.0,0.0,0.0,1.21,1.86,0.0
20201023:0511,0.0,0.0,0.0,1.03,2.0,0.0
20201023:0611,0.0,0.0,0.0,0.71,1.86,0.0
20201023:0711,116.68,141.48,4.16,-0.15,1.59,0.0
20201023:0811,362.6,408.87,10.11,-0.55,1.38,0.0
20201023:0911,241.43,277.12,14.77,-0.57,1.38,0.0
20201023:1011,193.72,227.46,17.78,0.06,1.24,0.0
20201023:1111,216.08,252.42,18.87,0.3,0.97,0.0
20201023:1211,380.91,434.47,17.93,0.27,1.1,0.0
20201023:1311,405.53,461.39,15.05,0.36,1.24,0.0
20201023:1411,373.83,423.7,10.51,0.4,1.31,0.0
20201023:1511,109.37,134.24,4.64,0.25,1.17,0.0
20201023:1611,0.0,0.0,0.0,-0.1,1.03,0.0
20201023:1711,0.0,0.0,0.0,-1.01,1.38,0.0
20201023:1811,0.0,0.0,0.0,-1.42,1.52,0.0
20201023:1911,0.0,0.0,0.0,-0.5,1.79,0.0
20201023:2011,0.0,0.0,0.0,0.09,2.0,0.0
20201023:2111,0.0,0.0,0.0,0.3,1.93,0.0
20201023:2211,0.0,0.0,0.0,0.42,2.0,0.0
20201023:2311,0.0,0.0,0.0,0.42,1.93,0.0
20201024:0011,0.0,0.0,0.0,0.41,1.93,0.0
20201024:0111,0.0,0.0,0.0,0.35,1.52,0.0
20201024:0211,0.0,0.0,0.0,0.44,1.66,0.0
20201024:0311,0.0,0.0,0.0,0.39,1.1,0.0
20201024:0411,0.0,0.0,0.0,0.23,1.24,0.0
20201024:0511,0.0,0.0,0.0,0.09,1.24,0.0
20201024:0611,0.0,0.0,0.0,-0.09,1.24,0.0
20201024:0711,1.39,8.66,3.86,0.03,1.17,0.0
20201024:0811,29.58,47.4,9.79,0.45,1.24,0.0
20201024:0911,31.5,50.03,14.44,0.9,1.59,0.0
20201024:1011,66.23,90.33,17.44,1.32,1.45,0.0
20201024:1111,39.55,59.77,18.52,1.5,1.72,0.0
20201024:1211,29.49,47.77,17.58,1.81,2.14,0.0
20201024:1311,29.45,47.7,14.71,1.82,2.21,0.0
20201024:1411,22.12,38.6,10.17,1.76,2.48,0.0
20201024:1511,0.4,6.54,4.32,1.53,2.48,0.0
20201024:1611,0.0,0.0,0.0,1.33,2.62,0.0
20201024:1711,0.0,0.0,0.0,1.09,2.48,0.0
20201024:1811,0.0,0.0,0.0,1.05,2.48,0.0
20201024:1911,0.0,0.0,0.0,1.34,2.55,0.0
20201024:2011,0.0,0.0,0.0,1.44,2.41,0.0
20201024:2111,0.0,0.0,0.0,1.72,2.83,0.0
20201024:2211,0.0,0.0,0.0,2.03,2.69,0.0
20201024:2311,0.0,0.0,0.0,2.3,2.69,0.0
20201025:0011,0.0,0.0,0.0,2.72,3.1,0.0
20201025:0111,0.0,0.0,0.0,2.97,3.17,0.0
20201025:0211,0.0,0.0,0.0,3.35,3.45,0.0
20201025:0311,0.0,0.0,0.0,4.17,4.48,0.0
20201025:0411,0.0,0.0,0.0,4.95,4.69,0.0
20201025:0511,0.0,0.0,0.0,5.09,4.28,0.0
20201025:0611,0.0,0.0,0.0,4.89,3.24,0.0
20201025:0711,0.0,2.95,3.56,4.7,3.31,0.0
20201025:0811,7.83,19.59,9.48,4.35,3.45,0.0
20201025:0911,25.0,42.52,14.11,3.82,3.24,0.0
20201025:1011,29.23,47.68,17.1,3.16,2.41,0.0
20201025:1111,19.31,35.16,18.17,2.54,2.34,0.0
20201025:1211,49.18,71.21,17.23,2.39,2.21,0.0
20201025:1311,64.27,88.06,14.37,2.47,2.41,0.0
20201025:1411,15.35,29.92,9.84,2.18,2.07,0.0
20201025:1511,0.0,4.36,3.99,1.76,1.93,0.0
20201025:1611,0.0,0.0,0.0,1.43,1.86,0.0
20201025:1711,0.0,0.0,0.0,0.77,1.93,0.0
20201025:1811,0.0,0.0,0.0,0.0,2.0,0.0
20201025:1911,0.0,0.0,0.0,-0.36,2.14,0.0
20201025:2011,0.0,0.0,0.0,-0.56,2.21,0.0
20201025:2111,0.0,0.0,0.0,-0.09,2.14,0.0
20201025:2211,0.0,0.0,0.0,0.4,2.0,0.0
20201025:2311,0.0,0.0,0.0,0.91,2.28,0.0
20201026:0011,0.0,0.0,0.0,0.91,1.93,0.0
20201026:0111,0.0,0.0,0.0,0.76,2.0,0.0
20201026:0211,0.0,0.0,0.0,0.89,2.14,0.0
20201026:0311,0.0,0.0,0.0,0.88,2.0,0.0
20201026:0411,0.0,0.0,0.0,0.84,1.86,0.0
20201026:0511,0.0,0.0,0.0,0.86,2.41,0.0
20201026:0611,0.0,0.0,0.0,0.75,2.41,0.0
20201026:0711,0.0,3.54,3.26,0.69,2.28,0.0
20201026:0811,82.85,106.76,9.16,0.6,2.28,0.0
20201026:0911,27.43,45.02,13.78,0.63,2.34,0.0
20201026:1011,45.65,66.75,16.76,1.09,2.41,0.0
20201026:1111,83.95,110.02,17.83,1.63,2.34,0.0
20201026:1211,137.56,168.0,16.89,2.01,2.41,0.0
20201026:1311,39.16,59.39,14.03,2.1,2.34,0.0
20201026:1411,10.73,23.61,9.51,2.13,2.69,0.0
20201026:1511,0.0,5.08,3.68,1.7,2.0,0.0
20201026:1611,0.0,0.0,0.0,1.47,1.86,0.0
20201026:1711,0.0,0.0,0.0,1.29,1.79,0.0
20201026:1811,0.0,0.0,0.0,1.16,1.59,0.0
20201026:1911,0.0,0.0,0.0,1.49,2.07,0.0
20201026:2011,0.0,0.0,0.0,1.36,1.66,0.0
20201026:2111,0.0,0.0,0.0,1.17,1.45,0.0
20201026:2211,0.0,0.0,0.0,1.2,1.66,0.0
20201026:2311,0.0,0.0,0.0,1.02,1.31,0.0
20201027:0011,0.0,0.0,0.0,1.1,1.52,0.0
20201027:0111,0.0,0.0,0.0,0.96,1.31,0.0
20201027:0211,0.0,0.0,0.0,1.0,1.59,0.0
20201027:0311,0.0,0.0,0.0,1.01,1.66,0.0
20201027:0411,0.0,0.0,0.0,0.97,1.66,0.0
20201027:0511,0.0,0.0,0.0,1.12,2.14,0.0
20201027:0611,0.0,0.0,0.0,1.21,2.14,0.0
20201027:0711,1.18,8.26,2.96,1.24,1.52,0.0
20201027:0811,10.14,22.71,8.85,1.09,1.66,0.0
20201027:0911,123.02,151.3,13.46,1.25,1.79,0.0
20201027:1011,39.64,59.81,16.42,1.35,2.0,0.0
20201027:1111,29.24,47.47,17.49,1.8,2.14,0.0
20201027:1211,81.78,107.49,16.55,1.84,2.55,0.0
20201027:1311,39.22,59.37,13.7,1.76,2.41,0.0
20201027:1411,8.01,19.67,9.19,1.43,2.14,0.0
20201027:1511,64.3,85.6,3.36,1.27,1.79,0.0
20201027:1611,0.0,0.0,0.0,1.02,1.52,0.0
20201027:1711,0.0,0.0,0.0,1.0,1.72,0.0
20201027:1811,0.0,0.0,0.0,1.03,1.86,0.0
20201027:1911,0.0,0.0,0.0,0.81,1.38,0.0
20201027:2011,0.0,0.0,0.0,0.97,1.79,0.0
20201027:2111,0.0,0.0,0.0,0.93,1.59,0.0
20201027:2211,0.0,0.0,0.0,0.94,1.72,0.0
20201027:2311,0.0,0.0,0.0,1.07,1.86,0.0
20201028:0011,0.0,0.0,0.0,1.0,2.14,0.0
20201028:0111,0.0,0.0,0.0,1.03,2.41,0.0
20201028:0211,0.0,0.0,0.0,0.75,2.76,0.0
20201028:0311,0.0,0.0,0.0,0.59,2.83,0.0
20201028:0411,0.0,0.0,0.0,0.51,3.17,0.0
20201028:0511,0.0,0.0,0.0,0.51,3.03,0.0
20201028:0611,0.0,0.0,0.0,0.65,2.76,0.0
20201028:0711,0.0,3.54,2.66,0.95,1.86,0.0
20201028:0811,182.98,214.03,8.54,1.24,2.14,0.0
20201028:0911,358.49,405.54,13.14,1.36,2.62,0.0
20201028:1011,58.81,81.89,16.09,1.6,2.41,0.0
20201028:1111,38.08,58.01,17.15,1.57,2.41,0.0
20201028:1211,21.78,38.2,16.21,1.78,2.41,0.0
20201028:1311,59.3,82.16,13.37,1.78,2.34,0.0
20201028:1411,1.37,8.65,8.87,1.54,2.41,0.0
20201028:1511,0.0,2.17,3.05,1.44,2.28,0.0
20201028:1611,0.0,0.0,0.0,1.29,2.69,0.0
20201028:1711,0.0,0.0,0.0,1.32,2.97,0.0
20201028:1811,0.0,0.0,0.0,1.1,3.03,0.0
20201028:1911,0.0,0.0,0.0,1.23,2.62,0.0
20201028:2011,0.0,0.0,0.0,1.17,2.34,0.0
20201028:2111,0.0,0.0,0.0,1.2,2.21,0.0
20201028:2211,0.0,0.0,0.0,1.19,2.14,0.0
20201028:2311,0.0,0.0,0.0,0.97,2.07,0.0
20201029:0011,0.0,0.0,0.0,0.85,1.79,0.0
20201029:0111,0.0,0.0,0.0,0.66,1.66,0.0
20201029:0211,0.0,0.0,0.0,0.26,1.52,0.0
20201029:0311,0.0,0.0,0.0,0.03,1.45,0.0
20201029:0411,0.0,0.0,0.0,-0.04,1.24,0.0
20201029:0511,0.0,0.0,0.0,-0.5,1.31,0.0
20201029:0611,0.0,0.0,0.0,-0.58,1.24,0.0
20201029:0711,0.0,4.13,2.36,-0.69,1.52,0.0
20201029:0811,186.6,216.94,8.23,-0.44,1.24,0.0
20201029:0911,23.46,40.0,12.81,-0.32,1.72,0.0
20201029:1011,89.41,115.39,15.76,1.16,2.55,0.0
20201029:1111,104.6,132.36,16.82,1.96,3.03,0.0
20201029:1211,78.3,103.66,15.88,2.07,2.62,0.0
20201029:1311,59.54,82.53,13.04,2.14,2.48,0.0
20201029:1411,12.99,26.73,8.55,1.97,2.28,0.0
20201029:1511,0.0,3.56,2.75,1.31,1.72,0.0
20201029:1611,0.0,0.0,0.0,0.82,1.59,0.0
20201029:1711,0.0,0.0,0.0,0.3,1.38,0.0
20201029:1811,0.0,0.0,0.0,1.06,1.1,0.0
20201029:1911,0.0,0.0,0.0,1.31,0.55,0.0
20201029:2011,0.0,0.0,0.0,-0.12,0.97,0.0
20201029:2111,0.0,0.0,0.0,-1.66,1.17,0.0
20201029:2211,0.0,0.0,0.0,-2.61,1.1,0.0
20201029:2311,0.0,0.0,0.0,-3.25,1.03,0.0
20201030:0011,0.0,0.0,0.0,-3.56,0.97,0.0
20201030:0111,0.0,0.0,0.0,-3.76,0.9,0.0
20201030:0211,0.0,0.0,0.0,-4.04,0.9,0.0
20201030:0311,0.0,0.0,0.0,-4.17,0.9,0.0
20201030:0411,0.0,0.0,0.0,-4.1,0.9,0.0
20201030:0511,0.0,0.0,0.0,-3.78,1.03,0.0
20201030:0611,0.0,0.0,0.0,-3.05,1.17,0.0
20201030:0711,0.0,1.77,2.07,-1.37,1.72,0.0
20201030:0811,14.83,28.95,7.93,-0.44,1.72,0.0
20201030:0911,22.71,39.16,12.5,0.38,1.93,0.0
20201030:1011,10.04,22.54,15.43,0.66,2.0,0.0
20201030:1111,25.8,43.07,16.49,0.78,2.14,0.0
20201030:1211,28.2,46.01,15.55,0.78,2.21,0.0
20201030:1311,9.46,21.73,12.72,0.88,2.14,0.0
20201030:1411,1.0,7.86,8.24,0.9,2.0,0.0
20201030:1511,0.0,2.37,2.45,0.9,1.72,0.0
20201030:1611,0.0,0.0,0.0,0.91,1.45,0.0
20201030:1711,0.0,0.0,0.0,0.9,1.24,0.0
20201030:1811,0.0,0.0,0.0,1.23,1.86,0.0
20201030:1911,0.0,0.0,0.0,1.16,1.72,0.0
20201030:2011,0.0,0.0,0.0,1.16,1.24,0.0
20201030:2111,0.0,0.0,0.0,1.38,0.9,0.0
20201030:2211,0.0,0.0,0.0,1.42,0.9,0.0
20201030:2311,0.0,0.0,0.0,1.4,1.45,0.0
20201031:0011,0.0,0.0,0.0,1.49,1.66,0.0
20201031:0111,0.0,0.0,0.0,1.22,1.79,0.0
20201031:0211,0.0,0.0,0.0,0.78,1.93,0.0
20201031:0311,0.0,0.0,0.0,-0.03,1.86,0.0
20201031:0411,0.0,0.0,0.0,-0.43,1.66,0.0
20201031:0511,0.0,0.0,0.0,-0.94,1.38,0.0
20201031:0611,0.0,0.0,0.0,-1.57,1.17,0.0
20201031:0711,0.0,3.53,1.78,-1.19,1.03,0.0
20201031:0811,324.04,366.09,7.62,-1.01,0.83,0.0
20201031:0911,398.86,454.56,12.18,-0.65,0.41,0.0
20201031:1011,538.6,616.72,15.11,-0.71,1.03,0.0
20201031:1111,459.24,522.45,16.16,0.27,1.52,0.0
20201031:1211,385.34,437.12,15.23,0.73,1.86,0.0
20201031:1311,106.18,132.78,12.4,0.97,2.34,0.0
20201031:1411,1.77,9.43,7.93,0.98,2.9,0.0
20201031:1511,0.0,1.19,2.15,0.78,2.97,0.0
20201031:1611,0.0,0.0,0.0,0.54,3.03,0.0
20201031:1711,0.0,0.0,0.0,0.53,2.9,0.0
20201031:1811,0.0,0.0,0.0,0.51,2.83,0.0
20201031:1911,0.0,0.0,0.0,0.77,2.83,0.0
20201031:2011,0.0,0.0,0.0,0.83,2.97,0.0
20201031:2111,0.0,0.0,0.0,1.11,2.83,0.0
20201031:2211,0.0,0.0,0.0,1.56,2.9,0.0
20201031:2311,0.0,0.0,0.0,2.0,2.34,0.0
20201101:0011,0.0,0.0,0.0,2.43,2.41,0.0
20201101:0111,0.0,0.0,0.0,2.91,2.55,0.0
20201101:0211,0.0,0.0,0.0,3.0,2.14,0.0
20201101:0311,0.0,0.0,0.0,2.71,1.66,0.0
20201101:0411,0.0,0.0,0.0,2.65,1.38,0.0
20201101:0511,0.0,0.0,0.0,2.41,1.52,0.0
20201101:0611,0.0,0.0,0.0,2.24,1.72,0.0
20201101:0711,0.0,0.0,0.0,1.57,1.52,0.0
20201101:0811,32.25,50.5,7.32,1.63,1.59,0.0
20201101:0911,7.09,18.33,11.87,1.95,2.41,0.0
20201101:1011,19.66,35.54,14.79,2.06,3.24,0.0
20201101:1111,25.61,43.07,15.83,2.4,3.52,0.0
20201101:1211,62.73,86.48,14.91,2.71,3.86,0.0
20201101:1311,12.35,25.9,12.09,2.61,4.14,0.0
20201101:1411,211.27,243.6,7.63,2.09,4.34,0.0
20201101:1511,0.0,0.59,1.86,1.59,4.28,0.0
20201101:1611,0.0,0.0,0.0,1.22,4.14,0.0
20201101:1711,0.0,0.0,0.0,1.2,3.45,0.0
20201101:1811,0.0,0.0,0.0,1.53,3.79,0.0
20201101:1911,0.0,0.0,0.0,3.12,3.1,0.0
20201101:2011,0.0,0.0,0.0,3.73,2.9,0.0
20201101:2111,0.0,0.0,0.0,3.53,3.59,0.0
20201101:2211,0.0,0.0,0.0,2.68,3.03,0.0
20201101:2311,0.0,0.0,0.0,2.02,2.9,0.0
20201102:0011,0.0,0.0,0.0,1.44,2.55,0.0
20201102:0111,0.0,0.0,0.0,1.21,2.9,0.0
20201102:0211,0.0,0.0,0.0,1.03,2.76,0.0
20201102:0311,0.0,0.0,0.0,1.33,2.34,0.0
20201102:0411,0.0,0.0,0.0,1.87,2.14,0.0
20201102:0511,0.0,0.0,0.0,2.44,2.34,0.0
20201102:0611,0.0,0.0,0.0,3.42,2.41,0.0
20201102:0711,0.0,0.0,0.0,4.78,4.21,0.0
20201102:0811,50.4,71.73,7.02,3.86,3.86,0.0
20201102:0911,3.4,12.49,11.56,3.45,2.9,0.0
20201102:1011,17.52,32.93,14.47,3.38,2.83,0.0
20201102:1111,45.23,66.8,15.51,3.35,3.86,0.0
20201102:1211,158.47,190.72,14.59,3.54,3.66,0.0
20201102:1311,263.51,303.22,11.78,3.48,3.38,0.0
20201102:1411,516.92,590.46,7.33,2.97,2.34,0.0
20201102:1511,0.0,0.59,1.57,2.44,2.0,0.0
20201102:1611,0.0,0.0,0.0,1.94,2.28,0.0
20201102:1711,0.0,0.0,0.0,1.71,2.28,0.0
20201102:1811,0.0,0.0,0.0,1.51,2.21,0.0
20201102:1911,0.0,0.0,0.0,1.44,2.34,0.0
20201102:2011,0.0,0.0,0.0,1.42,2.76,0.0
20201102:2111,0.0,0.0,0.0,1.15,2.48,0.0
20201102:2211,0.0,0.0,0.0,0.95,2.48,0.0
20201102:2311,0.0,0.0,0.0,0.58,2.55,0.0
20201103:0011,0.0,0.0,0.0,0.39,2.62,0.0
20201103:0111,0.0,0.0,0.0,0.3,2.83,0.0
20201103:0211,0.0,0.0,0.0,-0.07,2.48,0.0
20201103:0311,0.0,0.0,0.0,-0.55,2.28,0.0
20201103:0411,0.0,0.0,0.0,-0.46,2.34,0.0
20201103:0511,0.0,0.0,0.0,-0.69,2.28,0.0
20201103:0611,0.0,0.0,0.0,-0.78,2.28,0.0
20201103:0711,0.0,0.0,0.0,-1.45,2.14,0.0
20201103:0811,10.83,23.44,6.73,-1.66,2.0,0.0
20201103:0911,39.46,58.85,11.25,-1.0,2.34,0.0
20201103:1011,393.94,442.15,14.16,-0.1,2.9,0.0
20201103:1111,55.4,77.82,15.2,1.14,3.24,0.0
20201103:1211,41.91,62.5,14.28,1.67,3.45,0.0
20201103:1311,37.55,57.19,11.48,1.54,2.21,0.0
20201103:1411,545.7,622.68,7.04,1.38,1.93,0.0
20201103:1511,0.0,0.0,0.0,0.75,1.66,0.0
20201103:1611,0.0,0.0,0.0,-0.06,1.17,0.0
20201103:1711,0.0,0.0,0.0,-1.82,1.86,0.0
20201103:1811,0.0,0.0,0.0,-2.84,2.0,0.0
20201103:1911,0.0,0.0,0.0,-2.61,2.48,0.0
20201103:2011,0.0,0.0,0.0,-1.98,2.28,0.0
20201103:2111,0.0,0.0,0.0,-1.53,2.07,0.0
20201103:2211,0.0,0.0,0.0,-1.02,1.93,0.0
20201103:2311,0.0,0.0,0.0,-0.67,1.72,0.0
20201104:0011,0.0,0.0,0.0,-0.67,1.45,0.0
20201104:0111,0.0,0.0,0.0,-1.31,1.38,0.0
20201104:0211,0.0,0.0,0.0,-1.91,1.52,0.0
20201104:0311,0.0,0.0,0.0,-2.76,1.72,0.0
20201104:0411,0.0,0.0,0.0,-3.33,1.86,0.0
20201104:0511,0.0,0.0,0.0,-3.71,1.93,0.0
20201104:0611,0.0,0.0,0.0,-3.96,2.0,0.0
20201104:0711,0.0,0.0,0.0,-3.9,2.0,0.0
20201104:0811,211.58,238.98,6.43,-3.9,2.07,0.0
20201104:0911,7.88,19.15,10.95,-3.56,2.07,0.0
20201104:1011,219.03,250.43,13.85,-1.38,3.59,0.0
20201104:1111,21.64,37.8,14.89,0.21,3.38,0.0
20201104:1211,300.58,340.32,13.97,0.58,3.24,0.0
20201104:1311,99.37,125.02,11.18,0.65,2.9,0.0
20201104:1411,1.37,8.63,6.75,0.41,3.52,0.0
20201104:1511,0.0,0.0,0.0,0.0,3.45,0.0
20201104:1611,0.0,0.0,0.0,-0.44,3.38,0.0
20201104:1711,0.0,0.0,0.0,-0.7,3.45,0.0
20201104:1811,0.0,0.0,0.0,-0.48,3.66,0.0
20201104:1911,0.0,0.0,0.0,-0.05,2.69,0.0
20201104:2011,0.0,0.0,0.0,0.12,3.24,0.0
20201104:2111,0.0,0.0,0.0,0.33,3.79,0.0
20201104:2211,0.0,0.0,0.0,0.35,4.41,0.0
20201104:2311,0.0,0.0,0.0,0.54,5.24,0.0
20201105:0011,0.0,0.0,0.0,0.77,5.45,0.0
20201105:0111,0.0,0.0,0.0,1.06,5.45,0.0
20201105:0211,0.0,0.0,0.0,1.33,5.72,0.0
20201105:0311,0.0,0.0,0.0,1.85,6.0,0.0
20201105:0411,0.0,0.0,0.0,2.41,5.79,0.0
20201105:0511,0.0,0.0,0.0,3.09,5.31,0.0
20201105:0611,0.0,0.0,0.0,4.08,5.1,0.0
20201105:0711,0.0,0.0,0.0,4.01,3.38,0.0
20201105:0811,59.05,81.45,6.14,4.55,3.72,0.0
20201105:0911,185.23,219.46,10.65,5.02,4.34,0.0
20201105:1011,196.86,232.87,13.54,5.23,4.62,0.0
20201105:1111,144.04,176.24,14.58,5.23,4.76,0.0
20201105:1211,70.13,95.5,13.67,5.42,5.03,0.0
20201105:1311,295.46,339.29,10.88,5.53,4.9,0.0
20201105:1411,0.27,6.28,6.47,5.75,4.83,0.0
20201105:1511,0.0,0.0,0.0,5.81,4.97,0.0
20201105:1611,0.0,0.0,0.0,5.79,4.69,0.0
20201105:1711,0.0,0.0,0.0,5.69,4.55,0.0
20201105:1811,0.0,0.0,0.0,5.59,4.28,0.0
20201105:1911,0.0,0.0,0.0,5.45,4.21,0.0
20201105:2011,0.0,0.0,0.0,5.51,4.0,0.0
20201105:2111,0.0,0.0,0.0,5.6,3.66,0.0
20201105:2211,0.0,0.0,0.0,5.65,3.31,0.0
20201105:2311,0.0,0.0,0.0,5.64,3.03,0.0
20201106:0011,0.0,0.0,0.0,5.74,3.1,0.0
20201106:0111,0.0,0.0,0.0,5.71,2.83,0.0
20201106:0211,0.0,0.0,0.0,5.66,2.69,0.0
20201106:0311,0.0,0.0,0.0,5.68,3.03,0.0
20201106:0411,0.0,0.0,0.0,5.71,3.52,0.0
20201106:0511,0.0,0.0,0.0,5.66,3.79,0.0
20201106:0611,0.0,0.0,0.0,5.4,3.93,0.0
20201106:0711,0.0,0.0,0.0,5.29,3.59,0.0
20201106:0811,1.68,9.37,5.85,4.82,3.52,0.0
20201106:0911,17.7,33.29,10.35,4.56,3.45,0.0
20201106:1011,10.42,23.39,13.24,4.65,3.31,0.0
20201106:1111,175.58,210.39,14.28,4.83,3.38,0.0
20201106:1211,407.66,466.3,13.37,4.9,3.52,0.0
20201106:1311,521.4,597.84,10.6,4.56,3.1,0.0
20201106:1411,396.97,452.05,6.19,4.25,2.83,0.0
20201106:1511,0.0,0.0,0.0,3.38,2.76,0.0
20201106:1611,0.0,0.0,0.0,2.69,2.69,0.0
20201106:1711,0.0,0.0,0.0,2.28,2.55,0.0
20201106:1811,0.0,0.0,0.0,1.91,2.34,0.0
20201106:1911,0.0,0.0,0.0,1.73,2.07,0.0
20201106:2011,0.0,0.0,0.0,1.11,2.0,0.0
20201106:2111,0.0,0.0,0.0,0.34,1.86,0.0
20201106:2211,0.0,0.0,0.0,-0.1,1.72,0.0
20201106:2311,0.0,0.0,0.0,-0.46,1.59,0.0
20201107:0011,0.0,0.0,0.0,-0.95,1.66,0.0
20201107:0111,0.0,0.0,0.0,-1.18,1.79,0.0
20201107:0211,0.0,0.0,0.0,-1.3,1.93,0.0
20201107:0311,0.0,0.0,0.0,-1.25,2.0,0.0
20201107:0411,0.0,0.0,0.0,-1.04,2.0,0.0
20201107:0511,0.0,0.0,0.0,-0.6,2.0,0.0
20201107:0611,0.0,0.0,0.0,0.02,2.0,0.0
20201107:0711,0.0,0.0,0.0,0.42,1.79,0.0
20201107:0811,202.38,233.86,5.57,0.83,1.86,0.0
20201107:0911,357.85,405.66,10.06,1.42,2.07,0.0
20201107:1011,497.67,568.52,12.94,2.01,2.07,0.0
20201107:1111,203.81,239.28,13.98,2.5,2.28,0.0
20201107:1211,33.6,52.95,13.07,2.89,2.21,0.0
20201107:1311,43.81,64.74,10.31,3.31,2.97,0.0
20201107:1411,41.02,60.78,5.92,3.19,2.55,0.0
20201107:1511,0.0,0.0,0.0,2.83,2.41,0.0
20201107:1611,0.0,0.0,0.0,2.37,2.28,0.0
20201107:1711,0.0,0.0,0.0,2.06,2.14,0.0
20201107:1811,0.0,0.0,0.0,1.93,2.0,0.0
20201107:1911,0.0,0.0,0.0,1.59,1.72,0.0
20201107:2011,0.0,0.0,0.0,1.32,1.72,0.0
20201107:2111,0.0,0.0,0.0,1.5,1.93,0.0
20201107:2211,0.0,0.0,0.0,1.72,1.79,0.0
20201107:2311,0.0,0.0,0.0,1.83,1.66,0.0
20201108:0011,0.0,0.0,0.0,1.76,1.24,0.0
20201108:0111,0.0,0.0,0.0,1.52,1.31,0.0
20201108:0211,0.0,0.0,0.0,1.47,1.1,0.0
20201108:0311,0.0,0.0,0.0,1.21,1.1,0.0
20201108:0411,0.0,0.0,0.0,0.72,1.17,0.0
20201108:0511,0.0,0.0,0.0,0.37,1.17,0.0
20201108:0611,0.0,0.0,0.0,0.12,1.31,0.0
20201108:0711,0.0,0.0,0.0,-0.51,1.38,0.0
20201108:0811,412.37,464.44,5.28,-0.39,1.24,0.0
20201108:0911,567.93,653.61,9.77,0.21,1.1,0.0
20201108:1011,603.16,702.06,12.65,1.06,1.03,0.0
20201108:1111,600.85,703.84,13.68,2.07,0.97,0.0
20201108:1211,587.15,689.36,12.79,2.76,0.9,0.0
20201108:1311,580.64,681.25,10.03,3.04,0.9,0.0
20201108:1411,380.85,436.3,5.65,3.02,1.1,0.0
20201108:1511,0.0,0.0,0.0,2.18,1.1,0.0
20201108:1611,0.0,0.0,0.0,1.34,1.1,0.0
20201108:1711,0.0,0.0,0.0,1.29,1.03,0.0
20201108:1811,0.0,0.0,0.0,0.59,1.24,0.0
20201108:1911,0.0,0.0,0.0,-0.95,1.45,0.0
20201108:2011,0.0,0.0,0.0,-0.63,1.38,0.0
20201108:2111,0.0,0.0,0.0,-0.22,1.24,0.0
20201108:2211,0.0,0.0,0.0,0.75,1.03,0.0
20201108:2311,0.0,0.0,0.0,1.56,0.97,0.0
20201109:0011,0.0,0.0,0.0,2.07,0.9,0.0
20201109:0111,0.0,0.0,0.0,2.17,1.03,0.0
20201109:0211,0.0,0.0,0.0,2.22,1.03,0.0
20201109:0311,0.0,0.0,0.0,2.34,1.03,0.0
20201109:0411,0.0,0.0,0.0,2.54,1.03,0.0
20201109:0511,0.0,0.0,0.0,2.59,0.83,0.0
20201109:0611,0.0,0.0,0.0,2.42,0.69,0.0
20201109:0711,0.0,0.0,0.0,2.02,0.76,0.0
20201109:0811,223.0,258.21,5.0,1.9,0.76,0.0
20201109:0911,492.25,571.2,9.48,2.37,0.62,0.0
20201109:1011,545.76,640.51,12.36,2.54,0.48,0.0
20201109:1111,577.52,683.54,13.39,3.65,0.62,0.0
20201109:1211,561.72,660.04,12.5,3.87,0.97,0.0
20201109:1311,524.31,608.79,9.76,3.45,1.24,0.0
20201109:1411,366.17,418.08,5.39,2.78,1.31,0.0
20201109:1511,0.0,0.0,0.0,1.22,1.24,0.0
20201109:1611,0.0,0.0,0.0,0.88,1.03,0.0
20201109:1711,0.0,0.0,0.0,0.72,0.9,0.0
20201109:1811,0.0,0.0,0.0,0.18,0.83,0.0
20201109:1911,0.0,0.0,0.0,0.24,1.03,0.0
20201109:2011,0.0,0.0,0.0,-0.01,0.97,0.0
20201109:2111,0.0,0.0,0.0,-0.21,0.97,0.0
20201109:2211,0.0,0.0,0.0,-0.52,0.9,0.0
20201109:2311,0.0,0.0,0.0,-1.11,0.97,0.0
20201110:0011,0.0,0.0,0.0,-1.22,0.83,0.0
20201110:0111,0.0,0.0,0.0,-0.78,0.62,0.0
20201110:0211,0.0,0.0,0.0,-0.7,0.55,0.0
20201110:0311,0.0,0.0,0.0,-0.85,0.62,0.0
20201110:0411,0.0,0.0,0.0,-1.35,0.62,0.0
20201110:0511,0.0,0.0,0.0,-1.23,0.48,0.0
20201110:0611,0.0,0.0,0.0,-1.24,0.48,0.0
20201110:0711,0.0,0.0,0.0,-1.84,0.69,0.0
20201110:0811,90.65,113.44,4.73,-1.82,0.83,0.0
20201110:0911,69.32,91.89,9.2,-0.93,0.76,0.0
20201110:1011,252.18,289.81,12.07,-0.28,0.76,0.0
20201110:1111,39.02,58.89,13.11,0.19,0.83,0.0
20201110:1211,111.52,138.85,12.22,0.59,0.9,0.0
20201110:1311,310.7,354.73,9.49,0.87,0.97,0.0
20201110:1411,176.9,206.84,5.14,0.66,1.17,0.0
20201110:1511,0.0,0.0,0.0,0.33,1.31,0.0
20201110:1611,0.0,0.0,0.0,-0.03,1.38,0.0
20201110:1711,0.0,0.0,0.0,-0.2,1.38,0.0
20201110:1811,0.0,0.0,0.0,-0.14,1.24,0.0
20201110:1911,0.0,0.0,0.0,0.06,1.38,0.0
20201110:2011,0.0,0.0,0.0,0.08,1.31,0.0
20201110:2111,0.0,0.0,0.0,0.07,1.45,0.0
20201110:2211,0.0,0.0,0.0,0.11,1.31,0.0
20201110:2311,0.0,0.0,0.0,0.17,1.38,0.0
20201111:0011,0.0,0.0,0.0,0.33,1.38,0.0
20201111:0111,0.0,0.0,0.0,0.43,1.45,0.0
20201111:0211,0.0,0.0,0.0,0.52,1.45,0.0
20201111:0311,0.0,0.0,0.0,0.57,1.45,0.0
20201111:0411,0.0,0.0,0.0,0.64,1.52,0.0
20201111:0511,0.0,0.0,0.0,0.7,1.59,0.0
20201111:0611,0.0,0.0,0.0,0.75,1.59,0.0
20201111:0711,0.0,0.0,0.0,0.79,1.59,0.0
20201111:0811,2.56,10.9,4.46,0.82,1.59,0.0
20201111:0911,7.1,18.29,8.92,0.94,1.59,0.0
20201111:1011,10.6,23.38,11.79,1.28,1.72,0.0
20201111:1111,20.79,36.92,12.83,1.43,1.86,0.0
20201111:1211,19.76,35.59,11.95,1.37,2.07,0.0
20201111:1311,11.2,24.21,9.23,1.35,2.21,0.0
20201111:1411,112.48,138.02,4.89,1.16,2.0,0.0
20201111:1511,0.0,0.0,0.0,0.96,1.93,0.0
20201111:1611,0.0,0.0,0.0,0.72,2.0,0.0
20201111:1711,0.0,0.0,0.0,0.58,2.14,0.0
20201111:1811,0.0,0.0,0.0,0.53,1.79,0.0
20201111:1911,0.0,0.0,0.0,0.7,1.86,0.0
20201111:2011,0.0,0.0,0.0,0.68,1.93,0.0
20201111:2111,0.0,0.0,0.0,0.62,2.0,0.0
20201111:2211,0.0,0.0,0.0,0.53,2.14,0.0
20201111:2311,0.0,0.0,0.0,0.48,2.07,0.0
20201112:0011,0.0,0.0,0.0,0.42,1.93,0.0
20201112:0111,0.0,0.0,0.0,0.36,1.86,0.0
20201112:0211,0.0,0.0,0.0,0.3,1.93,0.0
20201112:0311,0.0,0.0,0.0,0.3,1.93,0.0
20201112:0411,0.0,0.0,0.0,0.22,1.86,0.0
20201112:0511,0.0,0.0,0.0,0.17,1.79,0.0
20201112:0611,0.0,0.0,0.0,0.12,2.0,0.0
20201112:0711,0.0,0.0,0.0,0.38,2.07,0.0
20201112:0811,1.73,9.34,4.19,0.39,1.93,0.0
20201112:0911,29.88,47.77,8.65,0.55,2.14,0.0
20201112:1011,32.41,51.09,11.51,0.79,2.28,0.0
20201112:1111,52.67,74.52,12.55,0.85,2.0,0.0
20201112:1211,99.88,126.18,11.68,1.07,2.0,0.0
20201112:1311,46.02,66.55,8.97,1.12,1.86,0.0
20201112:1411,2.17,10.19,4.64,1.01,2.14,0.0
20201112:1511,0.0,0.0,0.0,0.82,1.72,0.0
20201112:1611,0.0,0.0,0.0,0.76,2.28,0.0
20201112:1711,0.0,0.0,0.0,0.72,2.48,0.0
20201112:1811,0.0,0.0,0.0,0.68,2.34,0.0
20201112:1911,0.0,0.0,0.0,0.87,2.9,0.0
20201112:2011,0.0,0.0,0.0,0.76,2.21,0.0
20201112:2111,0.0,0.0,0.0,0.6,2.0,0.0
20201112:2211,0.0,0.0,0.0,0.46,2.14,0.0
20201112:2311,0.0,0.0,0.0,0.31,2.28,0.0
20201113:0011,0.0,0.0,0.0,0.27,2.28,0.0
20201113:0111,0.0,0.0,0.0,0.18,2.28,0.0
20201113:0211,0.0,0.0,0.0,0.12,2.14,0.0
20201113:0311,0.0,0.0,0.0,0.02,2.07,0.0
20201113:0411,0.0,0.0,0.0,-0.06,2.21,0.0
20201113:0511,0.0,0.0,0.0,-0.17,2.21,0.0
20201113:0611,0.0,0.0,0.0,-0.22,2.21,0.0
20201113:0711,0.0,0.0,0.0,-0.2,2.41,0.0
20201113:0811,14.93,28.59,3.92,-0.27,2.41,0.0
20201113:0911,8.27,19.94,8.38,-0.2,2.41,0.0
20201113:1011,16.48,31.17,11.24,-0.12,2.41,0.0
20201113:1111,9.68,21.97,12.28,-0.04,2.55,0.0
20201113:1211,10.72,23.44,11.42,0.0,2.34,0.0
20201113:1311,1.66,9.18,8.72,0.01,2.28,0.0
20201113:1411,93.27,116.67,4.4,0.01,2.55,0.0
20201113:1511,0.0,0.0,0.0,-0.04,2.48,0.0
20201113:1611,0.0,0.0,0.0,0.0,2.28,0.0
20201113:1711,0.0,0.0,0.0,0.22,2.9,0.0
20201113:1811,0.0,0.0,0.0,0.42,3.03,0.0
20201113:1911,0.0,0.0,0.0,0.46,2.55,0.0
20201113:2011,0.0,0.0,0.0,0.66,2.28,0.0
20201113:2111,0.0,0.0,0.0,0.79,2.0,0.0
20201113:2211,0.0,0.0,0.0,0.7,0.9,0.0
20201113:2311,0.0,0.0,0.0,0.68,0.83,0.0
20201114:0011,0.0,0.0,0.0,0.63,1.1,0.0
20201114:0111,0.0,0.0,0.0,0.43,1.1,0.0
20201114:0211,0.0,0.0,0.0,0.36,0.76,0.0
20201114:0311,0.0,0.0,0.0,0.05,0.9,0.0
20201114:0411,0.0,0.0,0.0,-0.52,1.31,0.0
20201114:0511,0.0,0.0,0.0,-0.31,1.45,0.0
20201114:0611,0.0,0.0,0.0,-0.63,1.38,0.0
20201114:0711,0.0,0.0,0.0,-0.84,1.66,0.0
20201114:0811,0.98,7.78,3.66,-0.97,1.59,0.0
20201114:0911,7.17,18.27,8.11,-1.04,1.66,0.0
20201114:1011,253.22,288.74,10.97,-0.34,2.07,0.0
20201114:1111,7.26,18.46,12.02,-0.23,1.66,0.0
20201114:1211,7.08,18.23,11.16,0.57,2.28,0.0
20201114:1311,15.58,30.05,8.47,0.5,1.79,0.0
20201114:1411,0.3,6.27,4.17,0.74,2.0,0.0
20201114:1511,0.0,0.0,0.0,0.53,1.93,0.0
20201114:1611,0.0,0.0,0.0,0.35,1.93,0.0
20201114:1711,0.0,0.0,0.0,0.44,2.14,0.0
20201114:1811,0.0,0.0,0.0,0.57,2.55,0.0
20201114:1911,0.0,0.0,0.0,0.5,1.93,0.0
20201114:2011,0.0,0.0,0.0,0.58,1.93,0.0
20201114:2111,0.0,0.0,0.0,0.73,2.62,0.0
20201114:2211,0.0,0.0,0.0,0.73,2.28,0.0
20201114:2311,0.0,0.0,0.0,0.72,2.28,0.0
20201115:0011,0.0,0.0,0.0,0.69,2.41,0.0
20201115:0111,0.0,0.0,0.0,0.64,2.34,0.0
20201115:0211,0.0,0.0,0.0,0.67,2.34,0.0
20201115:0311,0.0,0.0,0.0,0.65,2.14,0.0
20201115:0411,0.0,0.0,0.0,0.76,2.0,0.0
20201115:0511,0.0,0.0,0.0,0.95,2.0,0.0
20201115:0611,0.0,0.0,0.0,1.44,2.76,0.0
20201115:0711,0.0,0.0,0.0,1.98,2.07,0.0
20201115:0811,1.31,8.55,3.4,2.19,1.93,0.0
20201115:0911,4.89,14.94,7.85,2.49,2.07,0.0
20201115:1011,3.7,12.98,10.71,2.79,2.07,0.0
20201115:1111,39.87,60.31,11.76,3.02,2.21,0.0
20201115:1211,22.97,39.94,10.91,3.44,2.76,0.0
20201115:1311,1.2,8.35,8.23,3.47,2.97,0.0
20201115:1411,96.74,121.73,3.94,3.36,3.17,0.0
20201115:1511,0.0,0.0,0.0,2.88,2.48,0.0
20201115:1611,0.0,0.0,0.0,3.13,2.69,0.0
20201115:1711,0.0,0.0,0.0,3.63,3.45,0.0
20201115:1811,0.0,0.0,0.0,3.96,3.79,0.0
20201115:1911,0.0,0.0,0.0,4.46,3.79,0.0
20201115:2011,0.0,0.0,0.0,4.48,3.86,0.0
20201115:2111,0.0,0.0,0.0,4.46,4.21,0.0
20201115:2211,0.0,0.0,0.0,4.38,4.21,0.0
20201115:2311,0.0,0.0,0.0,4.18,3.93,0.0
20201116:0011,0.0,0.0,0.0,3.99,3.1,0.0
20201116:0111,0.0,0.0,0.0,3.82,3.03,0.0
20201116:0211,0.0,0.0,0.0,3.11,2.76,0.0
20201116:0311,0.0,0.0,0.0,1.92,2.0,0.0
20201116:0411,0.0,0.0,0.0,1.21,1.45,0.0
20201116:0511,0.0,0.0,0.0,0.81,1.66,0.0
20201116:0611,0.0,0.0,0.0,0.69,2.34,0.0
20201116:0711,0.0,0.0,0.0,0.98,2.14,0.0
20201116:0811,0.0,5.44,3.15,1.08,2.55,0.0
20201116:0911,0.81,7.47,7.59,1.14,1.93,0.0
20201116:1011,3.23,12.12,10.45,1.42,2.21,0.0
20201116:1111,6.61,17.58,11.51,1.29,2.55,0.0
20201116:1211,10.04,22.57,10.67,1.09,2.55,0.0
20201116:1311,1.23,8.35,8.0,1.07,2.41,0.0
20201116:1411,29.43,46.44,3.72,0.93,2.76,0.0
20201116:1511,0.0,0.0,0.0,0.82,2.0,0.0
20201116:1611,0.0,0.0,0.0,0.83,1.86,0.0
20201116:1711,0.0,0.0,0.0,1.14,2.07,0.0
20201116:1811,0.0,0.0,0.0,1.59,3.59,0.0
20201116:1911,0.0,0.0,0.0,1.86,3.38,0.0
20201116:2011,0.0,0.0,0.0,1.66,2.97,0.0
20201116:2111,0.0,0.0,0.0,1.37,2.69,0.0
20201116:2211,0.0,0.0,0.0,1.08,2.76,0.0
20201116:2311,0.0,0.0,0.0,0.97,3.1,0.0
20201117:0011,0.0,0.0,0.0,0.76,3.24,0.0
20201117:0111,0.0,0.0,0.0,0.35,3.24,0.0
20201117:0211,0.0,0.0,0.0,-0.05,3.1,0.0
20201117:0311,0.0,0.0,0.0,-0.12,2.97,0.0
20201117:0411,0.0,0.0,0.0,-0.12,2.69,0.0
20201117:0511,0.0,0.0,0.0,-0.24,2.41,0.0
20201117:0611,0.0,0.0,0.0,-0.17,2.0,0.0
20201117:0711,0.0,0.0,0.0,0.36,1.66,0.0
20201117:0811,0.0,2.64,2.9,0.72,2.07,0.0
20201117:0911,4.93,14.93,7.34,0.98,2.28,0.0
20201117:1011,2.73,11.25,10.2,1.57,2.48,0.0
20201117:1111,8.35,20.22,11.26,2.07,1.93,0.0
20201117:1211,7.0,18.23,10.43,2.32,1.86,0.0
20201117:1311,26.2,43.59,7.77,2.48,1.72,0.0
20201117:1411,0.0,4.7,3.51,2.84,2.14,0.0
20201117:1511,0.0,0.0,0.0,3.76,3.03,0.0
20201117:1611,0.0,0.0,0.0,4.71,3.86,0.0
20201117:1711,0.0,0.0,0.0,5.09,3.86,0.0
20201117:1811,0.0,0.0,0.0,5.26,3.93,0.0
20201117:1911,0.0,0.0,0.0,5.31,3.86,0.0
20201117:2011,0.0,0.0,0.0,4.84,3.45,0.0
20201117:2111,0.0,0.0,0.0,4.5,3.17,0.0
20201117:2211,0.0,0.0,0.0,4.32,3.1,0.0
20201117:2311,0.0,0.0,0.0,4.27,3.1,0.0
20201118:0011,0.0,0.0,0.0,4.58,3.03,0.0
20201118:0111,0.0,0.0,0.0,4.77,3.1,0.0
20201118:0211,0.0,0.0,0.0,5.02,3.03,0.0
20201118:0311,0.0,0.0,0.0,5.21,3.31,0.0
20201118:0411,0.0,0.0,0.0,5.24,2.62,0.0
20201118:0511,0.0,0.0,0.0,5.24,2.0,0.0
20201118:0611,0.0,0.0,0.0,5.47,2.76,0.0
20201118:0711,0.0,0.0,0.0,6.26,4.34,0.0
20201118:0811,0.0,1.32,2.65,6.57,4.69,0.0
20201118:0911,0.41,6.63,7.09,6.58,4.76,0.0
20201118:1011,2.64,11.25,9.95,6.4,4.9,0.0
20201118:1111,5.32,15.82,11.01,6.18,4.83,0.0
20201118:1211,261.85,303.34,10.19,5.84,4.62,0.0
20201118:1311,0.79,7.52,7.55,5.62,4.21,0.0
20201118:1411,0.0,2.35,3.3,5.41,4.14,0.0
20201118:1511,0.0,0.0,0.0,5.03,4.14,0.0
20201118:1611,0.0,0.0,0.0,4.78,3.86,0.0
20201118:1711,0.0,0.0,0.0,4.57,4.07,0.0
20201118:1811,0.0,0.0,0.0,4.35,3.93,0.0
20201118:1911,0.0,0.0,0.0,4.88,3.79,0.0
20201118:2011,0.0,0.0,0.0,4.93,3.66,0.0
20201118:2111,0.0,0.0,0.0,5.0,3.66,0.0
20201118:2211,0.0,0.0,0.0,5.04,3.79,0.0
20201118:2311,0.0,0.0,0.0,4.4,5.79,0.0
20201119:0011,0.0,0.0,0.0,2.67,5.66,0.0
20201119:0111,0.0,0.0,0.0,1.2,5.38,0.0
20201119:0211,0.0,0.0,0.0,0.66,5.17,0.0
20201119:0311,0.0,0.0,0.0,0.41,4.9,0.0
20201119:0411,0.0,0.0,0.0,0.59,4.41,0.0
20201119:0511,0.0,0.0,0.0,-0.01,4.9,0.0
20201119:0611,0.0,0.0,0.0,-2.17,6.21,0.0
20201119:0711,0.0,0.0,0.0,-3.51,5.52,0.0
20201119:0811,0.0,1.32,2.41,-4.36,5.17,0.0
20201119:0911,154.16,178.03,6.85,-4.67,4.48,0.0
20201119:1011,93.9,116.29,9.71,-4.73,4.9,0.0
20201119:1111,20.78,36.04,10.78,-4.73,4.97,0.0
20201119:1211,114.93,138.28,9.96,-4.7,4.83,0.0
20201119:1311,26.19,42.36,7.34,-4.72,4.48,0.0
20201119:1411,0.0,2.35,3.1,-4.99,4.14,0.0
20201119:1511,0.0,0.0,0.0,-5.14,4.0,0.0
20201119:1611,0.0,0.0,0.0,-5.0,3.66,0.0
20201119:1711,0.0,0.0,0.0,-4.63,4.55,0.0
20201119:1811,0.0,0.0,0.0,-4.52,3.93,0.0
20201119:1911,0.0,0.0,0.0,-4.67,3.45,0.0
20201119:2011,0.0,0.0,0.0,-4.63,3.1,0.0
20201119:2111,0.0,0.0,0.0,-4.71,2.9,0.0
20201119:2211,0.0,0.0,0.0,-4.8,2.97,0.0
20201119:2311,0.0,0.0,0.0,-4.84,3.03,0.0
20201120:0011,0.0,0.0,0.0,-4.83,3.1,0.0
20201120:0111,0.0,0.0,0.0,-4.97,3.03,0.0
20201120:0211,0.0,0.0,0.0,-5.17,3.1,0.0
20201120:0311,0.0,0.0,0.0,-5.38,3.03,0.0
20201120:0411,0.0,0.0,0.0,-5.59,2.97,0.0
20201120:0511,0.0,0.0,0.0,-5.83,2.9,0.0
20201120:0611,0.0,0.0,0.0,-5.99,2.55,0.0
20201120:0711,0.0,0.0,0.0,-6.02,2.21,0.0
20201120:0811,0.0,1.31,2.17,-6.33,2.0,0.0
20201120:0911,72.09,92.44,6.61,-6.16,1.72,0.0
20201120:1011,81.11,102.92,9.47,-5.38,1.86,0.0
20201120:1111,39.58,58.22,10.55,-4.67,2.0,0.0
20201120:1211,35.62,53.74,9.74,-4.15,1.72,0.0
20201120:1311,12.78,25.89,7.13,-4.05,1.66,0.0
20201120:1411,0.0,3.13,2.9,-4.36,1.52,0.0
20201120:1511,0.0,0.0,0.0,-5.03,1.24,0.0
20201120:1611,0.0,0.0,0.0,-5.31,0.9,0.0
20201120:1711,0.0,0.0,0.0,-5.34,1.17,0.0
20201120:1811,0.0,0.0,0.0,-5.17,1.38,0.0
20201120:1911,0.0,0.0,0.0,-4.48,1.72,0.0
20201120:2011,0.0,0.0,0.0,-4.0,1.86,0.0
20201120:2111,0.0,0.0,0.0,-3.77,2.07,0.0
20201120:2211,0.0,0.0,0.0,-4.19,2.41,0.0
20201120:2311,0.0,0.0,0.0,-3.67,2.34,0.0
20201121:0011,0.0,0.0,0.0,-2.95,1.93,0.0
20201121:0111,0.0,0.0,0.0,-2.12,2.34,0.0
20201121:0211,0.0,0.0,0.0,-1.07,2.34,0.0
20201121:0311,0.0,0.0,0.0,-0.25,2.14,0.0
20201121:0411,0.0,0.0,0.0,0.29,1.93,0.0
20201121:0511,0.0,0.0,0.0,0.89,1.93,0.0
20201121:0611,0.0,0.0,0.0,1.23,2.07,0.0
20201121:0711,0.0,0.0,0.0,1.45,2.55,0.0
20201121:0811,0.0,3.94,1.94,1.27,2.62,0.0
20201121:0911,0.11,5.8,6.37,1.15,2.9,0.0
20201121:1011,2.27,10.38,9.24,1.06,3.45,0.0
20201121:1111,51.92,73.27,10.32,0.77,4.48,0.0
20201121:1211,11.96,25.19,9.53,0.55,4.76,0.0
20201121:1311,0.48,6.68,6.92,-0.03,4.97,0.0
20201121:1411,0.0,1.57,2.71,-0.3,4.55,0.0
20201121:1511,0.0,0.0,0.0,-0.43,4.69,0.0
20201121:1611,0.0,0.0,0.0,-0.67,4.34,0.0
20201121:1711,0.0,0.0,0.0,-0.77,4.62,0.0
20201121:1811,0.0,0.0,0.0,-1.06,5.45,0.0
20201121:1911,0.0,0.0,0.0,-0.83,5.45,0.0
20201121:2011,0.0,0.0,0.0,-0.86,5.59,0.0
20201121:2111,0.0,0.0,0.0,-0.79,5.03,0.0
20201121:2211,0.0,0.0,0.0,-0.95,4.83,0.0
20201121:2311,0.0,0.0,0.0,-0.96,4.97,0.0
20201122:0011,0.0,0.0,0.0,-1.1,4.9,0.0
20201122:0111,0.0,0.0,0.0,-1.28,5.03,0.0
20201122:0211,0.0,0.0,0.0,-1.29,5.1,0.0
20201122:0311,0.0,0.0,0.0,-1.53,5.1,0.0
20201122:0411,0.0,0.0,0.0,-1.55,5.03,0.0
20201122:0511,0.0,0.0,0.0,-1.26,5.66,0.0
20201122:0611,0.0,0.0,0.0,-0.92,5.93,0.0
20201122:0711,0.0,0.0,0.0,-0.92,5.1,0.0
20201122:0811,0.0,0.66,1.71,-0.65,4.83,0.0
20201122:0911,0.12,5.8,6.15,-0.39,4.83,0.0
20201122:1011,1.82,9.51,9.01,0.0,4.83,0.0
20201122:1111,4.41,14.06,10.1,0.25,5.86,0.0
20201122:1211,33.75,52.26,9.32,0.0,6.07,0.0
20201122:1311,4.01,13.37,6.73,-0.1,6.28,0.0
20201122:1411,0.0,1.57,2.53,-0.33,6.28,0.0
20201122:1511,0.0,0.0,0.0,-0.81,6.34,0.0
20201122:1611,0.0,0.0,0.0,-1.18,6.07,0.0
20201122:1711,0.0,0.0,0.0,-1.47,5.45,0.0
20201122:1811,0.0,0.0,0.0,-1.79,4.97,0.0
20201122:1911,0.0,0.0,0.0,-1.5,4.76,0.0
20201122:2011,0.0,0.0,0.0,-1.62,4.48,0.0
20201122:2111,0.0,0.0,0.0,-1.94,4.07,0.0
20201122:2211,0.0,0.0,0.0,-2.18,3.66,0.0
20201122:2311,0.0,0.0,0.0,-2.3,3.31,0.0
20201123:0011,0.0,0.0,0.0,-2.44,3.1,0.0
20201123:0111,0.0,0.0,0.0,-2.99,2.9,0.0
20201123:0211,0.0,0.0,0.0,-3.57,2.76,0.0
20201123:0311,0.0,0.0,0.0,-3.64,2.83,0.0
20201123:0411,0.0,0.0,0.0,-4.06,2.83,0.0
20201123:0511,0.0,0.0,0.0,-4.45,2.76,0.0
20201123:0611,0.0,0.0,0.0,-4.72,2.69,0.0
20201123:0711,0.0,0.0,0.0,-4.63,2.41,0.0
20201123:0811,0.0,0.0,0.0,-4.71,2.48,0.0
20201123:0911,3.06,11.59,5.92,-4.77,2.69,0.0
20201123:1011,15.46,29.39,8.79,-4.23,3.03,0.0
20201123:1111,4.53,14.06,9.89,-3.78,3.1,0.0
20201123:1211,4.97,14.77,9.11,-3.53,3.24,0.0
20201123:1311,0.5,6.68,6.54,-3.49,3.24,0.0
20201123:1411,0.0,3.14,2.35,-3.66,3.03,0.0
20201123:1511,0.0,0.0,0.0,-3.63,2.76,0.0
20201123:1611,0.0,0.0,0.0,-3.43,2.21,0.0
20201123:1711,0.0,0.0,0.0,-3.61,1.52,0.0
20201123:1811,0.0,0.0,0.0,-3.11,1.31,0.0
20201123:1911,0.0,0.0,0.0,-2.46,1.66,0.0
20201123:2011,0.0,0.0,0.0,-2.79,1.72,0.0
20201123:2111,0.0,0.0,0.0,-1.87,2.28,0.0
20201123:2211,0.0,0.0,0.0,-1.52,2.34,0.0
20201123:2311,0.0,0.0,0.0,-1.02,2.14,0.0
20201124:0011,0.0,0.0,0.0,-0.85,1.93,0.0
20201124:0111,0.0,0.0,0.0,-0.53,1.72,0.0
20201124:0211,0.0,0.0,0.0,-0.33,1.72,0.0
20201124:0311,0.0,0.0,0.0,-0.04,1.59,0.0
20201124:0411,0.0,0.0,0.0,0.15,1.45,0.0
20201124:0511,0.0,0.0,0.0,0.34,1.45,0.0
20201124:0611,0.0,0.0,0.0,0.5,1.24,0.0
20201124:0711,0.0,0.0,0.0,0.38,1.1,0.0
20201124:0811,0.0,0.0,0.0,0.5,1.1,0.0
20201124:0911,1.6,9.1,5.71,0.73,1.38,0.0
20201124:1011,1.8,9.51,8.58,1.24,2.07,0.0
20201124:1111,2.34,10.55,9.68,1.89,2.97,0.0
20201124:1211,1.82,9.56,8.92,2.01,3.66,0.0
20201124:1311,59.01,80.75,6.35,1.82,3.72,0.0
20201124:1411,0.0,1.57,2.18,1.33,3.1,0.0
20201124:1511,0.0,0.0,0.0,0.88,2.28,0.0
20201124:1611,0.0,0.0,0.0,0.47,1.59,0.0
20201124:1711,0.0,0.0,0.0,0.25,1.17,0.0
20201124:1811,0.0,0.0,0.0,0.13,1.38,0.0
20201124:1911,0.0,0.0,0.0,0.61,1.52,0.0
20201124:2011,0.0,0.0,0.0,1.43,1.93,0.0
20201124:2111,0.0,0.0,0.0,2.02,2.69,0.0
20201124:2211,0.0,0.0,0.0,2.02,2.55,0.0
20201124:2311,0.0,0.0,0.0,2.04,2.69,0.0
20201125:0011,0.0,0.0,0.0,1.96,2.97,0.0
20201125:0111,0.0,0.0,0.0,2.0,2.97,0.0
20201125:0211,0.0,0.0,0.0,2.05,2.97,0.0
20201125:0311,0.0,0.0,0.0,2.21,3.03,0.0
20201125:0411,0.0,0.0,0.0,2.39,3.17,0.0
20201125:0511,0.0,0.0,0.0,2.47,3.17,0.0
20201125:0611,0.0,0.0,0.0,2.49,3.24,0.0
20201125:0711,0.0,0.0,0.0,2.95,3.79,0.0
20201125:0811,0.0,0.0,0.0,2.97,3.79,0.0
20201125:0911,17.64,32.68,5.49,2.98,3.66,0.0
20201125:1011,7.5,19.01,8.37,2.99,3.66,0.0
20201125:1111,7.72,19.34,9.48,2.8,3.17,0.0
20201125:1211,2.74,11.3,8.73,2.33,1.93,0.0
20201125:1311,19.01,34.36,6.18,1.63,1.72,0.0
20201125:1411,0.0,0.78,2.02,1.22,1.72,0.0
20201125:1511,0.0,0.0,0.0,0.54,1.72,0.0
20201125:1611,0.0,0.0,0.0,-0.62,1.79,0.0
20201125:1711,0.0,0.0,0.0,-1.57,1.79,0.0
20201125:1811,0.0,0.0,0.0,-2.23,1.72,0.0
20201125:1911,0.0,0.0,0.0,-2.4,1.45,0.0
20201125:2011,0.0,0.0,0.0,-2.53,1.45,0.0
20201125:2111,0.0,0.0,0.0,-2.37,1.45,0.0
20201125:2211,0.0,0.0,0.0,-2.56,1.66,0.0
20201125:2311,0.0,0.0,0.0,-2.9,1.72,0.0
20201126:0011,0.0,0.0,0.0,-3.1,1.72,0.0
20201126:0111,0.0,0.0,0.0,-3.33,1.72,0.0
20201126:0211,0.0,0.0,0.0,-3.55,2.07,0.0
20201126:0311,0.0,0.0,0.0,-3.61,2.14,0.0
20201126:0411,0.0,0.0,0.0,-3.62,2.34,0.0
20201126:0511,0.0,0.0,0.0,-3.69,2.07,0.0
20201126:0611,0.0,0.0,0.0,-3.69,2.21,0.0
20201126:0711,0.0,0.0,0.0,-3.61,2.48,0.0
20201126:0811,0.0,0.0,0.0,-3.47,2.41,0.0
20201126:0911,7.8,19.01,5.29,-3.66,2.14,0.0
20201126:1011,30.39,47.68,8.17,-3.36,2.55,0.0
20201126:1111,20.59,36.03,9.28,-3.17,2.41,0.0
20201126:1211,2.37,10.43,8.54,-3.12,2.48,0.0
20201126:1311,5.67,15.88,6.01,-3.14,2.07,0.0
20201126:1411,0.0,0.78,1.87,-3.75,1.79,0.0
20201126:1511,0.0,0.0,0.0,-4.85,1.72,0.0
20201126:1611,0.0,0.0,0.0,-5.94,1.79,0.0
20201126:1711,0.0,0.0,0.0,-6.19,1.66,0.0
20201126:1811,0.0,0.0,0.0,-6.56,1.59,0.0
20201126:1911,0.0,0.0,0.0,-6.87,1.45,0.0
20201126:2011,0.0,0.0,0.0,-7.15,1.45,0.0
20201126:2111,0.0,0.0,0.0,-7.21,1.38,0.0
20201126:2211,0.0,0.0,0.0,-6.89,1.24,0.0
20201126:2311,0.0,0.0,0.0,-7.12,1.24,0.0
20201127:0011,0.0,0.0,0.0,-7.5,1.31,0.0
20201127:0111,0.0,0.0,0.0,-7.63,1.31,0.0
20201127:0211,0.0,0.0,0.0,-7.65,1.45,0.0
20201127:0311,0.0,0.0,0.0,-7.02,1.45,0.0
20201127:0411,0.0,0.0,0.0,-6.44,1.45,0.0
20201127:0511,0.0,0.0,0.0,-6.13,1.45,0.0
20201127:0611,0.0,0.0,0.0,-5.28,1.38,0.0
20201127:0711,0.0,0.0,0.0,-4.77,1.31,0.0
20201127:0811,0.0,0.0,0.0,-4.56,1.1,0.0
20201127:0911,8.4,19.83,5.09,-4.57,1.24,0.0
20201127:1011,27.69,44.29,7.97,-4.55,1.1,0.0
20201127:1111,99.85,123.44,9.1,-4.13,0.97,0.0
20201127:1211,37.93,56.35,8.37,-3.55,0.9,0.0
20201127:1311,6.23,16.72,5.84,-3.42,0.97,0.0
20201127:1411,0.0,0.78,1.72,-3.46,1.03,0.0
20201127:1511,0.0,0.0,0.0,-3.62,0.9,0.0
20201127:1611,0.0,0.0,0.0,-4.35,0.9,0.0
20201127:1711,0.0,0.0,0.0,-5.14,1.03,0.0
20201127:1811,0.0,0.0,0.0,-5.47,1.17,0.0
20201127:1911,0.0,0.0,0.0,-6.1,1.17,0.0
20201127:2011,0.0,0.0,0.0,-5.99,1.03,0.0
20201127:2111,0.0,0.0,0.0,-5.72,0.9,0.0
20201127:2211,0.0,0.0,0.0,-5.61,0.69,0.0
20201127:2311,0.0,0.0,0.0,-5.75,0.55,0.0
20201128:0011,0.0,0.0,0.0,-5.81,0.34,0.0
20201128:0111,0.0,0.0,0.0,-5.61,0.14,0.0
20201128:0211,0.0,0.0,0.0,-6.02,0.14,0.0
20201128:0311,0.0,0.0,0.0,-5.67,0.0,0.0
20201128:0411,0.0,0.0,0.0,-5.7,0.28,0.0
20201128:0511,0.0,0.0,0.0,-6.02,0.34,0.0
20201128:0611,0.0,0.0,0.0,-6.26,0.34,0.0
20201128:0711,0.0,0.0,0.0,-6.52,0.34,0.0
20201128:0811,0.0,0.0,0.0,-6.28,0.34,0.0
20201128:0911,0.0,4.96,4.89,-5.77,0.21,0.0
20201128:1011,4.41,13.82,7.78,-5.12,0.41,0.0
20201128:1111,6.25,16.7,8.91,-4.52,0.55,0.0
20201128:1211,4.98,14.78,8.2,-4.03,0.62,0.0
20201128:1311,0.89,7.53,5.69,-3.81,0.76,0.0
20201128:1411,0.0,0.78,1.57,-3.83,0.62,0.0
20201128:1511,0.0,0.0,0.0,-4.06,0.41,0.0
20201128:1611,0.0,0.0,0.0,-4.14,0.41,0.0
20201128:1711,0.0,0.0,0.0,-4.14,0.48,0.0
20201128:1811,0.0,0.0,0.0,-4.26,0.62,0.0
20201128:1911,0.0,0.0,0.0,-2.82,0.62,0.0
20201128:2011,0.0,0.0,0.0,-2.8,0.62,0.0
20201128:2111,0.0,0.0,0.0,-2.9,0.62,0.0
20201128:2211,0.0,0.0,0.0,-2.91,0.69,0.0
20201128:2311,0.0,0.0,0.0,-2.87,0.83,0.0
20201129:0011,0.0,0.0,0.0,-2.9,1.03,0.0
20201129:0111,0.0,0.0,0.0,-3.5,1.1,0.0
20201129:0211,0.0,0.0,0.0,-3.91,1.24,0.0
20201129:0311,0.0,0.0,0.0,-4.37,1.38,0.0
20201129:0411,0.0,0.0,0.0,-4.22,1.24,0.0
20201129:0511,0.0,0.0,0.0,-4.31,1.24,0.0
20201129:0611,0.0,0.0,0.0,-4.71,1.31,0.0
20201129:0711,0.0,0.0,0.0,-5.56,1.45,0.0
20201129:0811,0.0,0.0,0.0,-5.39,1.38,0.0
20201129:0911,0.0,4.13,4.7,-5.14,1.38,0.0
20201129:1011,2.84,11.22,7.6,-4.65,1.38,0.0
20201129:1111,5.09,14.94,8.74,-4.0,1.24,0.0
20201129:1211,4.42,13.91,8.03,-3.59,1.24,0.0
20201129:1311,0.16,5.85,5.54,-3.48,1.31,0.0
20201129:1411,0.0,0.0,0.0,-3.13,1.24,0.0
20201129:1511,0.0,0.0,0.0,-3.09,1.38,0.0
20201129:1611,0.0,0.0,0.0,-2.81,1.31,0.0
20201129:1711,0.0,0.0,0.0,-3.08,1.38,0.0
20201129:1811,0.0,0.0,0.0,-3.08,1.31,0.0
20201129:1911,0.0,0.0,0.0,-3.83,1.38,0.0
20201129:2011,0.0,0.0,0.0,-4.04,1.38,0.0
20201129:2111,0.0,0.0,0.0,-4.2,1.45,0.0
20201129:2211,0.0,0.0,0.0,-4.05,1.38,0.0
20201129:2311,0.0,0.0,0.0,-4.07,1.38,0.0
20201130:0011,0.0,0.0,0.0,-3.81,1.38,0.0
20201130:0111,0.0,0.0,0.0,-3.55,1.31,0.0
20201130:0211,0.0,0.0,0.0,-3.55,1.31,0.0
20201130:0311,0.0,0.0,0.0,-3.87,1.38,0.0
20201130:0411,0.0,0.0,0.0,-3.63,1.38,0.0
20201130:0511,0.0,0.0,0.0,-3.35,1.31,0.0
20201130:0611,0.0,0.0,0.0,-3.14,1.38,0.0
20201130:0711,0.0,0.0,0.0,-3.0,1.31,0.0
20201130:0811,0.0,0.0,0.0,-2.69,1.31,0.0
20201130:0911,0.0,4.95,4.52,-2.34,1.31,0.0
20201130:1011,2.3,10.36,7.42,-1.57,1.59,0.0
20201130:1111,12.9,26.36,8.57,-0.75,2.0,0.0
20201130:1211,4.34,13.91,7.88,-0.46,1.93,0.0
20201130:1311,0.14,5.86,5.39,-0.37,1.45,0.0
20201130:1411,0.0,0.0,0.0,-0.34,1.45,0.0
20201130:1511,0.0,0.0,0.0,-0.42,1.17,0.0
20201130:1611,0.0,0.0,0.0,-0.52,0.83,0.0
20201130:1711,0.0,0.0,0.0,-0.39,0.55,0.0
20201130:1811,0.0,0.0,0.0,-0.19,0.34,0.0
20201130:1911,0.0,0.0,0.0,-1.27,1.03,0.0
20201130:2011,0.0,0.0,0.0,-2.97,1.52,0.0
20201130:2111,0.0,0.0,0.0,-3.86,1.79,0.0
20201130:2211,0.0,0.0,0.0,-4.36,1.93,0.0
20201130:2311,0.0,0.0,0.0,-4.25,2.07,0.0
20201201:0011,0.0,0.0,0.0,-4.06,2.21,0.0
20201201:0111,0.0,0.0,0.0,-4.35,2.21,0.0
20201201:0211,0.0,0.0,0.0,-4.12,2.21,0.0
20201201:0311,0.0,0.0,0.0,-3.77,2.07,0.0
20201201:0411,0.0,0.0,0.0,-4.24,1.93,0.0
20201201:0511,0.0,0.0,0.0,-4.83,2.0,0.0
20201201:0611,0.0,0.0,0.0,-5.35,1.93,0.0
20201201:0711,0.0,0.0,0.0,-6.75,1.93,0.0
20201201:0811,0.0,0.0,0.0,-7.52,2.07,0.0
20201201:0911,6.81,17.32,4.34,-7.84,1.86,0.0
20201201:1011,2.41,10.36,7.25,-7.71,1.72,0.0
20201201:1111,577.33,638.1,8.41,-7.28,1.52,0.0
20201201:1211,6.78,17.39,7.73,-6.06,1.38,0.0
20201201:1311,42.35,60.45,5.26,-5.14,1.1,0.0
20201201:1411,0.0,0.0,0.0,-5.21,1.17,0.0
20201201:1511,0.0,0.0,0.0,-5.04,1.1,0.0
20201201:1611,0.0,0.0,0.0,-5.71,0.9,0.0
20201201:1711,0.0,0.0,0.0,-6.79,0.83,0.0
20201201:1811,0.0,0.0,0.0,-7.59,0.76,0.0
20201201:1911,0.0,0.0,0.0,-5.2,0.48,0.0
20201201:2011,0.0,0.0,0.0,-5.03,0.55,0.0
20201201:2111,0.0,0.0,0.0,-5.65,0.69,0.0
20201201:2211,0.0,0.0,0.0,-6.0,0.76,0.0
20201201:2311,0.0,0.0,0.0,-6.05,0.76,0.0
20201202:0011,0.0,0.0,0.0,-6.14,0.76,0.0
20201202:0111,0.0,0.0,0.0,-6.41,0.83,0.0
20201202:0211,0.0,0.0,0.0,-6.36,0.9,0.0
20201202:0311,0.0,0.0,0.0,-6.37,0.76,0.0
20201202:0411,0.0,0.0,0.0,-6.67,0.69,0.0
20201202:0511,0.0,0.0,0.0,-6.66,0.55,0.0
20201202:0611,0.0,0.0,0.0,-6.65,0.62,0.0
20201202:0711,0.0,0.0,0.0,-6.28,1.24,0.0
20201202:0811,0.0,0.0,0.0,-5.88,1.31,0.0
20201202:0911,0.0,3.3,4.17,-5.58,1.38,0.0
20201202:1011,1.02,7.77,7.09,-5.5,1.59,0.0
20201202:1111,4.55,14.06,8.25,-4.66,1.79,0.0
20201202:1211,6.7,17.39,7.59,-3.94,1.93,0.0
20201202:1311,5.15,15.07,5.13,-3.23,2.0,0.0
20201202:1411,0.0,0.0,0.0,-2.84,2.07,0.0
20201202:1511,0.0,0.0,0.0,-2.42,2.62,0.0
20201202:1611,0.0,0.0,0.0,-2.17,2.76,0.0
20201202:1711,0.0,0.0,0.0,-2.06,2.97,0.0
20201202:1811,0.0,0.0,0.0,-2.08,3.31,0.0
20201202:1911,0.0,0.0,0.0,-1.93,3.66,0.0
20201202:2011,0.0,0.0,0.0,-2.07,3.03,0.0
20201202:2111,0.0,0.0,0.0,-2.25,3.03,0.0
20201202:2211,0.0,0.0,0.0,-2.36,3.17,0.0
20201202:2311,0.0,0.0,0.0,-2.46,3.03,0.0
20201203:0011,0.0,0.0,0.0,-2.56,3.03,0.0
20201203:0111,0.0,0.0,0.0,-2.65,3.1,0.0
20201203:0211,0.0,0.0,0.0,-2.73,3.17,0.0
20201203:0311,0.0,0.0,0.0,-2.78,3.31,0.0
20201203:0411,0.0,0.0,0.0,-2.73,4.0,0.0
20201203:0511,0.0,0.0,0.0,-2.68,4.07,0.0
20201203:0611,0.0,0.0,0.0,-2.65,3.24,0.0
20201203:0711,0.0,0.0,0.0,-2.77,3.52,0.0
20201203:0811,0.0,0.0,0.0,-2.83,3.52,0.0
20201203:0911,0.0,3.3,4.01,-2.8,3.52,0.0
20201203:1011,11.41,24.15,6.93,-2.76,3.52,0.0
20201203:1111,115.75,140.2,8.11,-2.72,3.45,0.0
20201203:1211,1.02,7.83,7.45,-2.69,3.66,0.0
20201203:1311,4.61,14.23,5.01,-2.72,3.52,0.0
20201203:1411,0.0,0.0,0.0,-2.92,3.66,0.0
20201203:1511,0.0,0.0,0.0,-3.13,3.66,0.0
20201203:1611,0.0,0.0,0.0,-3.25,3.59,0.0
20201203:1711,0.0,0.0,0.0,-3.36,3.66,0.0
20201203:1811,0.0,0.0,0.0,-3.53,3.66,0.0
20201203:1911,0.0,0.0,0.0,-3.56,3.52,0.0
20201203:2011,0.0,0.0,0.0,-3.81,3.45,0.0
20201203:2111,0.0,0.0,0.0,-4.15,4.14,0.0
20201203:2211,0.0,0.0,0.0,-4.43,3.24,0.0
20201203:2311,0.0,0.0,0.0,-4.66,3.1,0.0
20201204:0011,0.0,0.0,0.0,-4.95,3.1,0.0
20201204:0111,0.0,0.0,0.0,-5.12,3.38,0.0
20201204:0211,0.0,0.0,0.0,-5.29,3.45,0.0
20201204:0311,0.0,0.0,0.0,-5.36,3.24,0.0
20201204:0411,0.0,0.0,0.0,-5.37,3.59,0.0
20201204:0511,0.0,0.0,0.0,-5.41,3.38,0.0
20201204:0611,0.0,0.0,0.0,-5.29,3.31,0.0
20201204:0711,0.0,0.0,0.0,-4.85,3.52,0.0
20201204:0811,0.0,0.0,0.0,-4.75,2.48,0.0
20201204:0911,0.0,3.29,3.85,-4.89,3.03,0.0
20201204:1011,270.66,299.54,6.78,-4.73,3.24,0.0
20201204:1111,190.01,216.26,7.97,-4.55,3.1,0.0
20201204:1211,306.89,338.71,7.32,-4.44,2.97,0.0
20201204:1311,155.56,179.58,4.9,-4.55,2.83,0.0
20201204:1411,0.0,0.0,0.0,-4.86,2.97,0.0
20201204:1511,0.0,0.0,0.0,-5.0,2.97,0.0
20201204:1611,0.0,0.0,0.0,-4.91,2.83,0.0
20201204:1711,0.0,0.0,0.0,-4.77,2.83,0.0
20201204:1811,0.0,0.0,0.0,-4.66,2.55,0.0
20201204:1911,0.0,0.0,0.0,-4.43,2.14,0.0
20201204:2011,0.0,0.0,0.0,-4.38,1.86,0.0
20201204:2111,0.0,0.0,0.0,-4.42,1.86,0.0
20201204:2211,0.0,0.0,0.0,-4.32,2.07,0.0
20201204:2311,0.0,0.0,0.0,-4.45,1.59,0.0
20201205:0011,0.0,0.0,0.0,-4.56,1.45,0.0
20201205:0111,0.0,0.0,0.0,-4.48,1.38,0.0
20201205:0211,0.0,0.0,0.0,-4.46,1.31,0.0
20201205:0311,0.0,0.0,0.0,-4.51,1.24,0.0
20201205:0411,0.0,0.0,0.0,-4.62,1.31,0.0
20201205:0511,0.0,0.0,0.0,-4.62,1.38,0.0
20201205:0611,0.0,0.0,0.0,-4.46,1.45,0.0
20201205:0711,0.0,0.0,0.0,-4.62,1.38,0.0
20201205:0811,0.0,0.0,0.0,-4.39,1.31,0.0
20201205:0911,0.0,3.29,3.69,-4.45,1.31,0.0
20201205:1011,223.86,252.73,6.63,-4.38,1.31,0.0
20201205:1111,14.47,28.12,7.83,-4.35,1.24,0.0
20201205:1211,7.91,19.14,7.2,-4.52,1.38,0.0
20201205:1311,5.74,15.91,4.79,-4.46,1.45,0.0
20201205:1411,0.0,0.0,0.0,-4.19,1.52,0.0
20201205:1511,0.0,0.0,0.0,-4.48,1.45,0.0
20201205:1611,0.0,0.0,0.0,-4.75,1.52,0.0
20201205:1711,0.0,0.0,0.0,-4.73,1.52,0.0
20201205:1811,0.0,0.0,0.0,-4.49,1.59,0.0
20201205:1911,0.0,0.0,0.0,-4.05,1.52,0.0
20201205:2011,0.0,0.0,0.0,-3.71,1.59,0.0
20201205:2111,0.0,0.0,0.0,-3.41,1.72,0.0
20201205:2211,0.0,0.0,0.0,-3.18,2.34,0.0
20201205:2311,0.0,0.0,0.0,-3.0,2.21,0.0
20201206:0011,0.0,0.0,0.0,-2.91,2.07,0.0
20201206:0111,0.0,0.0,0.0,-2.93,1.86,0.0
20201206:0211,0.0,0.0,0.0,-2.94,1.72,0.0
20201206:0311,0.0,0.0,0.0,-3.0,1.52,0.0
20201206:0411,0.0,0.0,0.0,-2.96,1.59,0.0
20201206:0511,0.0,0.0,0.0,-2.8,1.59,0.0
20201206:0611,0.0,0.0,0.0,-2.78,1.72,0.0
20201206:0711,0.0,0.0,0.0,-2.09,1.79,0.0
20201206:0811,0.0,0.0,0.0,-2.21,1.59,0.0
20201206:0911,0.0,2.47,3.55,-2.04,1.59,0.0
20201206:1011,133.22,159.28,6.49,-1.74,1.66,0.0
20201206:1111,13.61,27.24,7.71,-1.71,1.72,0.0
20201206:1211,10.25,22.62,7.09,-2.06,1.59,0.0
20201206:1311,4.6,14.24,4.69,-2.25,1.31,0.0
20201206:1411,0.0,0.0,0.0,-2.74,1.45,0.0
20201206:1511,0.0,0.0,0.0,-3.14,1.38,0.0
20201206:1611,0.0,0.0,0.0,-3.5,1.38,0.0
20201206:1711,0.0,0.0,0.0,-2.98,1.03,0.0
20201206:1811,0.0,0.0,0.0,-4.13,1.38,0.0
20201206:1911,0.0,0.0,0.0,-4.0,1.52,0.0
20201206:2011,0.0,0.0,0.0,-4.04,1.59,0.0
20201206:2111,0.0,0.0,0.0,-3.64,1.38,0.0
20201206:2211,0.0,0.0,0.0,-3.76,1.79,0.0
20201206:2311,0.0,0.0,0.0,-3.41,2.0,0.0
20201207:0011,0.0,0.0,0.0,-3.05,2.0,0.0
20201207:0111,0.0,0.0,0.0,-2.8,2.07,0.0
20201207:0211,0.0,0.0,0.0,-2.52,2.21,0.0
20201207:0311,0.0,0.0,0.0,-2.35,1.93,0.0
20201207:0411,0.0,0.0,0.0,-2.26,1.93,0.0
20201207:0511,0.0,0.0,0.0,-2.07,2.21,0.0
20201207:0611,0.0,0.0,0.0,-1.79,2.34,0.0
20201207:0711,0.0,0.0,0.0,-1.03,2.48,0.0
20201207:0811,0.0,0.0,0.0,-0.83,2.55,0.0
20201207:0911,0.0,2.47,3.41,-0.69,2.83,0.0
20201207:1011,0.21,6.03,6.36,-0.58,3.17,0.0
20201207:1111,1.03,7.91,7.59,-0.57,3.24,0.0
20201207:1211,1.42,8.7,6.98,-0.65,3.31,0.0
20201207:1311,0.86,7.54,4.6,-0.71,3.38,0.0
20201207:1411,0.0,0.0,0.0,-0.77,3.72,0.0
20201207:1511,0.0,0.0,0.0,-0.86,4.0,0.0
20201207:1611,0.0,0.0,0.0,-0.97,4.28,0.0
20201207:1711,0.0,0.0,0.0,-1.03,4.07,0.0
20201207:1811,0.0,0.0,0.0,-1.12,4.07,0.0
20201207:1911,0.0,0.0,0.0,-0.69,4.28,0.0
20201207:2011,0.0,0.0,0.0,-0.74,3.86,0.0
20201207:2111,0.0,0.0,0.0,-0.82,3.86,0.0
20201207:2211,0.0,0.0,0.0,-0.95,3.86,0.0
20201207:2311,0.0,0.0,0.0,-1.1,4.07,0.0
20201208:0011,0.0,0.0,0.0,-1.23,3.93,0.0
20201208:0111,0.0,0.0,0.0,-1.36,3.66,0.0
20201208:0211,0.0,0.0,0.0,-1.45,3.38,0.0
20201208:0311,0.0,0.0,0.0,-1.5,3.17,0.0
20201208:0411,0.0,0.0,0.0,-1.54,2.83,0.0
20201208:0511,0.0,0.0,0.0,-1.54,2.55,0.0
20201208:0611,0.0,0.0,0.0,-1.55,2.41,0.0
20201208:0711,0.0,0.0,0.0,-1.07,2.21,0.0
20201208:0811,0.0,0.0,0.0,-1.09,2.07,0.0
20201208:0911,0.0,3.29,3.28,-1.16,2.0,0.0
20201208:1011,22.39,38.28,6.24,-1.14,2.0,0.0
20201208:1111,3.91,13.18,7.47,-1.2,1.72,0.0
20201208:1211,2.82,11.32,6.88,-1.16,1.66,0.0
20201208:1311,87.77,110.63,4.52,-1.19,1.79,0.0
20201208:1411,0.0,0.0,0.0,-1.29,1.93,0.0
20201208:1511,0.0,0.0,0.0,-1.43,1.79,0.0
20201208:1611,0.0,0.0,0.0,-1.63,1.72,0.0
20201208:1711,0.0,0.0,0.0,-1.8,1.59,0.0
20201208:1811,0.0,0.0,0.0,-1.97,1.52,0.0
20201208:1911,0.0,0.0,0.0,-1.89,1.45,0.0
20201208:2011,0.0,0.0,0.0,-1.99,1.38,0.0
20201208:2111,0.0,0.0,0.0,-2.17,1.31,0.0
20201208:2211,0.0,0.0,0.0,-2.46,1.24,0.0
20201208:2311,0.0,0.0,0.0,-2.49,1.17,0.0
20201209:0011,0.0,0.0,0.0,-2.58,1.24,0.0
20201209:0111,0.0,0.0,0.0,-2.82,1.24,0.0
20201209:0211,0.0,0.0,0.0,-2.95,1.31,0.0
20201209:0311,0.0,0.0,0.0,-3.1,1.31,0.0
20201209:0411,0.0,0.0,0.0,-3.24,1.38,0.0
20201209:0511,0.0,0.0,0.0,-3.18,1.38,0.0
20201209:0611,0.0,0.0,0.0,-3.2,1.38,0.0
20201209:0711,0.0,0.0,0.0,-2.79,1.79,0.0
20201209:0811,0.0,0.0,0.0,-2.88,1.59,0.0
20201209:0911,0.0,4.11,3.15,-2.68,1.59,0.0
20201209:1011,6.53,17.23,6.12,-2.51,1.52,0.0
20201209:1111,3.94,13.18,7.37,-2.24,1.52,0.0
20201209:1211,9.03,20.89,6.79,-2.19,1.66,0.0
20201209:1311,4.6,14.26,4.44,-2.11,1.66,0.0
20201209:1411,0.0,0.0,0.0,-2.42,1.59,0.0
20201209:1511,0.0,0.0,0.0,-2.43,1.72,0.0
20201209:1611,0.0,0.0,0.0,-2.56,1.79,0.0
20201209:1711,0.0,0.0,0.0,-2.65,1.93,0.0
20201209:1811,0.0,0.0,0.0,-2.73,1.93,0.0
20201209:1911,0.0,0.0,0.0,-2.77,2.0,0.0
20201209:2011,0.0,0.0,0.0,-2.71,2.14,0.0
20201209:2111,0.0,0.0,0.0,-2.7,2.14,0.0
20201209:2211,0.0,0.0,0.0,-2.75,2.69,0.0
20201209:2311,0.0,0.0,0.0,-2.89,2.41,0.0
20201210:0011,0.0,0.0,0.0,-2.91,2.21,0.0
20201210:0111,0.0,0.0,0.0,-2.85,2.48,0.0
20201210:0211,0.0,0.0,0.0,-2.85,2.69,0.0
20201210:0311,0.0,0.0,0.0,-2.86,2.41,0.0
20201210:0411,0.0,0.0,0.0,-3.02,2.34,0.0
20201210:0511,0.0,0.0,0.0,-2.99,2.41,0.0
20201210:0611,0.0,0.0,0.0,-3.03,2.41,0.0
20201210:0711,0.0,0.0,0.0,-2.51,2.21,0.0
20201210:0811,0.0,0.0,0.0,-2.56,2.14,0.0
20201210:0911,0.0,2.46,3.03,-2.66,2.21,0.0
20201210:1011,0.22,6.03,6.01,-2.67,2.34,0.0
20201210:1111,1.05,7.91,7.27,-2.67,2.28,0.0
20201210:1211,0.62,6.97,6.71,-2.59,2.41,0.0
20201210:1311,3.6,12.58,4.37,-2.63,2.48,0.0
20201210:1411,0.0,0.0,0.0,-2.75,2.55,0.0
20201210:1511,0.0,0.0,0.0,-2.88,2.48,0.0
20201210:1611,0.0,0.0,0.0,-2.96,2.55,0.0
20201210:1711,0.0,0.0,0.0,-3.03,2.76,0.0
20201210:1811,0.0,0.0,0.0,-3.12,2.9,0.0
20201210:1911,0.0,0.0,0.0,-2.63,2.97,0.0
20201210:2011,0.0,0.0,0.0,-2.71,3.31,0.0
20201210:2111,0.0,0.0,0.0,-2.84,3.31,0.0
20201210:2211,0.0,0.0,0.0,-3.03,3.45,0.0
20201210:2311,0.0,0.0,0.0,-3.15,3.45,0.0
20201211:0011,0.0,0.0,0.0,-3.27,3.38,0.0
20201211:0111,0.0,0.0,0.0,-3.43,3.79,0.0
20201211:0211,0.0,0.0,0.0,-3.55,3.31,0.0
20201211:0311,0.0,0.0,0.0,-3.79,3.24,0.0
20201211:0411,0.0,0.0,0.0,-3.97,3.38,0.0
20201211:0511,0.0,0.0,0.0,-4.15,3.59,0.0
20201211:0611,0.0,0.0,0.0,-4.33,3.59,0.0
20201211:0711,0.0,0.0,0.0,-4.16,3.66,0.0
20201211:0811,0.0,0.0,0.0,-4.19,3.31,0.0
20201211:0911,0.0,2.46,2.92,-4.22,3.38,0.0
20201211:1011,0.23,6.03,5.91,-4.23,3.93,0.0
20201211:1111,1.07,7.91,7.18,-4.13,3.52,0.0
20201211:1211,0.63,6.97,6.63,-4.07,3.1,0.0
20201211:1311,0.0,4.2,4.31,-4.07,2.97,0.0
20201211:1411,0.0,0.0,0.0,-3.95,3.24,0.0
20201211:1511,0.0,0.0,0.0,-3.93,3.79,0.0
20201211:1611,0.0,0.0,0.0,-3.95,3.72,0.0
20201211:1711,0.0,0.0,0.0,-4.01,3.52,0.0
20201211:1811,0.0,0.0,0.0,-3.97,3.52,0.0
20201211:1911,0.0,0.0,0.0,-3.7,3.17,0.0
20201211:2011,0.0,0.0,0.0,-3.74,2.76,0.0
20201211:2111,0.0,0.0,0.0,-3.75,2.97,0.0
20201211:2211,0.0,0.0,0.0,-3.81,2.76,0.0
20201211:2311,0.0,0.0,0.0,-3.9,3.38,0.0
20201212:0011,0.0,0.0,0.0,-3.98,3.38,0.0
20201212:0111,0.0,0.0,0.0,-4.05,3.17,0.0
20201212:0211,0.0,0.0,0.0,-4.12,2.9,0.0
20201212:0311,0.0,0.0,0.0,-4.2,2.76,0.0
20201212:0411,0.0,0.0,0.0,-4.28,2.55,0.0
20201212:0511,0.0,0.0,0.0,-4.42,2.28,0.0
20201212:0611,0.0,0.0,0.0,-4.43,2.14,0.0
20201212:0711,0.0,0.0,0.0,-3.89,2.07,0.0
20201212:0811,0.0,0.0,0.0,-3.91,1.86,0.0
20201212:0911,0.0,2.46,2.82,-3.9,1.86,0.0
20201212:1011,0.23,6.02,5.82,-3.9,2.07,0.0
20201212:1111,1.07,7.91,7.1,-4.02,1.93,0.0
20201212:1211,0.63,6.97,6.56,-3.74,1.66,0.0
20201212:1311,0.0,5.04,4.25,-3.66,1.72,0.0
20201212:1411,0.0,0.0,0.0,-3.66,1.66,0.0
20201212:1511,0.0,0.0,0.0,-3.61,1.59,0.0
20201212:1611,0.0,0.0,0.0,-3.59,1.52,0.0
20201212:1711,0.0,0.0,0.0,-3.57,1.45,0.0
20201212:1811,0.0,0.0,0.0,-3.53,1.45,0.0
20201212:1911,0.0,0.0,0.0,-3.56,1.45,0.0
20201212:2011,0.0,0.0,0.0,-3.66,1.31,0.0
20201212:2111,0.0,0.0,0.0,-3.62,1.52,0.0
20201212:2211,0.0,0.0,0.0,-3.71,1.52,0.0
20201212:2311,0.0,0.0,0.0,-3.72,1.45,0.0
20201213:0011,0.0,0.0,0.0,-3.7,1.38,0.0
20201213:0111,0.0,0.0,0.0,-3.64,1.31,0.0
20201213:0211,0.0,0.0,0.0,-3.58,1.24,0.0
20201213:0311,0.0,0.0,0.0,-3.58,1.31,0.0
20201213:0411,0.0,0.0,0.0,-3.61,1.31,0.0
20201213:0511,0.0,0.0,0.0,-3.6,1.38,0.0
20201213:0611,0.0,0.0,0.0,-3.61,1.38,0.0
20201213:0711,0.0,0.0,0.0,-3.49,1.38,0.0
20201213:0811,0.0,0.0,0.0,-3.33,1.31,0.0
20201213:0911,0.0,1.64,2.72,-3.59,1.45,0.0
20201213:1011,0.22,6.02,5.73,-3.3,1.45,0.0
20201213:1111,1.06,7.91,7.02,-3.1,1.38,0.0
20201213:1211,0.62,6.97,6.5,-2.89,1.66,0.0
20201213:1311,0.0,3.36,4.21,-2.74,1.79,0.0
20201213:1411,0.0,0.0,0.0,-2.78,1.72,0.0
20201213:1511,0.0,0.0,0.0,-2.99,1.66,0.0
20201213:1611,0.0,0.0,0.0,-3.06,1.72,0.0
20201213:1711,0.0,0.0,0.0,-2.98,1.86,0.0
20201213:1811,0.0,0.0,0.0,-2.89,2.14,0.0
20201213:1911,0.0,0.0,0.0,-2.78,2.55,0.0
20201213:2011,0.0,0.0,0.0,-2.57,2.9,0.0
20201213:2111,0.0,0.0,0.0,-2.48,2.76,0.0
20201213:2211,0.0,0.0,0.0,-2.37,3.17,0.0
20201213:2311,0.0,0.0,0.0,-2.31,3.38,0.0
20201214:0011,0.0,0.0,0.0,-2.31,3.45,0.0
20201214:0111,0.0,0.0,0.0,-2.18,3.79,0.0
20201214:0211,0.0,0.0,0.0,-2.08,4.07,0.0
20201214:0311,0.0,0.0,0.0,-2.04,4.41,0.0
20201214:0411,0.0,0.0,0.0,-2.0,4.62,0.0
20201214:0511,0.0,0.0,0.0,-2.01,4.83,0.0
20201214:0611,0.0,0.0,0.0,-2.03,4.14,0.0
20201214:0711,0.0,0.0,0.0,-1.73,4.76,0.0
20201214:0811,0.0,0.0,0.0,-1.78,4.69,0.0
20201214:0911,0.0,1.64,2.63,-1.86,4.21,0.0
20201214:1011,0.0,5.16,5.65,-1.91,3.79,0.0
20201214:1111,0.64,7.03,6.96,-1.98,3.52,0.0
20201214:1211,4.4,13.94,6.45,-2.04,3.38,0.0
20201214:1311,0.16,5.88,4.17,-2.13,3.52,0.0
20201214:1411,0.0,0.0,0.0,-2.28,3.52,0.0
20201214:1511,0.0,0.0,0.0,-2.5,3.38,0.0
20201214:1611,0.0,0.0,0.0,-2.62,3.31,0.0
20201214:1711,0.0,0.0,0.0,-2.76,3.24,0.0
20201214:1811,0.0,0.0,0.0,-2.92,2.97,0.0
20201214:1911,0.0,0.0,0.0,-2.76,2.55,0.0
20201214:2011,0.0,0.0,0.0,-2.74,2.21,0.0
20201214:2111,0.0,0.0,0.0,-2.81,1.66,0.0
20201214:2211,0.0,0.0,0.0,-2.89,1.45,0.0
20201214:2311,0.0,0.0,0.0,-3.0,1.52,0.0
20201215:0011,0.0,0.0,0.0,-2.65,1.59,0.0
20201215:0111,0.0,0.0,0.0,-2.49,1.52,0.0
20201215:0211,0.0,0.0,0.0,-2.57,1.38,0.0
20201215:0311,0.0,0.0,0.0,-2.23,1.52,0.0
20201215:0411,0.0,0.0,0.0,-2.04,1.59,0.0
20201215:0511,0.0,0.0,0.0,-1.8,1.38,0.0
20201215:0611,0.0,0.0,0.0,-1.55,1.38,0.0
20201215:0711,0.0,0.0,0.0,-0.99,1.38,0.0
20201215:0811,0.0,0.0,0.0,-1.34,1.38,0.0
20201215:0911,0.0,1.64,2.55,-1.16,1.24,0.0
20201215:1011,0.0,5.16,5.58,-1.13,1.24,0.0
20201215:1111,0.63,7.03,6.9,-1.04,1.17,0.0
20201215:1211,0.61,6.97,6.4,-0.92,0.9,0.0
20201215:1311,0.0,3.36,4.14,-0.78,0.83,0.0
20201215:1411,0.0,0.0,0.0,-0.57,0.62,0.0
20201215:1511,0.0,0.0,0.0,-1.07,0.76,0.0
20201215:1611,0.0,0.0,0.0,-1.2,0.83,0.0
20201215:1711,0.0,0.0,0.0,-1.46,0.9,0.0
20201215:1811,0.0,0.0,0.0,-1.81,0.97,0.0
20201215:1911,0.0,0.0,0.0,-0.37,0.55,0.0
20201215:2011,0.0,0.0,0.0,-0.6,0.83,0.0
20201215:2111,0.0,0.0,0.0,-1.04,1.03,0.0
20201215:2211,0.0,0.0,0.0,-1.28,1.1,0.0
20201215:2311,0.0,0.0,0.0,-1.71,1.31,0.0
20201216:0011,0.0,0.0,0.0,-2.21,1.45,0.0
20201216:0111,0.0,0.0,0.0,-2.1,1.31,0.0
20201216:0211,0.0,0.0,0.0,-1.88,1.17,0.0
20201216:0311,0.0,0.0,0.0,-2.1,1.24,0.0
20201216:0411,0.0,0.0,0.0,-1.6,1.03,0.0
20201216:0511,0.0,0.0,0.0,-1.4,0.97,0.0
20201216:0611,0.0,0.0,0.0,-1.5,1.1,0.0
20201216:0711,0.0,0.0,0.0,-1.13,0.9,0.0
20201216:0811,0.0,0.0,0.0,-1.5,1.1,0.0
20201216:0911,0.0,4.91,2.47,-2.16,1.38,0.0
20201216:1011,1.38,8.6,5.51,-1.59,1.03,0.0
20201216:1111,4.47,14.05,6.84,-2.11,1.17,0.0
20201216:1211,4.92,14.82,6.36,-1.27,0.83,0.0
20201216:1311,16.36,30.5,4.11,-1.07,0.41,0.0
20201216:1411,0.0,0.0,0.0,-1.09,0.28,0.0
20201216:1511,0.0,0.0,0.0,-1.26,0.69,0.0
20201216:1611,0.0,0.0,0.0,-2.04,1.1,0.0
20201216:1711,0.0,0.0,0.0,-2.77,1.31,0.0
20201216:1811,0.0,0.0,0.0,-2.54,1.38,0.0
20201216:1911,0.0,0.0,0.0,-2.04,1.59,0.0
20201216:2011,0.0,0.0,0.0,-1.65,1.59,0.0
20201216:2111,0.0,0.0,0.0,-1.28,1.79,0.0
20201216:2211,0.0,0.0,0.0,-0.85,2.21,0.0
20201216:2311,0.0,0.0,0.0,-0.56,2.41,0.0
20201217:0011,0.0,0.0,0.0,-0.47,2.55,0.0
20201217:0111,0.0,0.0,0.0,-0.43,2.69,0.0
20201217:0211,0.0,0.0,0.0,-0.47,2.69,0.0
20201217:0311,0.0,0.0,0.0,-0.57,2.76,0.0
20201217:0411,0.0,0.0,0.0,-0.69,2.69,0.0
20201217:0511,0.0,0.0,0.0,-0.79,2.83,0.0
20201217:0611,0.0,0.0,0.0,-0.92,3.03,0.0
20201217:0711,0.0,0.0,0.0,-0.45,2.69,0.0
20201217:0811,0.0,0.0,0.0,-0.48,2.55,0.0
20201217:0911,0.0,1.64,2.4,-0.53,2.28,0.0
20201217:1011,19.65,34.89,5.45,-0.5,2.07,0.0
20201217:1111,5.53,15.81,6.8,-0.47,1.72,0.0
20201217:1211,3.32,12.2,6.33,-0.51,1.17,0.0
20201217:1311,4.07,13.45,4.09,-0.55,0.9,0.0
20201217:1411,0.0,0.0,0.0,-0.57,0.62,0.0
20201217:1511,0.0,0.0,0.0,-0.36,0.41,0.0
20201217:1611,0.0,0.0,0.0,-0.49,0.48,0.0
20201217:1711,0.0,0.0,0.0,-0.81,0.83,0.0
20201217:1811,0.0,0.0,0.0,-0.67,0.83,0.0
20201217:1911,0.0,0.0,0.0,-0.89,0.83,0.0
20201217:2011,0.0,0.0,0.0,-0.8,0.97,0.0
20201217:2111,0.0,0.0,0.0,-0.63,0.97,0.0
20201217:2211,0.0,0.0,0.0,-1.39,1.24,0.0
20201217:2311,0.0,0.0,0.0,-1.17,1.1,0.0
20201218:0011,0.0,0.0,0.0,-0.81,0.83,0.0
20201218:0111,0.0,0.0,0.0,-0.87,0.9,0.0
20201218:0211,0.0,0.0,0.0,-0.76,0.76,0.0
20201218:0311,0.0,0.0,0.0,-0.81,0.83,0.0
20201218:0411,0.0,0.0,0.0,-1.29,1.03,0.0
20201218:0511,0.0,0.0,0.0,-1.65,1.17,0.0
20201218:0611,0.0,0.0,0.0,-1.97,1.38,0.0
20201218:0711,0.0,0.0,0.0,-1.75,1.66,0.0
20201218:0811,0.0,0.0,0.0,-1.65,1.79,0.0
20201218:0911,157.69,183.62,2.34,-1.27,1.79,0.0
20201218:1011,0.0,5.16,5.4,-1.04,1.59,0.0
20201218:1111,4.98,14.93,6.76,-0.78,1.59,0.0
20201218:1211,6.02,16.56,6.31,-0.6,1.52,0.0
20201218:1311,0.0,3.36,4.09,-0.43,1.79,0.0
20201218:1411,0.0,0.0,0.0,-0.35,1.45,0.0
20201218:1511,0.0,0.0,0.0,-0.23,1.45,0.0
20201218:1611,0.0,0.0,0.0,-0.05,1.45,0.0
20201218:1711,0.0,0.0,0.0,0.14,1.52,0.0
20201218:1811,0.0,0.0,0.0,0.35,1.66,0.0
20201218:1911,0.0,0.0,0.0,0.62,1.66,0.0
20201218:2011,0.0,0.0,0.0,0.69,1.72,0.0
20201218:2111,0.0,0.0,0.0,0.77,1.79,0.0
20201218:2211,0.0,0.0,0.0,0.95,1.79,0.0
20201218:2311,0.0,0.0,0.0,1.06,1.72,0.0
20201219:0011,0.0,0.0,0.0,1.03,1.86,0.0
20201219:0111,0.0,0.0,0.0,1.08,1.79,0.0
20201219:0211,0.0,0.0,0.0,1.15,1.86,0.0
20201219:0311,0.0,0.0,0.0,1.27,2.0,0.0
20201219:0411,0.0,0.0,0.0,1.27,2.07,0.0
20201219:0511,0.0,0.0,0.0,1.4,2.07,0.0
20201219:0611,0.0,0.0,0.0,1.46,2.21,0.0
20201219:0711,0.0,0.0,0.0,1.47,2.21,0.0
20201219:0811,0.0,0.0,0.0,1.45,2.28,0.0
20201219:0911,0.0,1.64,2.28,1.48,2.34,0.0
20201219:1011,0.0,5.15,5.36,1.59,2.41,0.0
20201219:1111,0.61,7.03,6.73,1.52,2.41,0.0
20201219:1211,0.23,6.1,6.3,1.42,2.48,0.0
20201219:1311,0.0,3.37,4.08,1.33,2.55,0.0
20201219:1411,0.0,0.0,0.0,1.18,2.41,0.0
20201219:1511,0.0,0.0,0.0,1.09,2.41,0.0
20201219:1611,0.0,0.0,0.0,0.97,2.48,0.0
20201219:1711,0.0,0.0,0.0,0.66,2.55,0.0
20201219:1811,0.0,0.0,0.0,0.45,2.62,0.0
20201219:1911,0.0,0.0,0.0,0.41,3.03,0.0
20201219:2011,0.0,0.0,0.0,0.37,3.1,0.0
20201219:2111,0.0,0.0,0.0,0.36,3.59,0.0
20201219:2211,0.0,0.0,0.0,0.31,3.17,0.0
20201219:2311,0.0,0.0,0.0,0.29,2.76,0.0
20201220:0011,0.0,0.0,0.0,0.35,2.34,0.0
20201220:0111,0.0,0.0,0.0,0.22,2.14,0.0
20201220:0211,0.0,0.0,0.0,0.36,2.28,0.0
20201220:0311,0.0,0.0,0.0,0.49,2.34,0.0
20201220:0411,0.0,0.0,0.0,0.53,2.34,0.0
20201220:0511,0.0,0.0,0.0,0.59,2.48,0.0
20201220:0611,0.0,0.0,0.0,0.64,2.69,0.0
20201220:0711,0.0,0.0,0.0,0.36,3.52,0.0
20201220:0811,0.0,0.0,0.0,0.07,3.1,0.0
20201220:0911,0.0,1.63,2.24,0.22,2.76,0.0
20201220:1011,17.64,32.37,5.33,0.14,2.69,0.0
20201220:1111,1.44,8.78,6.71,0.48,3.24,0.0
20201220:1211,0.6,6.98,6.29,0.56,3.17,0.0
20201220:1311,0.15,5.89,4.09,0.57,3.03,0.0
20201220:1411,0.0,0.0,0.0,0.51,3.31,0.0
20201220:1511,0.0,0.0,0.0,0.31,3.1,0.0
20201220:1611,0.0,0.0,0.0,0.13,2.97,0.0
20201220:1711,0.0,0.0,0.0,-0.2,2.69,0.0
20201220:1811,0.0,0.0,0.0,-0.1,2.69,0.0
20201220:1911,0.0,0.0,0.0,-0.06,2.97,0.0
20201220:2011,0.0,0.0,0.0,-0.29,2.41,0.0
20201220:2111,0.0,0.0,0.0,-0.23,2.14,0.0
20201220:2211,0.0,0.0,0.0,-0.35,2.07,0.0
20201220:2311,0.0,0.0,0.0,-0.94,1.93,0.0
20201221:0011,0.0,0.0,0.0,-1.11,1.79,0.0
20201221:0111,0.0,0.0,0.0,-0.98,1.66,0.0
20201221:0211,0.0,0.0,0.0,-0.83,1.86,0.0
20201221:0311,0.0,0.0,0.0,-0.78,1.79,0.0
20201221:0411,0.0,0.0,0.0,-1.09,2.07,0.0
20201221:0511,0.0,0.0,0.0,-1.19,2.07,0.0
20201221:0611,0.0,0.0,0.0,-1.14,2.34,0.0
20201221:0711,0.0,0.0,0.0,-1.2,2.14,0.0
20201221:0811,0.0,0.0,0.0,-1.21,2.0,0.0
20201221:0911,0.0,1.63,2.2,-1.21,1.79,0.0
20201221:1011,0.0,5.15,5.3,-1.4,1.72,0.0
20201221:1111,1.47,8.78,6.7,-1.49,1.72,0.0
20201221:1211,3.86,13.08,6.29,-1.36,1.79,0.0
20201221:1311,4.63,14.32,4.11,-1.66,1.79,0.0
20201221:1411,0.0,0.0,0.0,-1.36,1.86,0.0
20201221:1511,0.0,0.0,0.0,-1.17,1.93,0.0
20201221:1611,0.0,0.0,0.0,-1.19,1.86,0.0
20201221:1711,0.0,0.0,0.0,-1.1,1.93,0.0
20201221:1811,0.0,0.0,0.0,-0.86,2.14,0.0
20201221:1911,0.0,0.0,0.0,-0.78,2.62,0.0
20201221:2011,0.0,0.0,0.0,-1.05,2.41,0.0
20201221:2111,0.0,0.0,0.0,-1.16,2.83,0.0
20201221:2211,0.0,0.0,0.0,-1.45,3.1,0.0
20201221:2311,0.0,0.0,0.0,-1.48,2.97,0.0
20201222:0011,0.0,0.0,0.0,-1.26,3.24,0.0
20201222:0111,0.0,0.0,0.0,-1.09,3.45,0.0
20201222:0211,0.0,0.0,0.0,-1.13,3.17,0.0
20201222:0311,0.0,0.0,0.0,-1.14,3.03,0.0
20201222:0411,0.0,0.0,0.0,-1.14,2.76,0.0
20201222:0511,0.0,0.0,0.0,-1.11,2.69,0.0
20201222:0611,0.0,0.0,0.0,-1.07,2.69,0.0
20201222:0711,0.0,0.0,0.0,-1.02,2.69,0.0
20201222:0811,0.0,0.0,0.0,-1.03,2.07,0.0
20201222:0911,0.0,1.63,2.16,-0.99,2.14,0.0
20201222:1011,51.29,71.43,5.28,-0.91,1.86,0.0
20201222:1111,0.63,7.02,6.69,-0.61,1.86,0.0
20201222:1211,0.61,6.98,6.3,-0.8,2.14,0.0
20201222:1311,90.75,113.7,4.13,-1.01,2.41,0.0
20201222:1411,0.0,0.0,0.0,-0.8,2.69,0.0
20201222:1511,0.0,0.0,0.0,-1.2,3.03,0.0
20201222:1611,0.0,0.0,0.0,-1.03,3.45,0.0
20201222:1711,0.0,0.0,0.0,-1.24,3.72,0.0
20201222:1811,0.0,0.0,0.0,-1.16,3.86,0.0
20201222:1911,0.0,0.0,0.0,-1.35,4.0,0.0
20201222:2011,0.0,0.0,0.0,-1.57,4.41,0.0
20201222:2111,0.0,0.0,0.0,-1.49,4.69,0.0
20201222:2211,0.0,0.0,0.0,-1.33,5.17,0.0
20201222:2311,0.0,0.0,0.0,-0.84,5.24,0.0
20201223:0011,0.0,0.0,0.0,-0.98,4.97,0.0
20201223:0111,0.0,0.0,0.0,-1.13,4.83,0.0
20201223:0211,0.0,0.0,0.0,-1.46,4.55,0.0
20201223:0311,0.0,0.0,0.0,-1.7,4.28,0.0
20201223:0411,0.0,0.0,0.0,-1.88,4.14,0.0
20201223:0511,0.0,0.0,0.0,-1.87,4.0,0.0
20201223:0611,0.0,0.0,0.0,-2.19,3.72,0.0
20201223:0711,0.0,0.0,0.0,-3.16,2.83,0.0
20201223:0811,0.0,0.0,0.0,-3.46,2.55,0.0
20201223:0911,1.6,8.98,2.14,-3.76,2.14,0.0
20201223:1011,481.61,533.0,5.27,-4.18,1.86,0.0
20201223:1111,239.17,268.35,6.69,-4.65,1.79,0.0
20201223:1211,529.77,586.6,6.31,-5.23,1.79,0.0
20201223:1311,434.49,475.88,4.16,-5.51,1.86,0.0
20201223:1411,0.0,0.0,0.0,-6.07,2.07,0.0
20201223:1511,0.0,0.0,0.0,-6.46,2.21,0.0
20201223:1611,0.0,0.0,0.0,-6.78,2.21,0.0
20201223:1711,0.0,0.0,0.0,-7.09,2.21,0.0
20201223:1811,0.0,0.0,0.0,-7.4,2.14,0.0
20201223:1911,0.0,0.0,0.0,-6.37,1.93,0.0
20201223:2011,0.0,0.0,0.0,-6.33,1.86,0.0
20201223:2111,0.0,0.0,0.0,-6.79,2.07,0.0
20201223:2211,0.0,0.0,0.0,-6.97,2.21,0.0
20201223:2311,0.0,0.0,0.0,-7.06,2.28,0.0
20201224:0011,0.0,0.0,0.0,-7.48,2.07,0.0
20201224:0111,0.0,0.0,0.0,-7.28,2.14,0.0
20201224:0211,0.0,0.0,0.0,-7.27,2.21,0.0
20201224:0311,0.0,0.0,0.0,-7.83,2.14,0.0
20201224:0411,0.0,0.0,0.0,-8.09,2.14,0.0
20201224:0511,0.0,0.0,0.0,-8.55,2.14,0.0
20201224:0611,0.0,0.0,0.0,-8.87,2.28,0.0
20201224:0711,0.0,0.0,0.0,-9.39,2.34,0.0
20201224:0811,0.0,0.0,0.0,-9.62,2.41,0.0
20201224:0911,0.0,1.63,2.12,-9.99,2.55,0.0
20201224:1011,1.04,7.72,5.26,-10.03,2.69,0.0
20201224:1111,1.58,8.78,6.7,-9.89,2.69,0.0
20201224:1211,0.69,6.98,6.34,-9.84,2.55,0.0
20201224:1311,0.0,4.22,4.19,-9.93,2.41,0.0
20201224:1411,0.0,0.0,0.0,-10.39,2.41,0.0
20201224:1511,0.0,0.0,0.0,-10.8,2.41,0.0
20201224:1611,0.0,0.0,0.0,-11.13,2.41,0.0
20201224:1711,0.0,0.0,0.0,-11.18,2.41,0.0
20201224:1811,0.0,0.0,0.0,-11.56,2.41,0.0
20201224:1911,0.0,0.0,0.0,-10.64,2.41,0.0
20201224:2011,0.0,0.0,0.0,-10.65,2.41,0.0
20201224:2111,0.0,0.0,0.0,-10.75,2.48,0.0
20201224:2211,0.0,0.0,0.0,-10.74,2.55,0.0
20201224:2311,0.0,0.0,0.0,-10.79,2.55,0.0
20201225:0011,0.0,0.0,0.0,-10.95,2.55,0.0
20201225:0111,0.0,0.0,0.0,-11.05,2.55,0.0
20201225:0211,0.0,0.0,0.0,-11.35,2.55,0.0
20201225:0311,0.0,0.0,0.0,-11.77,2.55,0.0
20201225:0411,0.0,0.0,0.0,-12.29,2.55,0.0
20201225:0511,0.0,0.0,0.0,-12.65,2.48,0.0
20201225:0611,0.0,0.0,0.0,-12.96,2.48,0.0
20201225:0711,0.0,0.0,0.0,-12.75,2.55,0.0
20201225:0811,0.0,0.0,0.0,-13.07,2.34,0.0
20201225:0911,0.0,1.63,2.11,-13.12,2.34,0.0
20201225:1011,0.0,5.14,5.26,-12.98,2.21,0.0
20201225:1111,2.1,9.66,6.72,-12.7,2.07,0.0
20201225:1211,0.72,6.98,6.37,-12.86,2.14,0.0
20201225:1311,0.0,4.22,4.24,-13.08,2.14,0.0
20201225:1411,0.0,0.0,0.0,-13.5,2.14,0.0
20201225:1511,0.0,0.0,0.0,-13.85,2.21,0.0
20201225:1611,0.0,0.0,0.0,-13.63,2.07,0.0
20201225:1711,0.0,0.0,0.0,-12.9,1.93,0.0
20201225:1811,0.0,0.0,0.0,-11.78,1.72,0.0
20201225:1911,0.0,0.0,0.0,-10.83,1.52,0.0
20201225:2011,0.0,0.0,0.0,-9.7,1.24,0.0
20201225:2111,0.0,0.0,0.0,-8.65,1.03,0.0
20201225:2211,0.0,0.0,0.0,-8.61,1.31,0.0
20201225:2311,0.0,0.0,0.0,-7.79,1.17,0.0
20201226:0011,0.0,0.0,0.0,-7.16,1.17,0.0
20201226:0111,0.0,0.0,0.0,-6.35,1.1,0.0
20201226:0211,0.0,0.0,0.0,-6.23,1.24,0.0
20201226:0311,0.0,0.0,0.0,-5.86,1.17,0.0
20201226:0411,0.0,0.0,0.0,-5.75,1.24,0.0
20201226:0511,0.0,0.0,0.0,-6.0,1.45,0.0
20201226:0611,0.0,0.0,0.0,-6.02,1.45,0.0
20201226:0711,0.0,0.0,0.0,-6.32,1.45,0.0
20201226:0811,0.0,0.0,0.0,-6.16,1.45,0.0
20201226:0911,0.0,1.63,2.11,-6.3,1.52,0.0
20201226:1011,4.92,14.57,5.28,-5.99,1.45,0.0
20201226:1111,5.7,15.8,6.75,-5.75,1.38,0.0
20201226:1211,5.07,14.84,6.41,-5.61,1.38,0.0
20201226:1311,0.0,4.22,4.29,-5.66,1.52,0.0
20201226:1411,0.0,0.0,0.0,-5.66,1.59,0.0
20201226:1511,0.0,0.0,0.0,-5.66,1.66,0.0
20201226:1611,0.0,0.0,0.0,-5.39,1.72,0.0
20201226:1711,0.0,0.0,0.0,-5.06,1.93,0.0
20201226:1811,0.0,0.0,0.0,-4.56,2.14,0.0
20201226:1911,0.0,0.0,0.0,-4.07,2.55,0.0
20201226:2011,0.0,0.0,0.0,-3.63,2.76,0.0
20201226:2111,0.0,0.0,0.0,-3.31,3.1,0.0
20201226:2211,0.0,0.0,0.0,-3.0,3.38,0.0
20201226:2311,0.0,0.0,0.0,-2.7,3.45,0.0
20201227:0011,0.0,0.0,0.0,-2.4,3.59,0.0
20201227:0111,0.0,0.0,0.0,-2.17,3.72,0.0
20201227:0211,0.0,0.0,0.0,-2.01,4.0,0.0
20201227:0311,0.0,0.0,0.0,-1.94,4.14,0.0
20201227:0411,0.0,0.0,0.0,-1.89,4.48,0.0
20201227:0511,0.0,0.0,0.0,-1.83,4.62,0.0
20201227:0611,0.0,0.0,0.0,-1.8,4.69,0.0
20201227:0711,0.0,0.0,0.0,-1.4,4.34,0.0
20201227:0811,0.0,0.0,0.0,-1.38,4.41,0.0
20201227:0911,0.0,1.63,2.11,-1.22,4.48,0.0
20201227:1011,0.95,7.71,5.29,-1.1,5.17,0.0
20201227:1111,2.39,10.53,6.78,-1.45,5.38,0.0
20201227:1211,1.02,7.86,6.46,-1.94,4.34,0.0
20201227:1311,0.52,6.75,4.35,-2.28,4.34,0.0
20201227:1411,0.0,0.0,0.0,-2.45,4.07,0.0
20201227:1511,0.0,0.0,0.0,-2.52,4.07,0.0
20201227:1611,0.0,0.0,0.0,-2.55,4.07,0.0
20201227:1711,0.0,0.0,0.0,-2.51,3.86,0.0
20201227:1811,0.0,0.0,0.0,-2.57,4.07,0.0
20201227:1911,0.0,0.0,0.0,-2.25,4.0,0.0
20201227:2011,0.0,0.0,0.0,-2.27,3.38,0.0
20201227:2111,0.0,0.0,0.0,-2.3,2.69,0.0
20201227:2211,0.0,0.0,0.0,-2.32,2.41,0.0
20201227:2311,0.0,0.0,0.0,-2.53,2.0,0.0
20201228:0011,0.0,0.0,0.0,-2.62,2.0,0.0
20201228:0111,0.0,0.0,0.0,-2.73,1.72,0.0
20201228:0211,0.0,0.0,0.0,-2.75,1.72,0.0
20201228:0311,0.0,0.0,0.0,-2.8,1.79,0.0
20201228:0411,0.0,0.0,0.0,-2.76,2.28,0.0
20201228:0511,0.0,0.0,0.0,-2.82,2.62,0.0
20201228:0611,0.0,0.0,0.0,-3.02,2.9,0.0
20201228:0711,0.0,0.0,0.0,-3.2,3.03,0.0
20201228:0811,0.0,0.0,0.0,-3.35,2.97,0.0
20201228:0911,0.0,1.63,2.13,-3.55,2.83,0.0
20201228:1011,0.0,5.14,5.32,-3.65,2.83,0.0
20201228:1111,1.5,8.78,6.82,-3.67,3.17,0.0
20201228:1211,3.4,12.23,6.51,-3.61,3.52,0.0
20201228:1311,4.18,13.51,4.42,-3.61,3.31,0.0
20201228:1411,0.0,0.0,0.0,-3.56,3.17,0.0
20201228:1511,0.0,0.0,0.0,-3.56,3.03,0.0
20201228:1611,0.0,0.0,0.0,-3.54,3.59,0.0
20201228:1711,0.0,0.0,0.0,-3.53,3.03,0.0
20201228:1811,0.0,0.0,0.0,-3.45,3.17,0.0
20201228:1911,0.0,0.0,0.0,-3.26,2.83,0.0
20201228:2011,0.0,0.0,0.0,-3.15,3.59,0.0
20201228:2111,0.0,0.0,0.0,-3.12,2.9,0.0
20201228:2211,0.0,0.0,0.0,-3.1,2.48,0.0
20201228:2311,0.0,0.0,0.0,-3.21,2.28,0.0
20201229:0011,0.0,0.0,0.0,-3.19,2.14,0.0
20201229:0111,0.0,0.0,0.0,-3.32,1.93,0.0
20201229:0211,0.0,0.0,0.0,-3.33,1.66,0.0
20201229:0311,0.0,0.0,0.0,-3.44,1.45,0.0
20201229:0411,0.0,0.0,0.0,-3.53,1.38,0.0
20201229:0511,0.0,0.0,0.0,-3.6,1.45,0.0
20201229:0611,0.0,0.0,0.0,-3.6,1.45,0.0
20201229:0711,0.0,0.0,0.0,-3.31,1.24,0.0
20201229:0811,0.0,0.0,0.0,-3.39,1.31,0.0
20201229:0911,0.0,3.25,2.15,-3.3,1.59,0.0
20201229:1011,1.82,9.42,5.35,-3.04,1.45,0.0
20201229:1111,2.42,10.53,6.87,-3.04,1.17,0.0
20201229:1211,0.63,6.99,6.57,-3.0,1.45,0.0
20201229:1311,0.0,5.07,4.49,-2.86,1.79,0.0
20201229:1411,0.0,0.0,0.0,-2.85,1.79,0.0
20201229:1511,0.0,0.0,0.0,-3.03,1.72,0.0
20201229:1611,0.0,0.0,0.0,-2.97,1.66,0.0
20201229:1711,0.0,0.0,0.0,-2.94,1.66,0.0
20201229:1811,0.0,0.0,0.0,-3.1,1.72,0.0
20201229:1911,0.0,0.0,0.0,-2.87,1.86,0.0
20201229:2011,0.0,0.0,0.0,-2.74,1.93,0.0
20201229:2111,0.0,0.0,0.0,-2.67,2.0,0.0
20201229:2211,0.0,0.0,0.0,-2.63,2.21,0.0
20201229:2311,0.0,0.0,0.0,-2.59,2.34,0.0
20201230:0011,0.0,0.0,0.0,-2.49,2.41,0.0
20201230:0111,0.0,0.0,0.0,-2.48,2.34,0.0
20201230:0211,0.0,0.0,0.0,-2.48,2.21,0.0
20201230:0311,0.0,0.0,0.0,-2.51,2.07,0.0
20201230:0411,0.0,0.0,0.0,-2.55,2.0,0.0
20201230:0511,0.0,0.0,0.0,-2.62,1.93,0.0
20201230:0611,0.0,0.0,0.0,-2.67,1.93,0.0
20201230:0711,0.0,0.0,0.0,-2.54,2.28,0.0
20201230:0811,0.0,0.0,0.0,-2.52,2.07,0.0
20201230:0911,0.0,1.63,2.17,-2.59,1.93,0.0
20201230:1011,0.0,5.14,5.4,-2.62,1.79,0.0
20201230:1111,43.05,62.15,6.92,-2.57,1.79,0.0
20201230:1211,70.6,92.35,6.64,-2.69,1.45,0.0
20201230:1311,1.75,9.3,4.57,-2.7,1.24,0.0
20201230:1411,0.0,0.0,0.0,-2.92,1.38,0.0
20201230:1511,0.0,0.0,0.0,-3.22,1.38,0.0
20201230:1611,0.0,0.0,0.0,-3.27,1.17,0.0
20201230:1711,0.0,0.0,0.0,-3.4,1.17,0.0
20201230:1811,0.0,0.0,0.0,-3.67,1.24,0.0
20201230:1911,0.0,0.0,0.0,-4.28,1.31,0.0
20201230:2011,0.0,0.0,0.0,-3.68,1.03,0.0
20201230:2111,0.0,0.0,0.0,-3.65,0.97,0.0
20201230:2211,0.0,0.0,0.0,-4.01,1.03,0.0
20201230:2311,0.0,0.0,0.0,-4.47,1.24,0.0
20201231:0011,0.0,0.0,0.0,-4.8,1.31,0.0
20201231:0111,0.0,0.0,0.0,-4.48,1.17,0.0
20201231:0211,0.0,0.0,0.0,-4.23,0.97,0.0
20201231:0311,0.0,0.0,0.0,-4.4,0.97,0.0
20201231:0411,0.0,0.0,0.0,-5.02,1.17,0.0
20201231:0511,0.0,0.0,0.0,-6.14,1.45,0.0
20201231:0611,0.0,0.0,0.0,-6.75,1.59,0.0
20201231:0711,0.0,0.0,0.0,-5.34,1.17,0.0
20201231:0811,0.0,0.0,0.0,-5.51,1.17,0.0
20201231:0911,1.61,8.94,2.21,-5.48,1.1,0.0
20201231:1011,84.6,106.08,5.44,-5.18,0.97,0.0
20201231:1111,1.08,7.9,6.99,-5.36,0.9,0.0
20201231:1211,2.93,11.36,6.72,-5.24,0.83,0.0
20201231:1311,0.0,4.23,4.66,-5.25,0.9,0.0
20201231:1411,0.0,0.0,0.0,-5.04,0.9,0.0
20201231:1511,0.0,0.0,0.0,-4.95,0.83,0.0
20201231:1611,0.0,0.0,0.0,-4.9,0.83,0.0
20201231:1711,0.0,0.0,0.0,-4.93,0.83,0.0
20201231:1811,0.0,0.0,0.0,-4.81,0.69,0.0
20201231:1911,0.0,0.0,0.0,-5.18,0.69,0.0
20201231:2011,0.0,0.0,0.0,-5.12,0.48,0.0
20201231:2111,0.0,0.0,0.0,-4.91,0.34,0.0
20201231:2211,0.0,0.0,0.0,-4.68,0.28,0.0
20201231:2311,0.0,0.0,0.0,-4.62,0.48,0.0
20210101:0011,0.0,0.0,0.0,-4.91,0.48,0.0
20210101:0111,0.0,0.0,0.0,-4.9,0.48,0.0
20210101:0211,0.0,0.0,0.0,-4.85,0.48,0.0
20210101:0311,0.0,0.0,0.0,-4.87,0.55,0.0
20210101:0411,0.0,0.0,0.0,-5.03,0.62,0.0
20210101:0511,0.0,0.0,0.0,-5.04,0.69,0.0
20210101:0611,0.0,0.0,0.0,-5.21,0.69,0.0
20210101:0711,0.0,0.0,0.0,-7.09,1.24,0.0
20210101:0811,0.0,0.0,0.0,-7.88,1.38,0.0
20210101:0911,0.0,1.63,2.26,-9.29,1.52,0.0
20210101:1011,0.63,6.85,5.52,-10.29,1.59,0.0
20210101:1111,15.6,28.95,7.08,-10.32,1.66,0.0
20210101:1211,0.7,6.99,6.83,-10.46,1.66,0.0
20210101:1311,0.0,4.23,4.78,-10.7,1.66,0.0
20210101:1411,0.0,0.0,0.0,-11.08,1.72,0.0
20210101:1511,0.0,0.0,0.0,-11.35,1.66,0.0
20210101:1611,0.0,0.0,0.0,-11.89,1.72,0.0
20210101:1711,0.0,0.0,0.0,-12.08,1.72,0.0
20210101:1811,0.0,0.0,0.0,-12.34,1.66,0.0
20210101:1911,0.0,0.0,0.0,-9.44,1.38,0.0
20210101:2011,0.0,0.0,0.0,-9.02,1.17,0.0
20210101:2111,0.0,0.0,0.0,-8.37,0.97,0.0
20210101:2211,0.0,0.0,0.0,-7.84,0.83,0.0
20210101:2311,0.0,0.0,0.0,-7.45,0.76,0.0
20210102:0011,0.0,0.0,0.0,-7.34,0.62,0.0
20210102:0111,0.0,0.0,0.0,-7.26,0.48,0.0
20210102:0211,0.0,0.0,0.0,-7.18,0.55,0.0
20210102:0311,0.0,0.0,0.0,-7.02,0.62,0.0
20210102:0411,0.0,0.0,0.0,-7.14,0.62,0.0
20210102:0511,0.0,0.0,0.0,-7.23,0.55,0.0
20210102:0611,0.0,0.0,0.0,-7.19,0.41,0.0
20210102:0711,0.0,0.0,0.0,-8.26,0.76,0.0
20210102:0811,0.0,0.0,0.0,-7.9,0.62,0.0
20210102:0911,0.0,1.62,2.32,-7.52,0.48,0.0
20210102:1011,0.0,5.13,5.58,-7.15,0.48,0.0
20210102:1111,25.26,41.02,7.16,-6.94,0.55,0.0
20210102:1211,10.58,22.72,6.92,-6.72,0.62,0.0
20210102:1311,7.64,18.61,4.89,-6.52,0.76,0.0
20210102:1411,0.0,0.0,0.0,-6.55,0.69,0.0
20210102:1511,0.0,0.0,0.0,-6.63,0.9,0.0
20210102:1611,0.0,0.0,0.0,-6.82,0.69,0.0
20210102:1711,0.0,0.0,0.0,-7.09,0.9,0.0
20210102:1811,0.0,0.0,0.0,-7.67,1.1,0.0
20210102:1911,0.0,0.0,0.0,-10.21,1.31,0.0
20210102:2011,0.0,0.0,0.0,-10.63,1.45,0.0
20210102:2111,0.0,0.0,0.0,-10.72,1.52,0.0
20210102:2211,0.0,0.0,0.0,-10.17,1.59,0.0
20210102:2311,0.0,0.0,0.0,-9.52,1.52,0.0
20210103:0011,0.0,0.0,0.0,-9.32,1.52,0.0
20210103:0111,0.0,0.0,0.0,-9.13,1.52,0.0
20210103:0211,0.0,0.0,0.0,-9.07,1.52,0.0
20210103:0311,0.0,0.0,0.0,-8.72,1.52,0.0
20210103:0411,0.0,0.0,0.0,-8.96,1.59,0.0
20210103:0511,0.0,0.0,0.0,-9.1,1.66,0.0
20210103:0611,0.0,0.0,0.0,-9.22,1.52,0.0
20210103:0711,0.0,0.0,0.0,-10.77,1.59,0.0
20210103:0811,0.0,0.0,0.0,-11.34,1.66,0.0
20210103:0911,0.0,1.62,2.38,-12.24,1.86,0.0
20210103:1011,20.6,34.51,5.66,-12.77,1.86,0.0
20210103:1111,1.16,7.89,7.25,-13.04,1.93,0.0
20210103:1211,1.15,7.87,7.02,-13.23,2.0,0.0
20210103:1311,0.0,5.08,5.0,-13.6,2.07,0.0
20210103:1411,0.0,0.0,0.0,-14.3,2.07,0.0
20210103:1511,0.0,0.0,0.0,-15.17,2.21,0.0
20210103:1611,0.0,0.0,0.0,-15.64,2.14,0.0
20210103:1711,0.0,0.0,0.0,-16.06,2.21,0.0
20210103:1811,0.0,0.0,0.0,-16.06,2.28,0.0
20210103:1911,0.0,0.0,0.0,-16.88,2.21,0.0
20210103:2011,0.0,0.0,0.0,-16.46,2.28,0.0
20210103:2111,0.0,0.0,0.0,-15.82,2.28,0.0
20210103:2211,0.0,0.0,0.0,-15.57,2.28,0.0
20210103:2311,0.0,0.0,0.0,-15.42,2.21,0.0
20210104:0011,0.0,0.0,0.0,-15.43,2.21,0.0
20210104:0111,0.0,0.0,0.0,-15.5,2.21,0.0
20210104:0211,0.0,0.0,0.0,-15.62,2.21,0.0
20210104:0311,0.0,0.0,0.0,-15.65,2.21,0.0
20210104:0411,0.0,0.0,0.0,-15.43,2.14,0.0
20210104:0511,0.0,0.0,0.0,-15.05,2.0,0.0
20210104:0611,0.0,0.0,0.0,-14.52,2.0,0.0
20210104:0711,0.0,0.0,0.0,-15.53,2.0,0.0
20210104:0811,0.0,0.0,0.0,-15.2,2.07,0.0
20210104:0911,0.0,2.43,2.44,-14.82,2.07,0.0
20210104:1011,10.66,22.23,5.74,-14.22,2.0,0.0
20210104:1111,4.24,13.16,7.34,-13.94,2.0,0.0
20210104:1211,1.16,7.87,7.13,-14.07,2.07,0.0
20210104:1311,0.0,5.08,5.12,-14.33,2.07,0.0
20210104:1411,0.0,0.0,0.0,-14.47,2.07,0.0
20210104:1511,0.0,0.0,0.0,-15.21,2.14,0.0
20210104:1611,0.0,0.0,0.0,-15.88,2.21,0.0
20210104:1711,0.0,0.0,0.0,-16.34,2.21,0.0
20210104:1811,0.0,0.0,0.0,-16.37,2.21,0.0
20210104:1911,0.0,0.0,0.0,-16.05,2.21,0.0
20210104:2011,0.0,0.0,0.0,-15.96,2.14,0.0
20210104:2111,0.0,0.0,0.0,-16.13,2.07,0.0
20210104:2211,0.0,0.0,0.0,-16.22,2.07,0.0
20210104:2311,0.0,0.0,0.0,-16.53,2.07,0.0
20210105:0011,0.0,0.0,0.0,-16.3,2.0,0.0
20210105:0111,0.0,0.0,0.0,-16.03,1.86,0.0
20210105:0211,0.0,0.0,0.0,-15.94,1.93,0.0
20210105:0311,0.0,0.0,0.0,-15.8,1.93,0.0
20210105:0411,0.0,0.0,0.0,-15.73,2.0,0.0
20210105:0511,0.0,0.0,0.0,-15.57,2.0,0.0
20210105:0611,0.0,0.0,0.0,-15.2,1.93,0.0
20210105:0711,0.0,0.0,0.0,-15.52,2.0,0.0
20210105:0811,0.0,0.0,0.0,-15.7,1.93,0.0
20210105:0911,0.0,2.43,2.52,-15.67,1.86,0.0
20210105:1011,1.09,7.69,5.83,-15.15,1.72,0.0
20210105:1111,1.18,7.89,7.44,-14.6,1.66,0.0
20210105:1211,1.17,7.87,7.25,-14.52,1.72,0.0
20210105:1311,0.0,5.08,5.25,-15.08,1.79,0.0
20210105:1411,0.0,0.8,1.6,-15.92,1.86,0.0
20210105:1511,0.0,0.0,0.0,-16.48,2.0,0.0
20210105:1611,0.0,0.0,0.0,-16.7,2.0,0.0
20210105:1711,0.0,0.0,0.0,-17.0,2.07,0.0
20210105:1811,0.0,0.0,0.0,-17.27,2.07,0.0
20210105:1911,0.0,0.0,0.0,-20.82,2.14,0.0
20210105:2011,0.0,0.0,0.0,-21.18,2.14,0.0
20210105:2111,0.0,0.0,0.0,-21.48,2.07,0.0
20210105:2211,0.0,0.0,0.0,-21.66,2.14,0.0
20210105:2311,0.0,0.0,0.0,-21.68,2.21,0.0
20210106:0011,0.0,0.0,0.0,-21.85,2.14,0.0
20210106:0111,0.0,0.0,0.0,-21.92,2.21,0.0
20210106:0211,0.0,0.0,0.0,-21.88,2.21,0.0
20210106:0311,0.0,0.0,0.0,-22.12,2.28,0.0
20210106:0411,0.0,0.0,0.0,-21.47,2.34,0.0
20210106:0511,0.0,0.0,0.0,-21.1,2.28,0.0
20210106:0611,0.0,0.0,0.0,-20.8,2.21,0.0
20210106:0711,0.0,0.0,0.0,-21.54,2.28,0.0
20210106:0811,0.0,0.0,0.0,-21.53,2.21,0.0
20210106:0911,430.22,435.79,2.6,-21.64,2.21,0.0
20210106:1011,102.65,117.31,5.92,-21.35,2.28,0.0
20210106:1111,259.31,270.58,7.56,-20.61,2.14,0.0
20210106:1211,637.93,665.67,7.37,-19.45,2.0,0.0
20210106:1311,562.18,583.85,5.38,-18.8,1.93,0.0
20210106:1411,0.0,3.2,1.74,-18.62,1.86,0.0
20210106:1511,0.0,0.0,0.0,-18.83,1.93,0.0
20210106:1611,0.0,0.0,0.0,-19.06,2.0,0.0
20210106:1711,0.0,0.0,0.0,-18.74,1.93,0.0
20210106:1811,0.0,0.0,0.0,-18.35,1.86,0.0
20210106:1911,0.0,0.0,0.0,-19.05,1.93,0.0
20210106:2011,0.0,0.0,0.0,-19.28,2.0,0.0
20210106:2111,0.0,0.0,0.0,-19.25,1.93,0.0
20210106:2211,0.0,0.0,0.0,-18.69,1.72,0.0
20210106:2311,0.0,0.0,0.0,-18.21,1.59,0.0
20210107:0011,0.0,0.0,0.0,-18.41,1.66,0.0
20210107:0111,0.0,0.0,0.0,-18.82,1.72,0.0
20210107:0211,0.0,0.0,0.0,-18.74,1.72,0.0
20210107:0311,0.0,0.0,0.0,-18.89,1.72,0.0
20210107:0411,0.0,0.0,0.0,-19.38,1.79,0.0
20210107:0511,0.0,0.0,0.0,-19.87,1.86,0.0
20210107:0611,0.0,0.0,0.0,-19.72,1.79,0.0
20210107:0711,0.0,0.0,0.0,-20.32,1.86,0.0
20210107:0811,0.0,0.0,0.0,-20.07,1.79,0.0
20210107:0911,0.0,3.24,2.69,-19.83,1.72,0.0
20210107:1011,233.02,245.96,6.03,-19.42,1.66,0.0
20210107:1111,5.56,14.91,7.67,-19.22,1.66,0.0
20210107:1211,3.23,11.37,7.5,-18.99,1.66,0.0
20210107:1311,0.0,5.09,5.52,-18.44,1.59,0.0
20210107:1411,0.0,0.8,1.89,-18.53,1.66,0.0
20210107:1511,0.0,0.0,0.0,-19.01,1.72,0.0
20210107:1611,0.0,0.0,0.0,-19.02,1.72,0.0
20210107:1711,0.0,0.0,0.0,-18.81,1.66,0.0
20210107:1811,0.0,0.0,0.0,-18.57,1.66,0.0
20210107:1911,0.0,0.0,0.0,-18.66,1.59,0.0
20210107:2011,0.0,0.0,0.0,-18.57,1.59,0.0
20210107:2111,0.0,0.0,0.0,-18.58,1.59,0.0
20210107:2211,0.0,0.0,0.0,-18.73,1.66,0.0
20210107:2311,0.0,0.0,0.0,-18.71,1.59,0.0
20210108:0011,0.0,0.0,0.0,-18.44,1.59,0.0
20210108:0111,0.0,0.0,0.0,-18.57,1.59,0.0
20210108:0211,0.0,0.0,0.0,-18.95,1.66,0.0
20210108:0311,0.0,0.0,0.0,-19.11,1.72,0.0
20210108:0411,0.0,0.0,0.0,-19.36,1.79,0.0
20210108:0511,0.0,0.0,0.0,-19.51,1.79,0.0
20210108:0611,0.0,0.0,0.0,-19.83,1.86,0.0
20210108:0711,0.0,0.0,0.0,-20.74,1.86,0.0
20210108:0811,0.0,0.0,0.0,-21.0,1.93,0.0
20210108:0911,0.0,2.43,2.78,-21.16,2.0,0.0
20210108:1011,4.77,13.67,6.14,-20.8,1.93,0.0
20210108:1111,1.71,8.77,7.8,-19.97,1.79,0.0
20210108:1211,1.7,8.75,7.64,-19.64,1.79,0.0
20210108:1311,0.29,5.94,5.67,-19.38,1.79,0.0
20210108:1411,0.0,1.6,2.04,-19.46,1.79,0.0
20210108:1511,0.0,0.0,0.0,-19.56,1.79,0.0
20210108:1611,0.0,0.0,0.0,-19.75,1.86,0.0
20210108:1711,0.0,0.0,0.0,-19.53,1.79,0.0
20210108:1811,0.0,0.0,0.0,-19.51,1.79,0.0
20210108:1911,0.0,0.0,0.0,-20.56,2.07,0.0
20210108:2011,0.0,0.0,0.0,-20.13,1.93,0.0
20210108:2111,0.0,0.0,0.0,-19.98,1.93,0.0
20210108:2211,0.0,0.0,0.0,-19.86,2.0,0.0
20210108:2311,0.0,0.0,0.0,-19.5,1.93,0.0
20210109:0011,0.0,0.0,0.0,-19.76,1.93,0.0
20210109:0111,0.0,0.0,0.0,-19.68,2.0,0.0
20210109:0211,0.0,0.0,0.0,-19.76,2.0,0.0
20210109:0311,0.0,0.0,0.0,-19.79,2.0,0.0
20210109:0411,0.0,0.0,0.0,-20.19,2.0,0.0
20210109:0511,0.0,0.0,0.0,-20.32,2.0,0.0
20210109:0611,0.0,0.0,0.0,-20.15,1.93,0.0
20210109:0711,0.0,0.0,0.0,-20.4,1.93,0.0
20210109:0811,0.0,0.0,0.0,-20.52,2.0,0.0
20210109:0911,0.0,2.43,2.89,-20.14,2.0,0.0
20210109:1011,0.3,5.98,6.26,-18.59,1.72,0.0
20210109:1111,1.68,8.77,7.93,-17.83,1.66,0.0
20210109:1211,2.67,10.5,7.78,-17.68,1.86,0.0
20210109:1311,0.28,5.94,5.82,-16.94,1.93,0.0
20210109:1411,0.0,1.6,2.2,-15.19,1.66,0.0
20210109:1511,0.0,0.0,0.0,-13.5,1.38,0.0
20210109:1611,0.0,0.0,0.0,-13.3,1.38,0.0
20210109:1711,0.0,0.0,0.0,-12.56,1.31,0.0
20210109:1811,0.0,0.0,0.0,-11.76,1.52,0.0
20210109:1911,0.0,0.0,0.0,-12.39,2.07,0.0
20210109:2011,0.0,0.0,0.0,-12.43,2.48,0.0
20210109:2111,0.0,0.0,0.0,-11.81,3.03,0.0
20210109:2211,0.0,0.0,0.0,-10.58,3.24,0.0
20210109:2311,0.0,0.0,0.0,-9.53,2.62,0.0
20210110:0011,0.0,0.0,0.0,-8.68,2.34,0.0
20210110:0111,0.0,0.0,0.0,-9.68,2.62,0.0
20210110:0211,0.0,0.0,0.0,-11.21,2.69,0.0
20210110:0311,0.0,0.0,0.0,-11.05,2.41,0.0
20210110:0411,0.0,0.0,0.0,-10.56,2.21,0.0
20210110:0511,0.0,0.0,0.0,-10.81,2.07,0.0
20210110:0611,0.0,0.0,0.0,-11.36,2.0,0.0
20210110:0711,0.0,0.0,0.0,-13.9,1.86,0.0
20210110:0811,0.0,0.0,0.0,-14.25,1.79,0.0
20210110:0911,0.0,2.43,3.0,-14.57,1.72,0.0
20210110:1011,0.66,6.83,6.38,-14.8,1.66,0.0
20210110:1111,1.63,8.77,8.07,-14.29,1.52,0.0
20210110:1211,2.09,9.62,7.94,-13.21,1.38,0.0
20210110:1311,0.25,5.94,5.98,-12.17,1.17,0.0
20210110:1411,0.0,1.6,2.37,-11.47,0.83,0.0
20210110:1511,0.0,0.0,0.0,-11.04,0.55,0.0
20210110:1611,0.0,0.0,0.0,-10.65,0.28,0.0
20210110:1711,0.0,0.0,0.0,-10.39,0.21,0.0
20210110:1811,0.0,0.0,0.0,-10.21,0.41,0.0
20210110:1911,0.0,0.0,0.0,-8.38,1.17,0.0
20210110:2011,0.0,0.0,0.0,-8.24,1.17,0.0
20210110:2111,0.0,0.0,0.0,-8.16,1.17,0.0
20210110:2211,0.0,0.0,0.0,-8.4,1.17,0.0
20210110:2311,0.0,0.0,0.0,-8.15,1.1,0.0
20210111:0011,0.0,0.0,0.0,-8.13,1.1,0.0
20210111:0111,0.0,0.0,0.0,-8.08,1.03,0.0
20210111:0211,0.0,0.0,0.0,-8.48,0.69,0.0
20210111:0311,0.0,0.0,0.0,-9.13,0.55,0.0
20210111:0411,0.0,0.0,0.0,-9.6,0.41,0.0
20210111:0511,0.0,0.0,0.0,-9.83,0.34,0.0
20210111:0611,0.0,0.0,0.0,-10.1,0.34,0.0
20210111:0711,0.0,0.0,0.0,-7.87,0.41,0.0
20210111:0811,0.0,0.0,0.0,-7.97,0.34,0.0
20210111:0911,362.13,396.54,3.12,-8.05,0.14,0.0
20210111:1011,0.6,6.83,6.52,-8.12,0.41,0.0
20210111:1111,2.5,10.52,8.22,-7.93,0.69,0.0
20210111:1211,8.14,19.25,8.09,-7.92,0.62,0.0
20210111:1311,72.73,92.66,6.15,-7.77,0.83,0.0
20210111:1411,0.0,4.01,2.54,-7.72,1.03,0.0
20210111:1511,0.0,0.0,0.0,-8.51,1.31,0.0
20210111:1611,0.0,0.0,0.0,-9.4,1.38,0.0
20210111:1711,0.0,0.0,0.0,-12.31,1.93,0.0
20210111:1811,0.0,0.0,0.0,-13.2,2.14,0.0
20210111:1911,0.0,0.0,0.0,-12.99,1.79,0.0
20210111:2011,0.0,0.0,0.0,-13.55,2.07,0.0
20210111:2111,0.0,0.0,0.0,-13.54,2.48,0.0
20210111:2211,0.0,0.0,0.0,-13.7,2.41,0.0
20210111:2311,0.0,0.0,0.0,-14.04,2.34,0.0
20210112:0011,0.0,0.0,0.0,-14.59,2.34,0.0
20210112:0111,0.0,0.0,0.0,-15.05,2.34,0.0
20210112:0211,0.0,0.0,0.0,-15.4,2.41,0.0
20210112:0311,0.0,0.0,0.0,-15.65,2.41,0.0
20210112:0411,0.0,0.0,0.0,-15.98,2.55,0.0
20210112:0511,0.0,0.0,0.0,-15.48,2.76,0.0
20210112:0611,0.0,0.0,0.0,-15.23,2.9,0.0
20210112:0711,0.0,0.0,0.0,-15.23,2.9,0.0
20210112:0811,0.0,0.0,0.0,-14.68,2.97,0.0
20210112:0911,0.0,2.43,3.24,-13.83,3.03,0.0
20210112:1011,0.64,6.83,6.66,-12.28,3.52,0.0
20210112:1111,268.83,290.23,8.37,-10.53,4.07,0.0
20210112:1211,3.57,12.25,8.26,-9.89,4.14,0.0
20210112:1311,0.6,6.79,6.33,-9.88,3.93,0.0
20210112:1411,0.0,1.61,2.72,-10.29,3.72,0.0
20210112:1511,0.0,0.0,0.0,-10.55,3.52,0.0
20210112:1611,0.0,0.0,0.0,-10.77,3.45,0.0
20210112:1711,0.0,0.0,0.0,-11.04,3.52,0.0
20210112:1811,0.0,0.0,0.0,-10.75,3.86,0.0
20210112:1911,0.0,0.0,0.0,-9.05,4.9,0.0
20210112:2011,0.0,0.0,0.0,-8.57,4.21,0.0
20210112:2111,0.0,0.0,0.0,-8.18,3.79,0.0
20210112:2211,0.0,0.0,0.0,-7.89,3.38,0.0
20210112:2311,0.0,0.0,0.0,-7.56,2.83,0.0
20210113:0011,0.0,0.0,0.0,-7.61,2.14,0.0
20210113:0111,0.0,0.0,0.0,-7.98,1.66,0.0
20210113:0211,0.0,0.0,0.0,-9.26,2.14,0.0
20210113:0311,0.0,0.0,0.0,-9.86,3.52,0.0
20210113:0411,0.0,0.0,0.0,-10.14,3.86,0.0
20210113:0511,0.0,0.0,0.0,-11.53,4.07,0.0
20210113:0611,0.0,0.0,0.0,-12.94,4.21,0.0
20210113:0711,0.0,0.0,0.0,-12.45,4.28,0.0
20210113:0811,0.0,0.0,0.0,-12.22,4.48,0.0
20210113:0911,79.84,97.27,3.38,-11.92,4.55,0.0
20210113:1011,16.46,29.87,6.8,-11.6,4.34,0.0
20210113:1111,14.98,28.05,8.53,-11.35,3.86,0.0
20210113:1211,2.06,9.63,8.43,-11.38,3.45,0.0
20210113:1311,0.62,6.8,6.51,-11.78,3.24,0.0
20210113:1411,0.0,2.41,2.91,-12.14,2.9,0.0
20210113:1511,0.0,0.0,0.0,-12.82,2.83,0.0
20210113:1611,0.0,0.0,0.0,-13.41,2.62,0.0
20210113:1711,0.0,0.0,0.0,-14.13,2.41,0.0
20210113:1811,0.0,0.0,0.0,-14.66,2.21,0.0
20210113:1911,0.0,0.0,0.0,-14.12,2.21,0.0
20210113:2011,0.0,0.0,0.0,-14.73,2.21,0.0
20210113:2111,0.0,0.0,0.0,-14.79,2.21,0.0
20210113:2211,0.0,0.0,0.0,-14.51,2.14,0.0
20210113:2311,0.0,0.0,0.0,-14.07,2.0,0.0
20210114:0011,0.0,0.0,0.0,-14.3,1.93,0.0
20210114:0111,0.0,0.0,0.0,-14.85,2.0,0.0
20210114:0211,0.0,0.0,0.0,-15.41,2.07,0.0
20210114:0311,0.0,0.0,0.0,-15.49,2.0,0.0
20210114:0411,0.0,0.0,0.0,-15.33,1.86,0.0
20210114:0511,0.0,0.0,0.0,-15.37,1.72,0.0
20210114:0611,0.0,0.0,0.0,-15.68,1.72,0.0
20210114:0711,0.0,0.0,0.0,-16.33,1.86,0.0
20210114:0811,0.0,0.0,0.0,-17.04,1.86,0.0
20210114:0911,0.52,6.47,3.52,-17.67,1.86,0.0
20210114:1011,158.46,174.23,6.96,-17.64,1.79,0.0
20210114:1111,629.18,665.36,8.7,-16.96,1.79,0.0
20210114:1211,620.04,657.68,8.61,-16.25,1.72,0.0
20210114:1311,568.49,600.4,6.69,-15.89,1.72,0.0
20210114:1411,383.46,399.33,3.1,-16.07,1.79,0.0
20210114:1511,0.0,0.0,0.0,-16.4,1.86,0.0
20210114:1611,0.0,0.0,0.0,-16.72,1.93,0.0
20210114:1711,0.0,0.0,0.0,-17.34,2.0,0.0
20210114:1811,0.0,0.0,0.0,-17.73,2.07,0.0
20210114:1911,0.0,0.0,0.0,-20.46,2.14,0.0
20210114:2011,0.0,0.0,0.0,-20.17,2.21,0.0
20210114:2111,0.0,0.0,0.0,-20.06,2.21,0.0
20210114:2211,0.0,0.0,0.0,-20.1,2.21,0.0
20210114:2311,0.0,0.0,0.0,-20.11,2.21,0.0
20210115:0011,0.0,0.0,0.0,-19.77,2.28,0.0
20210115:0111,0.0,0.0,0.0,-19.59,2.28,0.0
20210115:0211,0.0,0.0,0.0,-19.7,2.28,0.0
20210115:0311,0.0,0.0,0.0,-19.79,2.21,0.0
20210115:0411,0.0,0.0,0.0,-19.94,2.21,0.0
20210115:0511,0.0,0.0,0.0,-19.73,2.21,0.0
20210115:0611,0.0,0.0,0.0,-19.59,2.28,0.0
20210115:0711,0.0,0.0,0.0,-20.55,2.34,0.0
20210115:0811,0.0,0.0,0.0,-20.46,2.34,0.0
20210115:0911,1.8,8.9,3.66,-20.38,2.28,0.0
20210115:1011,7.09,17.06,7.12,-19.61,2.21,0.0
20210115:1111,415.21,429.29,8.88,-19.11,2.07,0.0
20210115:1211,641.39,671.73,8.8,-18.61,2.07,0.0
20210115:1311,589.63,615.14,6.89,-18.16,2.07,0.0
20210115:1411,399.74,411.81,3.29,-18.14,2.07,0.0
20210115:1511,0.0,0.0,0.0,-18.25,2.07,0.0
20210115:1611,0.0,0.0,0.0,-18.44,2.07,0.0
20210115:1711,0.0,0.0,0.0,-18.71,2.07,0.0
20210115:1811,0.0,0.0,0.0,-18.93,2.07,0.0
20210115:1911,0.0,0.0,0.0,-21.83,2.21,0.0
20210115:2011,0.0,0.0,0.0,-21.34,2.14,0.0
20210115:2111,0.0,0.0,0.0,-21.31,2.14,0.0
20210115:2211,0.0,0.0,0.0,-21.43,2.21,0.0
20210115:2311,0.0,0.0,0.0,-21.04,2.14,0.0
20210116:0011,0.0,0.0,0.0,-20.34,2.14,0.0
20210116:0111,0.0,0.0,0.0,-20.57,2.07,0.0
20210116:0211,0.0,0.0,0.0,-20.33,2.0,0.0
20210116:0311,0.0,0.0,0.0,-20.03,2.0,0.0
20210116:0411,0.0,0.0,0.0,-19.75,1.93,0.0
20210116:0511,0.0,0.0,0.0,-19.73,1.86,0.0
20210116:0611,0.0,0.0,0.0,-19.5,1.86,0.0
20210116:0711,0.0,0.0,0.0,-19.4,1.59,0.0
20210116:0811,0.0,0.0,0.0,-18.63,1.45,0.0
20210116:0911,0.0,3.23,3.82,-17.83,1.24,0.0
20210116:1011,1.1,7.68,7.29,-17.48,1.03,0.0
20210116:1111,3.74,12.27,9.06,-16.63,0.9,0.0
20210116:1211,4.84,14.01,8.99,-15.91,0.97,0.0
20210116:1311,444.58,470.35,7.09,-15.71,0.9,0.0
20210116:1411,0.0,4.83,3.5,-15.68,0.83,0.0
20210116:1511,0.0,0.0,0.0,-15.31,0.9,0.0
20210116:1611,0.0,0.0,0.0,-15.41,0.9,0.0
20210116:1711,0.0,0.0,0.0,-15.56,0.9,0.0
20210116:1811,0.0,0.0,0.0,-15.47,0.9,0.0
20210116:1911,0.0,0.0,0.0,-14.73,0.97,0.0
20210116:2011,0.0,0.0,0.0,-15.0,0.9,0.0
20210116:2111,0.0,0.0,0.0,-15.01,0.76,0.0
20210116:2211,0.0,0.0,0.0,-15.08,0.9,0.0
20210116:2311,0.0,0.0,0.0,-15.43,0.9,0.0
20210117:0011,0.0,0.0,0.0,-15.07,0.83,0.0
20210117:0111,0.0,0.0,0.0,-14.67,0.69,0.0
20210117:0211,0.0,0.0,0.0,-14.36,0.76,0.0
20210117:0311,0.0,0.0,0.0,-13.93,0.83,0.0
20210117:0411,0.0,0.0,0.0,-13.6,0.83,0.0
20210117:0511,0.0,0.0,0.0,-13.42,0.83,0.0
20210117:0611,0.0,0.0,0.0,-13.3,0.83,0.0
20210117:0711,0.0,0.0,0.0,-13.36,1.03,0.0
20210117:0811,0.0,0.0,0.0,-13.06,0.97,0.0
20210117:0911,0.0,3.23,3.98,-12.86,0.97,0.0
20210117:1011,16.5,29.85,7.46,-12.58,0.9,0.0
20210117:1111,98.14,117.95,9.25,-12.16,0.76,0.0
20210117:1211,8.97,20.14,9.19,-11.87,0.55,0.0
20210117:1311,2.89,11.06,7.29,-11.6,0.41,0.0
20210117:1411,0.0,3.22,3.71,-11.27,0.34,0.0
20210117:1511,0.0,0.0,0.0,-11.12,0.28,0.0
20210117:1611,0.0,0.0,0.0,-10.97,0.07,0.0
20210117:1711,0.0,0.0,0.0,-10.85,0.41,0.0
20210117:1811,0.0,0.0,0.0,-10.88,0.62,0.0
20210117:1911,0.0,0.0,0.0,-10.27,0.28,0.0
20210117:2011,0.0,0.0,0.0,-10.09,0.62,0.0
20210117:2111,0.0,0.0,0.0,-9.92,0.9,0.0
20210117:2211,0.0,0.0,0.0,-9.72,0.97,0.0
20210117:2311,0.0,0.0,0.0,-9.53,0.9,0.0
20210118:0011,0.0,0.0,0.0,-9.38,0.83,0.0
20210118:0111,0.0,0.0,0.0,-9.49,0.76,0.0
20210118:0211,0.0,0.0,0.0,-9.28,0.62,0.0
20210118:0311,0.0,0.0,0.0,-9.19,0.55,0.0
20210118:0411,0.0,0.0,0.0,-9.1,0.55,0.0
20210118:0511,0.0,0.0,0.0,-9.0,0.55,0.0
20210118:0611,0.0,0.0,0.0,-8.83,0.76,0.0
20210118:0711,0.0,0.0,0.0,-9.11,0.69,0.0
20210118:0811,0.0,0.0,0.0,-9.65,1.17,0.0
20210118:0911,0.0,3.23,4.14,-9.44,1.31,0.0
20210118:1011,1.45,8.53,7.65,-9.61,1.59,0.0
20210118:1111,2.52,10.51,9.44,-9.03,1.45,0.0
20210118:1211,4.63,14.01,9.39,-8.73,1.45,0.0
20210118:1311,28.29,44.37,7.5,-8.22,1.31,0.0
20210118:1411,0.79,7.25,3.92,-7.22,0.97,0.0
20210118:1511,0.0,0.0,0.0,-6.92,0.62,0.0
20210118:1611,0.0,0.0,0.0,-6.89,0.41,0.0
20210118:1711,0.0,0.0,0.0,-6.99,0.34,0.0
20210118:1811,0.0,0.0,0.0,-6.92,0.28,0.0
20210118:1911,0.0,0.0,0.0,-6.89,0.07,0.0
20210118:2011,0.0,0.0,0.0,-7.41,0.14,0.0
20210118:2111,0.0,0.0,0.0,-7.25,0.34,0.0
20210118:2211,0.0,0.0,0.0,-7.61,0.69,0.0
20210118:2311,0.0,0.0,0.0,-8.02,0.62,0.0
20210119:0011,0.0,0.0,0.0,-7.92,0.62,0.0
20210119:0111,0.0,0.0,0.0,-7.85,0.62,0.0
20210119:0211,0.0,0.0,0.0,-8.01,0.76,0.0
20210119:0311,0.0,0.0,0.0,-8.07,0.69,0.0
20210119:0411,0.0,0.0,0.0,-8.0,0.9,0.0
20210119:0511,0.0,0.0,0.0,-8.1,1.03,0.0
20210119:0611,0.0,0.0,0.0,-8.09,1.03,0.0
20210119:0711,0.0,0.0,0.0,-8.26,1.24,0.0
20210119:0811,0.0,0.0,0.0,-8.26,1.17,0.0
20210119:0911,0.0,3.23,4.32,-8.38,1.24,0.0
20210119:1011,1.43,8.52,7.83,-8.21,1.17,0.0
20210119:1111,3.0,11.39,9.64,-7.73,1.1,0.0
20210119:1211,2.99,11.38,9.61,-7.37,1.03,0.0
20210119:1311,2.8,11.06,7.72,-7.25,1.1,0.0
20210119:1411,0.0,3.22,4.14,-6.84,0.9,0.0
20210119:1511,0.0,0.0,0.0,-7.02,0.9,0.0
20210119:1611,0.0,0.0,0.0,-7.26,1.03,0.0
20210119:1711,0.0,0.0,0.0,-7.49,1.03,0.0
20210119:1811,0.0,0.0,0.0,-7.51,1.03,0.0
20210119:1911,0.0,0.0,0.0,-6.86,1.03,0.0
20210119:2011,0.0,0.0,0.0,-7.54,1.24,0.0
20210119:2111,0.0,0.0,0.0,-7.27,1.17,0.0
20210119:2211,0.0,0.0,0.0,-7.55,1.24,0.0
20210119:2311,0.0,0.0,0.0,-7.44,1.17,0.0
20210120:0011,0.0,0.0,0.0,-7.79,1.31,0.0
20210120:0111,0.0,0.0,0.0,-8.02,1.52,0.0
20210120:0211,0.0,0.0,0.0,-7.97,1.59,0.0
20210120:0311,0.0,0.0,0.0,-7.99,1.72,0.0
20210120:0411,0.0,0.0,0.0,-7.65,1.93,0.0
20210120:0511,0.0,0.0,0.0,-7.39,2.14,0.0
20210120:0611,0.0,0.0,0.0,-7.17,2.28,0.0
20210120:0711,0.0,0.0,0.0,-6.01,3.1,0.0
20210120:0811,0.0,0.0,0.0,-5.77,3.31,0.0
20210120:0911,0.0,4.04,4.5,-5.68,3.52,0.0
20210120:1011,2.78,11.08,8.03,-5.66,3.66,0.0
20210120:1111,46.26,65.3,9.85,-5.75,3.45,0.0
20210120:1211,4.55,14.01,9.82,-5.8,3.24,0.0
20210120:1311,12.64,25.54,7.94,-5.87,2.34,0.0
20210120:1411,0.42,6.45,4.37,-5.85,2.76,0.0
20210120:1511,0.0,0.0,0.0,-5.84,2.41,0.0
20210120:1611,0.0,0.0,0.0,-5.85,2.34,0.0
20210120:1711,0.0,0.0,0.0,-5.79,2.0,0.0
20210120:1811,0.0,0.0,0.0,-5.76,1.72,0.0
20210120:1911,0.0,0.0,0.0,-5.56,1.45,0.0
20210120:2011,0.0,0.0,0.0,-5.66,1.31,0.0
20210120:2111,0.0,0.0,0.0,-5.75,1.45,0.0
20210120:2211,0.0,0.0,0.0,-5.7,1.59,0.0
20210120:2311,0.0,0.0,0.0,-5.6,1.72,0.0
20210121:0011,0.0,0.0,0.0,-5.39,1.86,0.0
20210121:0111,0.0,0.0,0.0,-5.23,1.86,0.0
20210121:0211,0.0,0.0,0.0,-5.09,1.79,0.0
20210121:0311,0.0,0.0,0.0,-4.95,1.79,0.0
20210121:0411,0.0,0.0,0.0,-4.83,1.86,0.0
20210121:0511,0.0,0.0,0.0,-4.71,1.86,0.0
20210121:0611,0.0,0.0,0.0,-4.6,1.86,0.0
20210121:0711,0.0,0.0,0.0,-3.88,2.14,0.0
20210121:0811,0.0,0.0,0.0,-3.63,2.28,0.0
20210121:0911,0.0,4.04,4.69,-3.26,2.69,0.0
20210121:1011,1.35,8.52,8.23,-2.48,3.45,0.0
20210121:1111,2.88,11.39,10.07,-1.91,4.28,0.0
20210121:1211,2.87,11.39,10.05,-1.65,4.69,0.0
20210121:1311,1.35,8.52,8.17,-2.04,5.17,0.0
20210121:1411,5.3,15.33,4.6,-2.47,4.34,0.0
20210121:1511,0.0,0.0,0.0,-3.22,4.28,0.0
20210121:1611,0.0,0.0,0.0,-3.47,4.48,0.0
20210121:1711,0.0,0.0,0.0,-3.62,4.69,0.0
20210121:1811,0.0,0.0,0.0,-3.58,4.55,0.0
20210121:1911,0.0,0.0,0.0,-3.73,6.07,0.0
20210121:2011,0.0,0.0,0.0,-3.6,5.24,0.0
20210121:2111,0.0,0.0,0.0,-3.24,5.1,0.0
20210121:2211,0.0,0.0,0.0,-2.64,5.38,0.0
20210121:2311,0.0,0.0,0.0,-2.23,5.38,0.0
20210122:0011,0.0,0.0,0.0,-1.81,5.24,0.0
20210122:0111,0.0,0.0,0.0,-1.68,5.38,0.0
20210122:0211,0.0,0.0,0.0,-1.71,5.52,0.0
20210122:0311,0.0,0.0,0.0,-1.84,5.38,0.0
20210122:0411,0.0,0.0,0.0,-2.04,5.24,0.0
20210122:0511,0.0,0.0,0.0,-2.25,5.03,0.0
20210122:0611,0.0,0.0,0.0,-2.38,4.83,0.0
20210122:0711,0.0,0.0,0.0,-2.47,3.93,0.0
20210122:0811,0.0,0.0,0.0,-2.76,3.79,0.0
20210122:0911,0.0,4.04,4.88,-2.74,3.17,0.0
20210122:1011,2.25,10.23,8.44,-2.69,2.28,0.0
20210122:1111,13.63,27.16,10.29,-2.66,2.28,0.0
20210122:1211,3.4,12.26,10.28,-2.74,1.72,0.0
20210122:1311,8.16,19.59,8.41,-3.09,1.79,0.0
20210122:1411,0.0,4.04,4.83,-3.21,1.52,0.0
20210122:1511,0.0,0.0,0.0,-3.44,1.31,0.0
20210122:1611,0.0,0.0,0.0,-3.72,1.17,0.0
20210122:1711,0.0,0.0,0.0,-3.93,1.1,0.0
20210122:1811,0.0,0.0,0.0,-4.18,1.1,0.0
20210122:1911,0.0,0.0,0.0,-5.07,1.72,0.0
20210122:2011,0.0,0.0,0.0,-5.45,1.72,0.0
20210122:2111,0.0,0.0,0.0,-4.86,1.79,0.0
20210122:2211,0.0,0.0,0.0,-3.72,2.9,0.0
20210122:2311,0.0,0.0,0.0,-3.05,4.28,0.0
20210123:0011,0.0,0.0,0.0,-3.22,4.28,0.0
20210123:0111,0.0,0.0,0.0,-3.69,4.0,0.0
20210123:0211,0.0,0.0,0.0,-3.71,4.21,0.0
20210123:0311,0.0,0.0,0.0,-3.88,4.55,0.0
20210123:0411,0.0,0.0,0.0,-3.98,4.55,0.0
20210123:0511,0.0,0.0,0.0,-4.18,4.48,0.0
20210123:0611,0.0,0.0,0.0,-4.44,4.07,0.0
20210123:0711,0.0,0.0,0.0,-4.28,3.52,0.0
20210123:0811,0.0,0.0,0.0,-4.34,3.31,0.0
20210123:0911,0.0,4.85,5.08,-4.42,2.9,0.0
20210123:1011,1.82,9.37,8.66,-4.79,2.48,0.0
20210123:1111,3.45,12.26,10.52,-4.72,2.69,0.0
20210123:1211,3.45,12.26,10.51,-4.85,2.76,0.0
20210123:1311,3.78,12.78,8.65,-5.14,2.69,0.0
20210123:1411,0.0,4.04,5.07,-5.71,2.0,0.0
20210123:1511,0.0,0.0,0.0,-6.55,1.52,0.0
20210123:1611,0.0,0.0,0.0,-6.15,1.03,0.0
20210123:1711,0.0,0.0,0.0,-6.94,0.83,0.0
20210123:1811,0.0,0.0,0.0,-7.53,0.69,0.0
20210123:1911,0.0,0.0,0.0,-6.16,0.62,0.0
20210123:2011,0.0,0.0,0.0,-6.7,0.55,0.0
20210123:2111,0.0,0.0,0.0,-7.05,0.55,0.0
20210123:2211,0.0,0.0,0.0,-7.62,0.62,0.0
20210123:2311,0.0,0.0,0.0,-8.52,0.97,0.0
20210124:0011,0.0,0.0,0.0,-9.49,1.17,0.0
20210124:0111,0.0,0.0,0.0,-10.55,1.24,0.0
20210124:0211,0.0,0.0,0.0,-11.25,1.31,0.0
20210124:0311,0.0,0.0,0.0,-11.7,1.45,0.0
20210124:0411,0.0,0.0,0.0,-11.83,1.52,0.0
20210124:0511,0.0,0.0,0.0,-12.57,1.66,0.0
20210124:0611,0.0,0.0,0.0,-13.2,1.66,0.0
20210124:0711,0.0,0.0,0.0,-12.08,1.45,0.0
20210124:0811,0.0,0.0,0.0,-12.29,1.66,0.0
20210124:0911,6.76,16.96,5.29,-12.79,1.66,0.0
20210124:1011,4.51,13.63,8.88,-12.69,1.52,0.0
20210124:1111,4.18,13.14,10.75,-12.24,1.31,0.0
20210124:1211,4.18,13.14,10.75,-12.24,1.31,0.0
20210124:1311,2.41,10.23,8.89,-12.02,1.38,0.0
20210124:1411,0.0,4.85,5.32,-13.03,1.59,0.0
20210124:1511,0.0,0.0,0.0,-14.3,1.66,0.0
20210124:1611,0.0,0.0,0.0,-15.59,1.59,0.0
20210124:1711,0.0,0.0,0.0,-16.33,1.52,0.0
20210124:1811,0.0,0.0,0.0,-16.91,1.52,0.0
20210124:1911,0.0,0.0,0.0,-15.77,1.52,0.0
20210124:2011,0.0,0.0,0.0,-16.38,1.59,0.0
20210124:2111,0.0,0.0,0.0,-16.43,1.79,0.0
20210124:2211,0.0,0.0,0.0,-16.84,1.79,0.0
20210124:2311,0.0,0.0,0.0,-16.71,1.72,0.0
20210125:0011,0.0,0.0,0.0,-16.99,1.86,0.0
20210125:0111,0.0,0.0,0.0,-17.3,1.79,0.0
20210125:0211,0.0,0.0,0.0,-17.91,1.86,0.0
20210125:0311,0.0,0.0,0.0,-18.35,2.0,0.0
20210125:0411,0.0,0.0,0.0,-18.78,1.93,0.0
20210125:0511,0.0,0.0,0.0,-18.65,1.93,0.0
20210125:0611,0.0,0.0,0.0,-18.63,1.93,0.0
20210125:0711,0.0,0.0,0.0,-18.41,1.86,0.0
20210125:0811,0.0,0.0,0.0,-18.25,2.0,0.0
20210125:0911,558.07,580.35,5.5,-18.09,2.0,0.0
20210125:1011,291.68,306.59,9.1,-17.45,2.0,0.0
20210125:1111,22.65,36.79,10.99,-16.48,2.0,0.0
20210125:1211,4.27,13.14,11.0,-15.73,2.0,0.0
20210125:1311,6.93,17.05,9.14,-15.78,2.0,0.0
20210125:1411,548.17,573.82,5.57,-16.36,2.07,0.0
20210125:1511,0.0,0.0,0.0,-16.75,2.07,0.0
20210125:1611,0.0,0.0,0.0,-17.37,2.14,0.0
20210125:1711,0.0,0.0,0.0,-17.68,2.21,0.0
20210125:1811,0.0,0.0,0.0,-18.0,2.34,0.0
20210125:1911,0.0,0.0,0.0,-18.57,2.41,0.0
20210125:2011,0.0,0.0,0.0,-18.61,2.41,0.0
20210125:2111,0.0,0.0,0.0,-18.69,2.41,0.0
20210125:2211,0.0,0.0,0.0,-18.8,2.41,0.0
20210125:2311,0.0,0.0,0.0,-18.96,2.41,0.0
20210126:0011,0.0,0.0,0.0,-19.02,2.41,0.0
20210126:0111,0.0,0.0,0.0,-19.11,2.41,0.0
20210126:0211,0.0,0.0,0.0,-19.13,2.48,0.0
20210126:0311,0.0,0.0,0.0,-19.1,2.41,0.0
20210126:0411,0.0,0.0,0.0,-19.14,2.41,0.0
20210126:0511,0.0,0.0,0.0,-19.12,2.34,0.0
20210126:0611,0.0,0.0,0.0,-18.69,2.28,0.0
20210126:0711,0.0,0.0,0.0,-18.1,2.07,0.0
20210126:0811,0.0,0.0,0.0,-17.72,2.0,0.0
20210126:0911,512.24,534.48,5.72,-16.92,1.93,0.0
20210126:1011,61.65,79.02,9.34,-15.5,1.79,0.0
20210126:1111,209.91,228.92,11.23,-14.54,1.66,0.0
20210126:1211,25.39,40.3,11.25,-14.17,1.72,0.0
20210126:1311,16.62,29.84,9.4,-13.96,1.79,0.0
20210126:1411,0.14,5.66,5.82,-14.47,1.86,0.0
20210126:1511,0.0,0.0,0.0,-15.01,1.93,0.0
20210126:1611,0.0,0.0,0.0,-15.62,1.93,0.0
20210126:1711,0.0,0.0,0.0,-16.05,2.0,0.0
20210126:1811,0.0,0.0,0.0,-17.09,2.0,0.0
20210126:1911,0.0,0.0,0.0,-16.91,2.21,0.0
20210126:2011,0.0,0.0,0.0,-16.79,2.07,0.0
20210126:2111,0.0,0.0,0.0,-16.58,2.0,0.0
20210126:2211,0.0,0.0,0.0,-16.59,2.0,0.0
20210126:2311,0.0,0.0,0.0,-16.62,2.07,0.0
20210127:0011,0.0,0.0,0.0,-17.14,2.14,0.0
20210127:0111,0.0,0.0,0.0,-17.68,2.21,0.0
20210127:0211,0.0,0.0,0.0,-18.41,2.34,0.0
20210127:0311,0.0,0.0,0.0,-19.18,2.21,0.0
20210127:0411,0.0,0.0,0.0,-20.05,2.14,0.0
20210127:0511,0.0,0.0,0.0,-20.72,2.14,0.0
20210127:0611,0.0,0.0,0.0,-21.19,2.07,0.0
20210127:0711,0.0,0.0,0.0,-21.51,2.07,0.0
20210127:0811,0.0,0.0,0.0,-21.68,2.07,0.0
20210127:0911,605.77,623.7,5.95,-21.35,1.93,0.0
20210127:1011,3.08,11.07,9.58,-20.63,1.86,0.0
20210127:1111,4.96,14.01,11.48,-19.57,1.86,0.0
20210127:1211,4.94,14.02,11.51,-18.88,1.86,0.0
20210127:1311,3.05,11.09,9.66,-18.71,1.93,0.0
20210127:1411,0.17,5.66,6.08,-18.93,2.0,0.0
20210127:1511,0.0,0.0,0.0,-19.42,2.0,0.0
20210127:1611,0.0,0.0,0.0,-19.95,2.14,0.0
20210127:1711,0.0,0.0,0.0,-20.29,2.14,0.0
20210127:1811,0.0,0.0,0.0,-20.4,2.21,0.0
20210127:1911,0.0,0.0,0.0,-23.04,2.21,0.0
20210127:2011,0.0,0.0,0.0,-22.95,2.28,0.0
20210127:2111,0.0,0.0,0.0,-22.72,2.34,0.0
20210127:2211,0.0,0.0,0.0,-22.3,2.34,0.0
20210127:2311,0.0,0.0,0.0,-21.95,2.41,0.0
20210128:0011,0.0,0.0,0.0,-21.7,2.41,0.0
20210128:0111,0.0,0.0,0.0,-21.61,2.34,0.0
20210128:0211,0.0,0.0,0.0,-21.59,2.34,0.0
20210128:0311,0.0,0.0,0.0,-21.56,2.34,0.0
20210128:0411,0.0,0.0,0.0,-21.43,2.34,0.0
20210128:0511,0.0,0.0,0.0,-21.19,2.34,0.0
20210128:0611,0.0,0.0,0.0,-20.85,2.28,0.0
20210128:0711,0.0,0.0,0.0,-21.11,2.21,0.0
20210128:0811,0.0,0.0,0.0,-20.98,2.14,0.0
20210128:0911,2.74,10.5,6.18,-20.69,2.14,0.0
20210128:1011,4.71,13.63,9.82,-19.71,2.0,0.0
20210128:1111,5.53,14.89,11.74,-18.63,1.93,0.0
20210128:1211,5.5,14.9,11.78,-17.73,1.86,0.0
20210128:1311,3.02,11.09,9.93,-17.21,1.79,0.0
20210128:1411,0.91,7.29,6.35,-17.6,1.79,0.0
20210128:1511,0.0,0.0,0.0,-18.33,1.86,0.0
20210128:1611,0.0,0.0,0.0,-18.96,1.86,0.0
20210128:1711,0.0,0.0,0.0,-19.62,1.93,0.0
20210128:1811,0.0,0.0,0.0,-19.98,1.93,0.0
20210128:1911,0.0,0.0,0.0,-20.09,1.93,0.0
20210128:2011,0.0,0.0,0.0,-19.97,1.93,0.0
20210128:2111,0.0,0.0,0.0,-19.95,1.86,0.0
20210128:2211,0.0,0.0,0.0,-20.07,1.86,0.0
20210128:2311,0.0,0.0,0.0,-20.05,1.86,0.0
20210129:0011,0.0,0.0,0.0,-20.25,1.86,0.0
20210129:0111,0.0,0.0,0.0,-20.56,1.86,0.0
20210129:0211,0.0,0.0,0.0,-20.77,1.86,0.0
20210129:0311,0.0,0.0,0.0,-21.01,1.93,0.0
20210129:0411,0.0,0.0,0.0,-21.27,1.93,0.0
20210129:0511,0.0,0.0,0.0,-21.76,1.93,0.0
20210129:0611,0.0,0.0,0.0,-22.07,1.93,0.0
20210129:0711,0.0,0.0,0.0,-22.91,1.93,0.0
20210129:0811,0.0,0.0,0.0,-23.05,1.93,0.0
20210129:0911,2.29,9.69,6.42,-22.82,1.93,0.0
20210129:1011,3.65,11.92,10.08,-21.77,1.93,0.0
20210129:1111,5.59,14.89,12.0,-20.6,2.0,0.0
20210129:1211,5.56,14.9,12.05,-19.54,1.93,0.0
20210129:1311,3.59,11.94,10.2,-18.87,1.86,0.0
20210129:1411,0.54,6.48,6.61,-19.11,1.86,0.0
20210129:1511,0.0,0.0,0.0,-20.45,2.07,0.0
20210129:1611,0.0,0.0,0.0,-21.49,2.21,0.0
20210129:1711,0.0,0.0,0.0,-21.87,2.28,0.0
20210129:1811,0.0,0.0,0.0,-21.99,2.34,0.0
20210129:1911,0.0,0.0,0.0,-21.69,2.28,0.0
20210129:2011,0.0,0.0,0.0,-21.74,2.34,0.0
20210129:2111,0.0,0.0,0.0,-21.78,2.34,0.0
20210129:2211,0.0,0.0,0.0,-21.8,2.34,0.0
20210129:2311,0.0,0.0,0.0,-21.92,2.41,0.0
20210130:0011,0.0,0.0,0.0,-21.78,2.48,0.0
20210130:0111,0.0,0.0,0.0,-21.62,2.48,0.0
20210130:0211,0.0,0.0,0.0,-21.54,2.48,0.0
20210130:0311,0.0,0.0,0.0,-21.9,2.48,0.0
20210130:0411,0.0,0.0,0.0,-22.92,2.55,0.0
20210130:0511,0.0,0.0,0.0,-23.37,2.55,0.0
20210130:0611,0.0,0.0,0.0,-22.59,2.41,0.0
20210130:0711,0.0,0.0,0.0,-21.12,2.55,0.0
20210130:0811,0.0,0.0,0.0,-20.66,2.55,0.0
20210130:0911,4.26,12.92,6.67,-20.41,2.48,0.0
20210130:1011,5.88,15.33,10.33,-19.87,2.48,0.0
20210130:1111,5.54,14.89,12.27,-19.16,2.34,0.0
20210130:1211,5.54,14.9,12.32,-18.74,2.34,0.0
20210130:1311,3.58,11.95,10.47,-18.31,2.34,0.0
20210130:1411,3.21,11.34,6.89,-18.39,2.41,0.0
20210130:1511,0.0,0.75,1.83,-19.18,2.41,0.0
20210130:1611,0.0,0.0,0.0,-19.61,2.48,0.0
20210130:1711,0.0,0.0,0.0,-19.96,2.48,0.0
20210130:1811,0.0,0.0,0.0,-20.01,2.41,0.0
20210130:1911,0.0,0.0,0.0,-19.18,2.48,0.0
20210130:2011,0.0,0.0,0.0,-18.76,2.41,0.0
20210130:2111,0.0,0.0,0.0,-18.36,2.48,0.0
20210130:2211,0.0,0.0,0.0,-18.1,2.55,0.0
20210130:2311,0.0,0.0,0.0,-17.6,2.55,0.0
20210131:0011,0.0,0.0,0.0,-17.14,2.41,0.0
20210131:0111,0.0,0.0,0.0,-17.37,2.48,0.0
20210131:0211,0.0,0.0,0.0,-17.32,2.41,0.0
20210131:0311,0.0,0.0,0.0,-17.25,2.41,0.0
20210131:0411,0.0,0.0,0.0,-17.53,2.41,0.0
20210131:0511,0.0,0.0,0.0,-17.59,2.41,0.0
20210131:0611,0.0,0.0,0.0,-17.97,2.34,0.0
20210131:0711,0.0,0.0,0.0,-17.37,2.28,0.0
20210131:0811,0.0,0.62,1.78,-17.53,2.21,0.0
20210131:0911,10.5,21.8,6.92,-16.91,2.21,0.0
20210131:1011,8.16,18.74,10.6,-16.22,2.28,0.0
20210131:1111,6.02,15.76,12.54,-15.57,2.07,0.0
20210131:1211,14.55,27.17,12.6,-15.05,2.14,0.0
20210131:1311,179.61,197.95,10.75,-14.75,2.07,0.0
20210131:1411,122.79,140.47,7.16,-14.86,1.79,0.0
20210131:1511,0.0,0.75,2.11,-15.24,1.72,0.0
20210131:1611,0.0,0.0,0.0,-15.97,1.79,0.0
20210131:1711,0.0,0.0,0.0,-16.28,1.72,0.0
20210131:1811,0.0,0.0,0.0,-16.91,1.66,0.0
20210131:1911,0.0,0.0,0.0,-14.67,1.45,0.0
20210131:2011,0.0,0.0,0.0,-14.32,1.38,0.0
20210131:2111,0.0,0.0,0.0,-14.1,1.31,0.0
20210131:2211,0.0,0.0,0.0,-14.42,1.38,0.0
20210131:2311,0.0,0.0,0.0,-14.46,1.38,0.0
20210201:0011,0.0,0.0,0.0,-14.35,1.31,0.0
20210201:0111,0.0,0.0,0.0,-14.59,1.45,0.0
20210201:0211,0.0,0.0,0.0,-14.71,1.45,0.0
20210201:0311,0.0,0.0,0.0,-14.89,1.45,0.0
20210201:0411,0.0,0.0,0.0,-15.2,1.52,0.0
20210201:0511,0.0,0.0,0.0,-15.77,1.66,0.0
20210201:0611,0.0,0.0,0.0,-16.1,1.72,0.0
20210201:0711,0.0,0.0,0.0,-19.29,1.66,0.0
20210201:0811,0.0,1.25,2.03,-19.99,1.66,0.0
20210201:0911,2.24,9.69,7.17,-19.76,1.59,0.0
20210201:1011,4.12,12.77,10.86,-18.79,1.52,0.0
20210201:1111,6.72,16.64,12.82,-18.02,1.52,0.0
20210201:1211,229.6,246.49,12.88,-17.34,1.38,0.0
20210201:1311,4.1,12.81,11.04,-17.26,1.45,0.0
20210201:1411,0.91,7.3,7.44,-17.49,1.52,0.0
20210201:1511,0.0,1.51,2.38,-18.35,1.66,0.0
20210201:1611,0.0,0.0,0.0,-18.87,1.72,0.0
20210201:1711,0.0,0.0,0.0,-18.81,1.79,0.0
20210201:1811,0.0,0.0,0.0,-18.93,1.72,0.0
20210201:1911,0.0,0.0,0.0,-22.02,1.79,0.0
20210201:2011,0.0,0.0,0.0,-21.8,1.86,0.0
20210201:2111,0.0,0.0,0.0,-21.38,1.86,0.0
20210201:2211,0.0,0.0,0.0,-20.84,1.79,0.0
20210201:2311,0.0,0.0,0.0,-21.18,1.79,0.0
20210202:0011,0.0,0.0,0.0,-21.14,1.86,0.0
20210202:0111,0.0,0.0,0.0,-21.22,1.93,0.0
20210202:0211,0.0,0.0,0.0,-21.26,1.93,0.0
20210202:0311,0.0,0.0,0.0,-21.09,1.93,0.0
20210202:0411,0.0,0.0,0.0,-21.04,1.93,0.0
20210202:0511,0.0,0.0,0.0,-21.16,1.93,0.0
20210202:0611,0.0,0.0,0.0,-21.32,1.93,0.0
20210202:0711,0.0,0.0,0.0,-21.95,1.79,0.0
20210202:0811,0.0,1.25,2.28,-21.84,1.72,0.0
20210202:0911,3.75,12.11,7.43,-21.04,1.66,0.0
20210202:1011,4.71,13.62,11.14,-19.9,1.59,0.0
20210202:1111,6.74,16.64,13.11,-18.45,1.45,0.0
20210202:1211,6.72,16.65,13.17,-17.68,1.38,0.0
20210202:1311,4.66,13.66,11.33,-17.2,1.38,0.0
20210202:1411,1.33,8.11,7.73,-17.16,1.52,0.0
20210202:1511,0.0,1.51,2.66,-17.64,1.59,0.0
20210202:1611,0.0,0.0,0.0,-18.32,1.72,0.0
20210202:1711,0.0,0.0,0.0,-18.85,1.72,0.0
20210202:1811,0.0,0.0,0.0,-19.29,1.72,0.0
20210202:1911,0.0,0.0,0.0,-19.58,1.86,0.0
20210202:2011,0.0,0.0,0.0,-20.05,1.86,0.0
20210202:2111,0.0,0.0,0.0,-20.29,1.93,0.0
20210202:2211,0.0,0.0,0.0,-20.64,2.0,0.0
20210202:2311,0.0,0.0,0.0,-20.99,2.07,0.0
20210203:0011,0.0,0.0,0.0,-21.2,2.07,0.0
20210203:0111,0.0,0.0,0.0,-21.26,2.07,0.0
20210203:0211,0.0,0.0,0.0,-20.87,2.0,0.0
20210203:0311,0.0,0.0,0.0,-20.57,1.93,0.0
20210203:0411,0.0,0.0,0.0,-20.1,1.86,0.0
20210203:0511,0.0,0.0,0.0,-19.51,1.79,0.0
20210203:0611,0.0,0.0,0.0,-18.89,1.72,0.0
20210203:0711,0.0,0.0,0.0,-18.92,1.79,0.0
20210203:0811,0.0,1.87,2.53,-18.8,1.72,0.0
20210203:0911,95.87,112.2,7.7,-18.26,1.66,0.0
20210203:1011,192.77,209.52,11.42,-17.15,1.52,0.0
20210203:1111,224.36,242.43,13.4,-16.32,1.38,0.0
20210203:1211,7.26,17.53,13.47,-15.52,1.31,0.0
20210203:1311,11.38,23.06,11.62,-15.84,1.31,0.0
20210203:1411,19.71,33.27,8.02,-16.73,1.31,0.0
20210203:1511,0.0,2.26,2.94,-18.19,1.52,0.0
20210203:1611,0.0,0.0,0.0,-20.81,1.72,0.0
20210203:1711,0.0,0.0,0.0,-22.11,1.79,0.0
20210203:1811,0.0,0.0,0.0,-22.9,1.79,0.0
20210203:1911,0.0,0.0,0.0,-19.43,1.66,0.0
20210203:2011,0.0,0.0,0.0,-20.81,1.79,0.0
20210203:2111,0.0,0.0,0.0,-21.94,1.93,0.0
20210203:2211,0.0,0.0,0.0,-22.87,1.93,0.0
20210203:2311,0.0,0.0,0.0,-23.12,1.86,0.0
20210204:0011,0.0,0.0,0.0,-23.31,1.86,0.0
20210204:0111,0.0,0.0,0.0,-23.26,1.79,0.0
20210204:0211,0.0,0.0,0.0,-23.21,1.86,0.0
20210204:0311,0.0,0.0,0.0,-23.41,1.86,0.0
20210204:0411,0.0,0.0,0.0,-23.59,1.93,0.0
20210204:0511,0.0,0.0,0.0,-23.81,1.86,0.0
20210204:0611,0.0,0.0,0.0,-23.8,1.86,0.0
20210204:0711,0.0,0.0,0.0,-24.52,1.86,0.0
20210204:0811,0.47,6.25,2.79,-24.88,1.79,0.0
20210204:0911,1.4,8.08,7.97,-24.55,1.66,0.0
20210204:1011,5.41,14.48,11.7,-23.74,1.52,0.0
20210204:1111,178.64,192.08,13.69,-22.57,1.38,0.0
20210204:1211,815.29,868.86,13.76,-21.86,1.31,0.0
20210204:1311,792.92,842.55,11.92,-21.43,1.38,0.0
20210204:1411,726.79,761.09,8.31,-21.99,1.45,0.0
20210204:1511,487.15,492.24,3.22,-23.05,1.72,0.0
20210204:1611,0.0,0.0,0.0,-24.38,1.86,0.0
20210204:1711,0.0,0.0,0.0,-25.27,1.86,0.0
20210204:1811,0.0,0.0,0.0,-25.86,1.93,0.0
20210204:1911,0.0,0.0,0.0,-25.08,1.93,0.0
20210204:2011,0.0,0.0,0.0,-25.39,2.0,0.0
20210204:2111,0.0,0.0,0.0,-25.39,2.07,0.0
20210204:2211,0.0,0.0,0.0,-25.74,2.14,0.0
20210204:2311,0.0,0.0,0.0,-25.84,2.21,0.0
20210205:0011,0.0,0.0,0.0,-26.12,2.28,0.0
20210205:0111,0.0,0.0,0.0,-26.43,2.28,0.0
20210205:0211,0.0,0.0,0.0,-26.13,2.28,0.0
20210205:0311,0.0,0.0,0.0,-25.67,2.28,0.0
20210205:0411,0.0,0.0,0.0,-25.35,2.28,0.0
20210205:0511,0.0,0.0,0.0,-25.09,2.28,0.0
20210205:0611,0.0,0.0,0.0,-24.82,2.21,0.0
20210205:0711,0.0,0.0,0.0,-23.84,2.07,0.0
20210205:0811,0.46,6.25,3.05,-23.37,2.07,0.0
20210205:0911,733.29,763.22,8.25,-22.04,1.93,0.0
20210205:1011,799.29,849.8,11.99,-20.37,1.72,0.0
20210205:1111,813.11,875.83,13.99,-18.74,1.59,0.0
20210205:1211,7.94,18.41,14.07,-16.85,1.52,0.0
20210205:1311,784.56,849.04,12.22,-16.42,1.72,0.0
20210205:1411,1.76,8.93,8.6,-16.37,1.86,0.0
20210205:1511,0.0,2.26,3.51,-16.52,1.93,0.0
20210205:1611,0.0,0.0,0.0,-16.83,2.07,0.0
20210205:1711,0.0,0.0,0.0,-17.01,2.07,0.0
20210205:1811,0.0,0.0,0.0,-17.29,2.0,0.0
20210205:1911,0.0,0.0,0.0,-16.93,2.07,0.0
20210205:2011,0.0,0.0,0.0,-16.67,2.0,0.0
20210205:2111,0.0,0.0,0.0,-16.52,1.86,0.0
20210205:2211,0.0,0.0,0.0,-16.96,1.79,0.0
20210205:2311,0.0,0.0,0.0,-18.33,1.86,0.0
20210206:0011,0.0,0.0,0.0,-20.14,1.86,0.0
20210206:0111,0.0,0.0,0.0,-20.25,1.86,0.0
20210206:0211,0.0,0.0,0.0,-19.78,1.86,0.0
20210206:0311,0.0,0.0,0.0,-18.56,1.79,0.0
20210206:0411,0.0,0.0,0.0,-17.65,1.72,0.0
20210206:0511,0.0,0.0,0.0,-17.1,1.59,0.0
20210206:0611,0.0,0.0,0.0,-17.03,1.45,0.0
20210206:0711,0.0,0.0,0.0,-16.38,1.52,0.0
20210206:0811,0.0,3.75,3.32,-17.22,1.52,0.0
20210206:0911,20.27,33.93,8.53,-16.71,1.45,0.0
20210206:1011,27.62,42.58,12.29,-16.07,1.31,0.0
20210206:1111,9.16,20.14,14.29,-15.76,1.24,0.0
20210206:1211,7.88,18.41,14.37,-15.46,1.24,0.0
20210206:1311,5.76,15.38,12.52,-15.69,1.24,0.0
20210206:1411,2.22,9.75,8.9,-16.52,1.24,0.0
20210206:1511,0.0,3.02,3.8,-19.06,1.52,0.0
20210206:1611,0.0,0.0,0.0,-20.84,1.79,0.0
20210206:1711,0.0,0.0,0.0,-22.19,1.86,0.0
20210206:1811,0.0,0.0,0.0,-22.81,1.93,0.0
20210206:1911,0.0,0.0,0.0,-22.06,2.0,0.0
20210206:2011,0.0,0.0,0.0,-22.41,2.0,0.0
20210206:2111,0.0,0.0,0.0,-22.63,2.0,0.0
20210206:2211,0.0,0.0,0.0,-22.57,2.07,0.0
20210206:2311,0.0,0.0,0.0,-21.75,2.14,0.0
20210207:0011,0.0,0.0,0.0,-20.81,2.14,0.0
20210207:0111,0.0,0.0,0.0,-20.12,2.07,0.0
20210207:0211,0.0,0.0,0.0,-19.69,2.14,0.0
20210207:0311,0.0,0.0,0.0,-19.66,2.14,0.0
20210207:0411,0.0,0.0,0.0,-19.27,2.07,0.0
20210207:0511,0.0,0.0,0.0,-19.08,2.07,0.0
20210207:0611,0.0,0.0,0.0,-18.89,2.0,0.0
20210207:0711,0.0,0.0,0.0,-20.29,2.0,0.0
20210207:0811,0.33,6.0,3.6,-20.31,1.93,0.0
20210207:0911,17.81,30.71,8.82,-19.23,1.86,0.0
20210207:1011,209.69,225.39,12.59,-18.2,1.79,0.0
20210207:1111,73.56,91.68,14.6,-16.82,1.59,0.0
20210207:1211,708.01,761.44,14.69,-16.09,1.66,0.0
20210207:1311,23.99,38.45,12.83,-15.61,1.66,0.0
20210207:1411,21.71,35.75,9.21,-15.75,1.79,0.0
20210207:1511,0.0,3.78,4.1,-15.45,1.66,0.0
20210207:1611,0.0,0.0,0.0,-15.96,1.66,0.0
20210207:1711,0.0,0.0,0.0,-16.96,1.72,0.0
20210207:1811,0.0,0.0,0.0,-18.35,1.86,0.0
20210207:1911,0.0,0.0,0.0,-17.8,1.93,0.0
20210207:2011,0.0,0.0,0.0,-18.46,1.93,0.0
20210207:2111,0.0,0.0,0.0,-18.66,1.86,0.0
20210207:2211,0.0,0.0,0.0,-19.07,1.93,0.0
20210207:2311,0.0,0.0,0.0,-19.45,1.93,0.0
20210208:0011,0.0,0.0,0.0,-19.78,2.0,0.0
20210208:0111,0.0,0.0,0.0,-20.05,2.07,0.0
20210208:0211,0.0,0.0,0.0,-20.4,2.14,0.0
20210208:0311,0.0,0.0,0.0,-20.85,2.14,0.0
20210208:0411,0.0,0.0,0.0,-21.63,2.21,0.0
20210208:0511,0.0,0.0,0.0,-22.41,2.21,0.0
20210208:0611,0.0,0.0,0.0,-22.99,2.14,0.0
20210208:0711,0.0,0.0,0.0,-23.13,2.28,0.0
20210208:0811,0.02,5.25,3.88,-23.12,2.21,0.0
20210208:0911,20.81,33.95,9.12,-21.78,2.07,0.0
20210208:1011,40.6,56.21,12.89,-20.17,1.86,0.0
20210208:1111,192.73,209.35,14.91,-18.17,1.79,0.0
20210208:1211,688.87,736.58,15.0,-16.47,1.79,0.0
20210208:1311,6.37,16.24,13.14,-15.99,2.0,0.0
20210208:1411,9.32,20.32,9.51,-15.87,2.07,0.0
20210208:1511,0.0,4.53,4.39,-15.85,2.0,0.0
20210208:1611,0.0,0.0,0.0,-16.41,2.14,0.0
20210208:1711,0.0,0.0,0.0,-17.06,2.34,0.0
20210208:1811,0.0,0.0,0.0,-17.1,2.28,0.0
20210208:1911,0.0,0.0,0.0,-17.48,2.41,0.0
20210208:2011,0.0,0.0,0.0,-16.79,2.14,0.0
20210208:2111,0.0,0.0,0.0,-16.96,2.14,0.0
20210208:2211,0.0,0.0,0.0,-17.4,2.14,0.0
20210208:2311,0.0,0.0,0.0,-17.32,2.14,0.0
20210209:0011,0.0,0.0,0.0,-17.23,2.07,0.0
20210209:0111,0.0,0.0,0.0,-17.36,2.0,0.0
20210209:0211,0.0,0.0,0.0,-17.51,1.93,0.0
20210209:0311,0.0,0.0,0.0,-18.26,2.0,0.0
20210209:0411,0.0,0.0,0.0,-18.6,2.0,0.0
20210209:0511,0.0,0.0,0.0,-19.08,2.0,0.0
20210209:0611,0.0,0.0,0.0,-19.18,2.0,0.0
20210209:0711,0.0,0.0,0.0,-17.88,2.0,0.0
20210209:0811,0.0,3.0,4.17,-18.39,2.0,0.0
20210209:0911,2.69,10.51,9.41,-18.1,2.0,0.0
20210209:1011,6.38,16.18,13.2,-17.31,1.86,0.0
20210209:1111,9.22,20.14,15.23,-16.91,1.93,0.0
20210209:1211,840.23,910.17,15.32,-16.91,2.07,0.0
20210209:1311,824.1,886.98,13.46,-17.02,2.28,0.0
20210209:1411,765.1,818.04,9.82,-16.71,2.21,0.0
20210209:1511,572.33,599.64,4.69,-16.24,2.0,0.0
20210209:1611,0.0,0.0,0.0,-16.42,1.93,0.0
20210209:1711,0.0,0.0,0.0,-17.16,1.93,0.0
20210209:1811,0.0,0.0,0.0,-18.0,2.0,0.0
20210209:1911,0.0,0.0,0.0,-18.3,2.21,0.0
20210209:2011,0.0,0.0,0.0,-18.99,2.28,0.0
20210209:2111,0.0,0.0,0.0,-19.26,2.28,0.0
20210209:2211,0.0,0.0,0.0,-19.08,2.28,0.0
20210209:2311,0.0,0.0,0.0,-19.14,2.28,0.0
20210210:0011,0.0,0.0,0.0,-19.71,2.28,0.0
20210210:0111,0.0,0.0,0.0,-20.11,2.28,0.0
20210210:0211,0.0,0.0,0.0,-20.51,2.28,0.0
20210210:0311,0.0,0.0,0.0,-20.83,2.28,0.0
20210210:0411,0.0,0.0,0.0,-21.29,2.28,0.0
20210210:0511,0.0,0.0,0.0,-21.71,2.34,0.0
20210210:0611,0.0,0.0,0.0,-22.01,2.34,0.0
20210210:0711,0.0,0.0,0.0,-23.14,2.41,0.0
20210210:0811,4.73,13.51,4.46,-23.09,2.34,0.0
20210210:0911,19.42,32.34,9.72,-21.72,2.14,0.0
20210210:1011,18.53,31.52,13.52,-19.78,1.86,0.0
20210210:1111,16.11,28.89,15.55,-17.15,1.66,0.0
20210210:1211,13.11,25.42,15.64,-14.28,1.31,0.0
20210210:1311,21.47,35.9,13.78,-12.5,1.03,0.0
20210210:1411,12.83,25.21,10.13,-12.42,1.03,0.0
20210210:1511,1.38,8.32,4.99,-12.69,1.1,0.0
20210210:1611,0.0,0.0,0.0,-13.35,1.24,0.0
20210210:1711,0.0,0.0,0.0,-14.18,1.31,0.0
20210210:1811,0.0,0.0,0.0,-14.67,1.31,0.0
20210210:1911,0.0,0.0,0.0,-14.91,1.45,0.0
20210210:2011,0.0,0.0,0.0,-15.23,1.38,0.0
20210210:2111,0.0,0.0,0.0,-15.78,1.52,0.0
20210210:2211,0.0,0.0,0.0,-16.26,1.59,0.0
20210210:2311,0.0,0.0,0.0,-16.95,1.66,0.0
20210211:0011,0.0,0.0,0.0,-17.49,1.59,0.0
20210211:0111,0.0,0.0,0.0,-18.57,1.66,0.0
20210211:0211,0.0,0.0,0.0,-19.45,1.72,0.0
20210211:0311,0.0,0.0,0.0,-20.37,1.79,0.0
20210211:0411,0.0,0.0,0.0,-21.92,1.93,0.0
20210211:0511,0.0,0.0,0.0,-22.8,2.0,0.0
20210211:0611,0.0,0.0,0.0,-23.81,2.07,0.0
20210211:0711,0.0,0.0,0.0,-25.68,2.07,0.0
20210211:0811,0.0,3.76,4.75,-26.06,2.07,0.0
20210211:0911,3.35,11.32,10.02,-25.39,2.0,0.0
20210211:1011,7.88,17.89,13.83,-23.91,1.79,0.0
20210211:1111,880.62,939.63,15.88,-22.26,1.72,0.0
20210211:1211,876.2,940.6,15.97,-20.7,1.79,0.0
20210211:1311,854.93,918.5,14.1,-19.81,1.79,0.0
20210211:1411,801.58,853.97,10.45,-19.46,1.86,0.0
20210211:1511,642.82,666.81,5.3,-19.98,2.0,0.0
20210211:1611,0.0,0.0,0.0,-20.91,2.14,0.0
20210211:1711,0.0,0.0,0.0,-21.59,2.21,0.0
20210211:1811,0.0,0.0,0.0,-22.19,2.28,0.0
20210211:1911,0.0,0.0,0.0,-22.0,2.28,0.0
20210211:2011,0.0,0.0,0.0,-22.22,2.34,0.0
20210211:2111,0.0,0.0,0.0,-22.29,2.28,0.0
20210211:2211,0.0,0.0,0.0,-22.47,2.28,0.0
20210211:2311,0.0,0.0,0.0,-22.58,2.28,0.0
20210212:0011,0.0,0.0,0.0,-22.87,2.28,0.0
20210212:0111,0.0,0.0,0.0,-23.15,2.34,0.0
20210212:0211,0.0,0.0,0.0,-23.41,2.34,0.0
20210212:0311,0.0,0.0,0.0,-23.65,2.34,0.0
20210212:0411,0.0,0.0,0.0,-23.82,2.34,0.0
20210212:0511,0.0,0.0,0.0,-23.95,2.34,0.0
20210212:0611,0.0,0.0,0.0,-24.15,2.41,0.0
20210212:0711,0.0,0.0,0.0,-24.55,2.41,0.0
20210212:0811,0.0,4.51,5.06,-24.58,2.34,0.0
20210212:0911,3.31,11.32,10.34,-23.67,2.28,0.0
20210212:1011,7.81,17.89,14.16,-22.26,2.21,0.0
20210212:1111,10.77,21.89,16.21,-20.8,2.07,0.0
20210212:1211,876.22,941.14,16.3,-19.66,2.07,0.0
20210212:1311,858.78,922.12,14.43,-19.15,2.07,0.0
20210212:1411,806.19,857.93,10.76,-19.23,2.07,0.0
20210212:1511,421.7,431.86,5.6,-20.03,2.21,0.0
20210212:1611,0.0,0.0,0.0,-21.13,2.28,0.0
20210212:1711,0.0,0.0,0.0,-22.04,2.34,0.0
20210212:1811,0.0,0.0,0.0,-22.57,2.34,0.0
20210212:1911,0.0,0.0,0.0,-21.99,2.34,0.0
20210212:2011,0.0,0.0,0.0,-22.26,2.34,0.0
20210212:2111,0.0,0.0,0.0,-22.12,2.34,0.0
20210212:2211,0.0,0.0,0.0,-21.99,2.34,0.0
20210212:2311,0.0,0.0,0.0,-21.96,2.34,0.0
20210213:0011,0.0,0.0,0.0,-21.91,2.34,0.0
20210213:0111,0.0,0.0,0.0,-21.78,2.34,0.0
20210213:0211,0.0,0.0,0.0,-21.48,2.28,0.0
20210213:0311,0.0,0.0,0.0,-21.33,2.28,0.0
20210213:0411,0.0,0.0,0.0,-21.24,2.28,0.0
20210213:0511,0.0,0.0,0.0,-21.24,2.28,0.0
20210213:0611,0.0,0.0,0.0,-21.2,2.28,0.0
20210213:0711,0.0,0.0,0.0,-21.24,2.28,0.0
20210213:0811,0.0,4.51,5.36,-21.17,2.28,0.0
20210213:0911,3.75,12.14,10.65,-20.3,2.21,0.0
20210213:1011,8.3,18.74,14.49,-18.99,2.07,0.0
20210213:1111,869.36,943.2,16.54,-17.71,2.0,0.0
20210213:1211,865.16,944.05,16.64,-16.69,1.93,0.0
20210213:1311,846.29,922.88,14.76,-16.16,1.93,0.0
20210213:1411,197.89,214.74,11.08,-16.28,2.0,0.0
20210213:1511,657.62,692.67,5.91,-17.06,2.07,0.0
20210213:1611,0.0,0.0,0.0,-18.29,2.14,0.0
20210213:1711,0.0,0.0,0.0,-19.42,2.21,0.0
20210213:1811,0.0,0.0,0.0,-20.18,2.21,0.0
20210213:1911,0.0,0.0,0.0,-20.43,2.14,0.0
20210213:2011,0.0,0.0,0.0,-20.96,2.21,0.0
20210213:2111,0.0,0.0,0.0,-21.11,2.21,0.0
20210213:2211,0.0,0.0,0.0,-21.23,2.21,0.0
20210213:2311,0.0,0.0,0.0,-21.09,2.14,0.0
20210214:0011,0.0,0.0,0.0,-21.39,2.07,0.0
20210214:0111,0.0,0.0,0.0,-22.0,2.14,0.0
20210214:0211,0.0,0.0,0.0,-22.49,2.21,0.0
20210214:0311,0.0,0.0,0.0,-22.18,2.14,0.0
20210214:0411,0.0,0.0,0.0,-21.99,2.07,0.0
20210214:0511,0.0,0.0,0.0,-22.01,2.0,0.0
20210214:0611,0.0,0.0,0.0,-21.65,1.93,0.0
20210214:0711,0.0,0.0,0.0,-23.34,1.72,0.0
20210214:0811,0.03,5.26,5.67,-23.31,1.59,0.0
20210214:0911,8.95,19.42,10.98,-22.0,1.38,0.0
20210214:1011,13.62,25.56,14.82,-19.84,1.17,0.0
20210214:1111,14.74,27.14,16.88,-17.96,0.9,0.0
20210214:1211,17.48,30.68,16.97,-16.1,0.69,0.0
20210214:1311,46.71,64.14,15.09,-14.64,0.48,0.0
20210214:1411,15.57,28.49,11.4,-14.53,0.69,0.0
20210214:1511,3.62,12.12,6.22,-15.14,0.83,0.0
20210214:1611,0.0,0.0,0.0,-15.32,0.97,0.0
20210214:1711,0.0,0.0,0.0,-15.11,1.03,0.0
20210214:1811,0.0,0.0,0.0,-14.28,1.1,0.0
20210214:1911,0.0,0.0,0.0,-13.74,1.17,0.0
20210214:2011,0.0,0.0,0.0,-13.89,1.24,0.0
20210214:2111,0.0,0.0,0.0,-14.09,1.38,0.0
20210214:2211,0.0,0.0,0.0,-13.77,1.45,0.0
20210214:2311,0.0,0.0,0.0,-13.6,1.59,0.0
20210215:0011,0.0,0.0,0.0,-13.64,1.72,0.0
20210215:0111,0.0,0.0,0.0,-13.95,2.0,0.0
20210215:0211,0.0,0.0,0.0,-13.91,2.14,0.0
20210215:0311,0.0,0.0,0.0,-13.48,2.07,0.0
20210215:0411,0.0,0.0,0.0,-13.28,2.14,0.0
20210215:0511,0.0,0.0,0.0,-13.12,2.14,0.0
20210215:0611,0.0,0.0,0.0,-12.88,2.28,0.0
20210215:0711,0.0,0.0,0.0,-12.32,2.41,0.0
20210215:0811,0.61,6.77,5.98,-11.92,2.34,0.0
20210215:0911,16.5,29.95,11.3,-11.41,2.0,0.0
20210215:1011,23.38,38.35,15.15,-11.14,1.86,0.0
20210215:1111,229.14,253.09,17.22,-10.81,1.93,0.0
20210215:1211,10.85,22.79,17.32,-10.38,1.72,0.0
20210215:1311,31.4,47.89,15.43,-10.17,1.66,0.0
20210215:1411,11.43,23.61,11.73,-9.61,1.31,0.0
20210215:1511,531.25,579.54,6.53,-9.37,1.1,0.0
20210215:1611,0.0,0.0,0.0,-9.33,1.03,0.0
20210215:1711,0.0,0.0,0.0,-9.44,0.97,0.0
20210215:1811,0.0,0.0,0.0,-9.59,0.97,0.0
20210215:1911,0.0,0.0,0.0,-8.88,1.03,0.0
20210215:2011,0.0,0.0,0.0,-9.04,0.97,0.0
20210215:2111,0.0,0.0,0.0,-9.01,0.83,0.0
20210215:2211,0.0,0.0,0.0,-9.07,0.76,0.0
20210215:2311,0.0,0.0,0.0,-9.08,0.76,0.0
20210216:0011,0.0,0.0,0.0,-9.12,0.62,0.0
20210216:0111,0.0,0.0,0.0,-9.19,0.41,0.0
20210216:0211,0.0,0.0,0.0,-9.29,0.76,0.0
20210216:0311,0.0,0.0,0.0,-10.32,0.97,0.0
20210216:0411,0.0,0.0,0.0,-10.39,0.9,0.0
20210216:0511,0.0,0.0,0.0,-11.04,0.83,0.0
20210216:0611,0.0,0.0,0.0,-11.66,0.76,0.0
20210216:0711,0.0,0.0,0.0,-9.11,1.03,0.0
20210216:0811,0.94,7.53,6.3,-9.05,0.9,0.0
20210216:0911,10.11,21.86,11.63,-9.42,1.24,0.0
20210216:1011,17.61,31.53,15.49,-9.65,1.45,0.0
20210216:1111,549.71,601.25,17.57,-9.45,1.59,0.0
20210216:1211,593.76,651.13,17.66,-8.74,2.0,0.0
20210216:1311,16.89,30.79,15.76,-8.25,2.07,0.0
20210216:1411,33.35,50.49,12.06,-8.08,2.21,0.0
20210216:1511,10.71,22.75,6.85,-8.22,2.21,0.0
20210216:1611,0.0,0.0,0.0,-8.54,2.62,0.0
20210216:1711,0.0,0.0,0.0,-8.68,2.76,0.0
20210216:1811,0.0,0.0,0.0,-8.72,2.62,0.0
20210216:1911,0.0,0.0,0.0,-8.38,2.14,0.0
20210216:2011,0.0,0.0,0.0,-8.46,1.93,0.0
20210216:2111,0.0,0.0,0.0,-8.57,2.07,0.0
20210216:2211,0.0,0.0,0.0,-8.67,2.41,0.0
20210216:2311,0.0,0.0,0.0,-8.62,2.21,0.0
20210217:0011,0.0,0.0,0.0,-8.61,2.28,0.0
20210217:0111,0.0,0.0,0.0,-8.56,2.07,0.0
20210217:0211,0.0,0.0,0.0,-8.58,2.07,0.0
20210217:0311,0.0,0.0,0.0,-8.57,1.93,0.0
20210217:0411,0.0,0.0,0.0,-8.62,1.93,0.0
20210217:0511,0.0,0.0,0.0,-8.69,1.93,0.0
20210217:0611,0.0,0.0,0.0,-8.77,1.93,0.0
20210217:0711,0.0,0.0,0.0,-8.69,1.86,0.0
20210217:0811,2.97,11.29,6.63,-8.69,1.93,0.0
20210217:0911,28.35,44.55,11.97,-8.82,2.21,0.0
20210217:1011,108.29,130.65,15.84,-8.52,2.76,0.0
20210217:1111,12.69,25.39,17.92,-8.36,2.83,0.0
20210217:1211,11.37,23.67,18.01,-8.07,2.76,0.0
20210217:1311,23.85,39.35,16.1,-7.99,2.41,0.0
20210217:1411,4.52,13.85,12.38,-7.92,2.48,0.0
20210217:1511,23.63,38.76,7.16,-8.12,2.14,0.0
20210217:1611,0.0,0.0,0.0,-8.45,2.07,0.0
20210217:1711,0.0,0.0,0.0,-8.65,2.14,0.0
20210217:1811,0.0,0.0,0.0,-8.64,2.07,0.0
20210217:1911,0.0,0.0,0.0,-8.59,2.0,0.0
20210217:2011,0.0,0.0,0.0,-8.47,1.79,0.0
20210217:2111,0.0,0.0,0.0,-8.31,1.52,0.0
20210217:2211,0.0,0.0,0.0,-8.2,1.59,0.0
20210217:2311,0.0,0.0,0.0,-8.12,2.0,0.0
20210218:0011,0.0,0.0,0.0,-7.9,1.93,0.0
20210218:0111,0.0,0.0,0.0,-7.79,1.86,0.0
20210218:0211,0.0,0.0,0.0,-7.71,1.86,0.0
20210218:0311,0.0,0.0,0.0,-7.71,1.93,0.0
20210218:0411,0.0,0.0,0.0,-7.71,2.0,0.0
20210218:0511,0.0,0.0,0.0,-7.66,2.21,0.0
20210218:0611,0.0,0.0,0.0,-7.63,2.41,0.0
20210218:0711,0.0,0.0,0.0,-7.52,2.48,0.0
20210218:0811,0.25,6.03,6.95,-7.62,2.48,0.0
20210218:0911,4.45,13.77,12.3,-7.35,2.55,0.0
20210218:1011,527.1,576.31,16.18,-7.19,2.48,0.0
20210218:1111,11.28,23.64,18.27,-6.95,2.41,0.0
20210218:1211,702.75,783.49,18.36,-6.69,2.41,0.0
20210218:1311,93.69,116.65,16.45,-6.52,2.14,0.0
20210218:1411,43.38,62.1,12.72,-6.49,2.07,0.0
20210218:1511,580.15,638.78,7.48,-6.58,1.93,0.0
20210218:1611,0.0,0.0,0.0,-6.72,1.79,0.0
20210218:1711,0.0,0.0,0.0,-6.8,1.79,0.0
20210218:1811,0.0,0.0,0.0,-6.79,1.86,0.0
20210218:1911,0.0,0.0,0.0,-6.31,2.14,0.0
20210218:2011,0.0,0.0,0.0,-6.27,2.0,0.0
20210218:2111,0.0,0.0,0.0,-6.13,2.21,0.0
20210218:2211,0.0,0.0,0.0,-5.95,2.62,0.0
20210218:2311,0.0,0.0,0.0,-5.79,2.41,0.0
20210219:0011,0.0,0.0,0.0,-5.67,2.48,0.0
20210219:0111,0.0,0.0,0.0,-5.61,2.28,0.0
20210219:0211,0.0,0.0,0.0,-5.46,1.72,0.0
20210219:0311,0.0,0.0,0.0,-5.43,1.38,0.0
20210219:0411,0.0,0.0,0.0,-5.34,1.03,0.0
20210219:0511,0.0,0.0,0.0,-5.22,0.48,0.0
20210219:0611,0.0,0.0,0.0,-5.03,0.28,0.0
20210219:0711,0.0,0.0,0.0,-4.83,0.55,0.0
20210219:0811,547.79,620.24,7.28,-4.75,0.28,0.0
20210219:0911,36.65,55.11,12.64,-4.43,0.21,0.0
20210219:1011,328.85,370.26,16.53,-3.82,0.55,0.0
20210219:1111,540.77,609.47,18.62,-3.95,1.24,0.0
20210219:1211,781.15,914.34,18.71,-3.59,1.1,0.0
20210219:1311,165.6,194.58,16.79,-3.16,1.17,0.0
20210219:1411,31.11,48.89,13.05,-2.75,1.31,0.0
20210219:1511,209.69,239.03,7.8,-2.78,1.38,0.0
20210219:1611,0.0,0.0,0.0,-3.31,1.59,0.0
20210219:1711,0.0,0.0,0.0,-4.13,1.86,0.0
20210219:1811,0.0,0.0,0.0,-3.74,1.93,0.0
20210219:1911,0.0,0.0,0.0,-3.51,1.86,0.0
20210219:2011,0.0,0.0,0.0,-3.27,2.0,0.0
20210219:2111,0.0,0.0,0.0,-3.25,2.28,0.0
20210219:2211,0.0,0.0,0.0,-2.95,2.55,0.0
20210219:2311,0.0,0.0,0.0,-2.91,2.62,0.0
20210220:0011,0.0,0.0,0.0,-2.51,2.69,0.0
20210220:0111,0.0,0.0,0.0,-2.3,2.62,0.0
20210220:0211,0.0,0.0,0.0,-2.19,2.41,0.0
20210220:0311,0.0,0.0,0.0,-2.13,2.21,0.0
20210220:0411,0.0,0.0,0.0,-2.1,2.0,0.0
20210220:0511,0.0,0.0,0.0,-2.11,1.93,0.0
20210220:0611,0.0,0.0,0.0,-2.01,1.93,0.0
20210220:0711,0.0,0.0,0.0,-1.78,1.79,0.0
20210220:0811,582.76,659.7,7.62,-1.44,1.72,0.0
20210220:0911,4.78,14.59,12.99,-1.01,1.79,0.0
20210220:1011,98.03,124.24,16.89,-0.53,1.72,0.0
20210220:1111,759.64,893.49,18.98,-0.12,1.59,0.0
20210220:1211,759.97,894.22,19.07,0.16,1.66,0.0
20210220:1311,26.3,43.63,17.14,0.35,1.24,0.0
20210220:1411,17.56,32.6,13.38,0.08,1.03,0.0
20210220:1511,3.27,12.15,8.12,0.35,1.03,0.0
20210220:1611,0.0,0.56,1.74,0.03,1.31,0.0
20210220:1711,0.0,0.0,0.0,-0.07,1.59,0.0
20210220:1811,0.0,0.0,0.0,-0.01,1.72,0.0
20210220:1911,0.0,0.0,0.0,0.17,1.79,0.0
20210220:2011,0.0,0.0,0.0,0.35,2.0,0.0
20210220:2111,0.0,0.0,0.0,0.48,2.21,0.0
20210220:2211,0.0,0.0,0.0,0.66,2.48,0.0
20210220:2311,0.0,0.0,0.0,0.39,2.48,0.0
20210221:0011,0.0,0.0,0.0,0.29,2.14,0.0
20210221:0111,0.0,0.0,0.0,0.33,2.34,0.0
20210221:0211,0.0,0.0,0.0,0.35,2.21,0.0
20210221:0311,0.0,0.0,0.0,0.4,1.93,0.0
20210221:0411,0.0,0.0,0.0,0.38,2.14,0.0
20210221:0511,0.0,0.0,0.0,0.44,2.21,0.0
20210221:0611,0.0,0.0,0.0,0.54,2.0,0.0
20210221:0711,0.0,0.0,0.0,0.44,1.86,0.0
20210221:0811,0.85,7.55,7.96,0.58,1.72,0.0
20210221:0911,17.38,32.44,13.34,0.86,1.72,0.0
20210221:1011,9.16,21.32,17.25,1.06,1.52,0.0
20210221:1111,46.12,67.43,19.34,1.33,1.45,0.0
20210221:1211,12.03,25.42,19.43,1.85,1.72,0.0
20210221:1311,514.39,588.35,17.49,1.92,2.21,0.0
20210221:1411,708.32,827.57,13.72,2.12,2.14,0.0
20210221:1511,1.6,9.11,8.44,1.56,1.93,0.0
20210221:1611,0.0,0.56,2.05,1.13,1.66,0.0
20210221:1711,0.0,0.0,0.0,0.57,1.31,0.0
20210221:1811,0.0,0.0,0.0,-0.06,1.24,0.0
20210221:1911,0.0,0.0,0.0,-0.75,1.24,0.0
20210221:2011,0.0,0.0,0.0,-0.13,0.97,0.0
20210221:2111,0.0,0.0,0.0,-0.14,0.9,0.0
20210221:2211,0.0,0.0,0.0,-0.08,0.69,0.0
20210221:2311,0.0,0.0,0.0,-0.09,0.41,0.0
20210222:0011,0.0,0.0,0.0,-0.29,0.41,0.0
20210222:0111,0.0,0.0,0.0,-0.62,0.28,0.0
20210222:0211,0.0,0.0,0.0,-0.92,0.34,0.0
20210222:0311,0.0,0.0,0.0,-1.08,0.69,0.0
20210222:0411,0.0,0.0,0.0,-1.08,0.83,0.0
20210222:0511,0.0,0.0,0.0,-0.83,0.9,0.0
20210222:0611,0.0,0.0,0.0,-0.31,1.1,0.0
20210222:0711,0.0,0.55,1.82,0.26,1.45,0.0
20210222:0811,236.54,271.18,8.3,0.47,1.52,0.0
20210222:0911,5.25,15.41,13.69,0.66,1.52,0.0
20210222:1011,55.07,77.62,17.61,1.03,1.59,0.0
20210222:1111,526.03,603.91,19.71,1.08,1.66,0.0
20210222:1211,770.54,910.86,19.79,1.36,1.86,0.0
20210222:1311,34.68,53.9,17.84,1.21,1.93,0.0
20210222:1411,5.8,16.3,14.06,1.04,1.86,0.0
20210222:1511,1.23,8.36,8.77,1.01,1.79,0.0
20210222:1611,0.0,1.68,2.36,0.68,1.72,0.0
20210222:1711,0.0,0.0,0.0,0.45,1.66,0.0
20210222:1811,0.0,0.0,0.0,0.3,1.66,0.0
20210222:1911,0.0,0.0,0.0,0.28,1.72,0.0
20210222:2011,0.0,0.0,0.0,0.25,1.72,0.0
20210222:2111,0.0,0.0,0.0,0.12,1.72,0.0
20210222:2211,0.0,0.0,0.0,0.16,1.59,0.0
20210222:2311,0.0,0.0,0.0,0.23,1.38,0.0
20210223:0011,0.0,0.0,0.0,0.35,2.07,0.0
20210223:0111,0.0,0.0,0.0,0.34,2.9,0.0
20210223:0211,0.0,0.0,0.0,-0.66,2.76,0.0
20210223:0311,0.0,0.0,0.0,-1.31,2.48,0.0
20210223:0411,0.0,0.0,0.0,-2.04,2.34,0.0
20210223:0511,0.0,0.0,0.0,-2.58,2.07,0.0
20210223:0611,0.0,0.0,0.0,-2.99,1.72,0.0
20210223:0711,0.0,0.55,2.16,-3.28,1.72,0.0
20210223:0811,597.14,674.11,8.65,-3.2,1.45,0.0
20210223:0911,10.37,22.72,14.05,-2.75,1.59,0.0
20210223:1011,102.98,129.02,17.97,-2.03,1.38,0.0
20210223:1111,525.31,600.36,20.07,-1.45,1.03,0.0
20210223:1211,13.49,27.17,20.15,-0.74,0.97,0.0
20210223:1311,60.17,82.99,18.19,-0.54,1.03,0.0
20210223:1411,519.75,592.52,14.4,-0.49,1.31,0.0
20210223:1511,1.63,9.12,9.09,-0.75,1.52,0.0
20210223:1611,0.0,1.12,2.67,-0.82,2.0,0.0
20210223:1711,0.0,0.0,0.0,-0.78,2.14,0.0
20210223:1811,0.0,0.0,0.0,-1.0,2.34,0.0
20210223:1911,0.0,0.0,0.0,-0.56,2.55,0.0
20210223:2011,0.0,0.0,0.0,-0.33,2.83,0.0
20210223:2111,0.0,0.0,0.0,-0.26,3.17,0.0
20210223:2211,0.0,0.0,0.0,-0.25,3.1,0.0
20210223:2311,0.0,0.0,0.0,-0.06,2.76,0.0
20210224:0011,0.0,0.0,0.0,0.3,2.83,0.0
20210224:0111,0.0,0.0,0.0,0.57,2.83,0.0
20210224:0211,0.0,0.0,0.0,0.64,2.9,0.0
20210224:0311,0.0,0.0,0.0,0.9,2.76,0.0
20210224:0411,0.0,0.0,0.0,0.93,2.55,0.0
20210224:0511,0.0,0.0,0.0,1.01,2.76,0.0
20210224:0611,0.0,0.0,0.0,1.01,2.69,0.0
20210224:0711,0.0,1.11,2.5,1.24,2.28,0.0
20210224:0811,9.58,21.92,8.99,1.26,2.34,0.0
20210224:0911,5.74,16.24,14.41,1.66,2.83,0.0
20210224:1011,20.55,36.69,18.34,2.28,3.38,0.0
20210224:1111,13.23,27.15,20.44,2.82,3.86,0.0
20210224:1211,790.08,916.33,20.52,2.94,4.14,0.0
20210224:1311,32.3,51.33,18.55,2.99,4.07,0.0
20210224:1411,608.54,691.22,14.74,2.95,4.34,0.0
20210224:1511,463.03,520.53,9.42,2.68,4.21,0.0
20210224:1611,0.0,2.8,2.98,2.22,3.79,0.0
20210224:1711,0.0,0.0,0.0,1.55,2.69,0.0
20210224:1811,0.0,0.0,0.0,1.26,2.0,0.0
20210224:1911,0.0,0.0,0.0,1.44,2.28,0.0
20210224:2011,0.0,0.0,0.0,1.45,2.21,0.0
20210224:2111,0.0,0.0,0.0,1.51,2.41,0.0
20210224:2211,0.0,0.0,0.0,1.53,2.48,0.0
20210224:2311,0.0,0.0,0.0,1.43,2.14,0.0
20210225:0011,0.0,0.0,0.0,1.08,1.59,0.0
20210225:0111,0.0,0.0,0.0,0.84,1.38,0.0
20210225:0211,0.0,0.0,0.0,0.73,1.45,0.0
20210225:0311,0.0,0.0,0.0,0.62,1.31,0.0
20210225:0411,0.0,0.0,0.0,0.51,1.17,0.0
20210225:0511,0.0,0.0,0.0,0.42,1.03,0.0
20210225:0611,0.0,0.0,0.0,0.42,1.1,0.0
20210225:0711,0.0,1.11,2.84,0.39,1.17,0.0
20210225:0811,2.39,10.59,9.35,0.46,1.17,0.0
20210225:0911,6.3,17.06,14.77,0.68,1.52,0.0
20210225:1011,10.99,23.9,18.71,0.99,1.59,0.0
20210225:1111,13.99,28.03,20.82,1.29,2.55,0.0
20210225:1211,14.0,28.05,20.89,1.38,3.1,0.0
20210225:1311,11.03,23.96,18.91,1.17,4.14,0.0
20210225:1411,184.11,215.04,15.08,0.44,4.21,0.0
20210225:1511,15.96,30.41,9.74,-0.48,4.0,0.0
20210225:1611,0.0,1.68,3.3,-1.03,3.66,0.0
20210225:1711,0.0,0.0,0.0,-1.01,3.93,0.0
20210225:1811,0.0,0.0,0.0,-0.66,4.55,0.0
20210225:1911,0.0,0.0,0.0,-0.88,4.34,0.0
20210225:2011,0.0,0.0,0.0,-0.62,4.76,0.0
20210225:2111,0.0,0.0,0.0,-0.31,5.03,0.0
20210225:2211,0.0,0.0,0.0,-0.39,5.03,0.0
20210225:2311,0.0,0.0,0.0,-0.32,5.03,0.0
20210226:0011,0.0,0.0,0.0,-0.28,4.97,0.0
20210226:0111,0.0,0.0,0.0,-0.34,4.76,0.0
20210226:0211,0.0,0.0,0.0,-0.64,4.55,0.0
20210226:0311,0.0,0.0,0.0,-1.21,4.48,0.0
20210226:0411,0.0,0.0,0.0,-1.47,4.83,0.0
20210226:0511,0.0,0.0,0.0,-1.67,5.1,0.0
20210226:0611,0.0,0.0,0.0,-1.71,5.31,0.0
20210226:0711,0.0,3.33,3.19,-1.36,5.03,0.0
20210226:0811,210.83,239.92,9.7,-1.31,4.62,0.0
20210226:0911,690.05,776.14,15.13,-0.92,4.14,0.0
20210226:1011,450.6,503.61,19.08,-0.48,3.72,0.0
20210226:1111,401.35,450.27,21.19,-0.11,3.79,0.0
20210226:1211,14.74,28.93,21.26,0.3,3.72,0.0
20210226:1311,54.82,77.0,19.27,0.35,3.66,0.0
20210226:1411,43.2,63.61,15.42,0.14,3.03,0.0
20210226:1511,40.57,59.99,10.07,-0.44,2.69,0.0
20210226:1611,0.0,3.36,3.61,-1.4,2.41,0.0
20210226:1711,0.0,0.0,0.0,-2.46,2.21,0.0
20210226:1811,0.0,0.0,0.0,-3.05,2.14,0.0
20210226:1911,0.0,0.0,0.0,-3.32,2.28,0.0
20210226:2011,0.0,0.0,0.0,-3.25,2.21,0.0
20210226:2111,0.0,0.0,0.0,-3.6,2.28,0.0
20210226:2211,0.0,0.0,0.0,-3.53,2.34,0.0
20210226:2311,0.0,0.0,0.0,-3.52,2.28,0.0
20210227:0011,0.0,0.0,0.0,-3.65,2.14,0.0
20210227:0111,0.0,0.0,0.0,-3.59,2.14,0.0
20210227:0211,0.0,0.0,0.0,-3.4,2.07,0.0
20210227:0311,0.0,0.0,0.0,-3.1,2.0,0.0
20210227:0411,0.0,0.0,0.0,-2.93,1.93,0.0
20210227:0511,0.0,0.0,0.0,-2.7,2.0,0.0
20210227:0611,0.0,0.0,0.0,-2.57,2.0,0.0
20210227:0711,0.0,1.67,3.54,-1.71,1.79,0.0
20210227:0811,622.35,708.67,10.06,-1.49,1.72,0.0
20210227:0911,40.32,60.15,15.5,-0.59,1.72,0.0
20210227:1011,97.01,123.96,19.45,0.61,1.93,0.0
20210227:1111,285.24,326.81,21.57,0.83,2.55,0.0
20210227:1211,14.69,28.93,21.63,0.99,2.83,0.0
20210227:1311,17.4,32.51,19.63,1.2,2.9,0.0
20210227:1411,30.59,48.93,15.77,1.1,2.62,0.0
20210227:1511,14.11,28.15,10.4,1.08,2.48,0.0
20210227:1611,0.0,4.87,3.93,0.91,2.76,0.0
20210227:1711,0.0,0.0,0.0,0.67,3.24,0.0
20210227:1811,0.0,0.0,0.0,0.64,3.59,0.0
20210227:1911,0.0,0.0,0.0,0.42,3.45,0.0
20210227:2011,0.0,0.0,0.0,0.07,3.24,0.0
20210227:2111,0.0,0.0,0.0,-0.32,3.03,0.0
20210227:2211,0.0,0.0,0.0,-0.86,2.83,0.0
20210227:2311,0.0,0.0,0.0,-1.48,2.76,0.0
20210228:0011,0.0,0.0,0.0,-1.69,2.62,0.0
20210228:0111,0.0,0.0,0.0,-1.87,2.48,0.0
20210228:0211,0.0,0.0,0.0,-1.91,2.34,0.0
20210228:0311,0.0,0.0,0.0,-2.23,2.28,0.0
20210228:0411,0.0,0.0,0.0,-2.54,2.28,0.0
20210228:0511,0.0,0.0,0.0,-2.61,2.28,0.0
20210228:0611,0.0,0.0,0.0,-2.56,2.28,0.0
20210228:0711,1.01,7.8,3.89,-3.21,2.14,0.0
20210228:0811,709.2,806.24,10.42,-3.08,2.14,0.0
20210228:0911,791.84,917.99,15.87,-2.0,2.14,0.0
20210228:1011,819.45,961.75,19.83,-0.68,2.14,0.0
20210228:1111,554.02,632.75,21.95,0.46,2.21,0.0
20210228:1211,133.52,163.93,22.0,0.91,2.21,0.0
20210228:1311,252.91,291.96,19.99,1.05,2.21,0.0
20210228:1411,648.79,748.95,16.11,1.2,2.21,0.0
20210228:1511,514.17,582.71,10.73,0.61,2.14,0.0
20210228:1611,0.0,2.78,4.24,-0.59,2.28,0.0
20210228:1711,0.0,0.0,0.0,-1.95,2.34,0.0
20210228:1811,0.0,0.0,0.0,-2.98,2.34,0.0
20210228:1911,0.0,0.0,0.0,-3.78,2.28,0.0
20210228:2011,0.0,0.0,0.0,-4.6,2.28,0.0
20210228:2111,0.0,0.0,0.0,-5.2,2.34,0.0
20210228:2211,0.0,0.0,0.0,-5.65,2.34,0.0
20210228:2311,0.0,0.0,0.0,-6.07,2.41,0.0
20210301:0011,0.0,0.0,0.0,-6.32,2.41,0.0
20210301:0111,0.0,0.0,0.0,-6.56,2.48,0.0
20210301:0211,0.0,0.0,0.0,-6.58,2.55,0.0
20210301:0311,0.0,0.0,0.0,-6.43,2.62,0.0
20210301:0411,0.0,0.0,0.0,-5.06,2.62,0.0
20210301:0511,0.0,0.0,0.0,-5.04,2.62,0.0
20210301:0611,0.0,0.0,0.0,-4.68,2.62,0.0
20210301:0711,0.0,2.77,4.25,-3.49,2.69,0.0
20210301:0811,704.22,797.21,10.79,-2.82,2.55,0.0
20210301:0911,377.98,422.85,16.25,-1.6,2.48,0.0
20210301:1011,137.41,166.59,20.21,-0.63,2.41,0.0
20210301:1111,150.63,181.72,22.33,0.12,2.41,0.0
20210301:1211,23.6,40.32,22.38,0.6,2.55,0.0
20210301:1311,12.94,26.52,20.35,0.46,2.76,0.0
20210301:1411,7.99,19.58,16.46,0.69,2.97,0.0
20210301:1511,2.85,11.41,11.06,0.43,3.38,0.0
20210301:1611,0.0,3.48,4.56,0.04,3.59,0.0
20210301:1711,0.0,0.0,0.0,-0.33,3.59,0.0
20210301:1811,0.0,0.0,0.0,-0.53,3.52,0.0
20210301:1911,0.0,0.0,0.0,-0.74,3.31,0.0
20210301:2011,0.0,0.0,0.0,-0.9,3.24,0.0
20210301:2111,0.0,0.0,0.0,-1.06,3.1,0.0
20210301:2211,0.0,0.0,0.0,-1.53,2.9,0.0
20210301:2311,0.0,0.0,0.0,-1.87,2.69,0.0
20210302:0011,0.0,0.0,0.0,-2.1,2.41,0.0
20210302:0111,0.0,0.0,0.0,-2.51,2.34,0.0
20210302:0211,0.0,0.0,0.0,-2.93,2.34,0.0
20210302:0311,0.0,0.0,0.0,-3.29,2.34,0.0
20210302:0411,0.0,0.0,0.0,-3.49,2.21,0.0
20210302:0511,0.0,0.0,0.0,-3.54,2.07,0.0
20210302:0611,0.0,0.0,0.0,-3.88,2.0,0.0
20210302:0711,0.0,4.16,4.6,-4.29,1.86,0.0
20210302:0811,33.79,51.6,11.15,-3.98,1.72,0.0
20210302:0911,445.5,497.68,16.62,-3.4,1.59,0.0
20210302:1011,546.36,617.43,20.6,-2.69,1.66,0.0
20210302:1111,113.54,141.13,22.71,-1.64,1.72,0.0
20210302:1211,306.74,349.02,22.76,-1.11,1.79,0.0
20210302:1311,600.82,687.43,20.71,-0.61,1.93,0.0
20210302:1411,59.08,81.48,16.81,-0.57,2.07,0.0
20210302:1511,23.19,39.58,11.39,-0.83,2.0,0.0
20210302:1611,0.0,4.18,4.87,-1.39,2.0,0.0
20210302:1711,0.0,0.0,0.0,-2.49,1.93,0.0
20210302:1811,0.0,0.0,0.0,-3.14,1.93,0.0
20210302:1911,0.0,0.0,0.0,-3.58,1.86,0.0
20210302:2011,0.0,0.0,0.0,-4.42,1.79,0.0
20210302:2111,0.0,0.0,0.0,-5.22,1.79,0.0
20210302:2211,0.0,0.0,0.0,-5.8,1.72,0.0
20210302:2311,0.0,0.0,0.0,-6.07,1.72,0.0
20210303:0011,0.0,0.0,0.0,-6.38,1.72,0.0
20210303:0111,0.0,0.0,0.0,-6.86,1.79,0.0
20210303:0211,0.0,0.0,0.0,-7.11,1.93,0.0
20210303:0311,0.0,0.0,0.0,-6.96,1.93,0.0
20210303:0411,0.0,0.0,0.0,-7.26,2.0,0.0
20210303:0511,0.0,0.0,0.0,-7.58,2.07,0.0
20210303:0611,0.0,0.0,0.0,-7.44,2.0,0.0
20210303:0711,504.46,548.36,4.96,-7.33,2.0,0.0
20210303:0811,732.53,823.88,11.52,-6.57,1.93,0.0
20210303:0911,808.07,932.39,17.0,-4.21,1.93,0.0
20210303:1011,836.03,976.58,20.98,-2.24,2.14,0.0
20210303:1111,496.57,560.48,23.1,-1.25,2.28,0.0
20210303:1211,119.04,147.48,23.13,-0.57,2.41,0.0
20210303:1311,361.81,408.91,21.08,-0.27,2.48,0.0
20210303:1411,204.45,237.29,17.15,-0.26,2.55,0.0
20210303:1511,550.37,620.53,11.72,-0.7,2.41,0.0
20210303:1611,41.87,60.3,5.19,-1.98,2.28,0.0
20210303:1711,0.0,0.0,0.0,-3.46,2.28,0.0
20210303:1811,0.0,0.0,0.0,-4.6,2.21,0.0
20210303:1911,0.0,0.0,0.0,-5.23,2.07,0.0
20210303:2011,0.0,0.0,0.0,-6.07,2.0,0.0
20210303:2111,0.0,0.0,0.0,-6.62,1.86,0.0
20210303:2211,0.0,0.0,0.0,-7.05,1.79,0.0
20210303:2311,0.0,0.0,0.0,-7.27,1.72,0.0
20210304:0011,0.0,0.0,0.0,-7.33,1.72,0.0
20210304:0111,0.0,0.0,0.0,-7.53,1.86,0.0
20210304:0211,0.0,0.0,0.0,-7.37,2.21,0.0
20210304:0311,0.0,0.0,0.0,-7.47,2.76,0.0
20210304:0411,0.0,0.0,0.0,-8.16,2.55,0.0
20210304:0511,0.0,0.0,0.0,-9.0,2.28,0.0
20210304:0611,0.0,0.0,0.0,-9.64,2.07,0.0
20210304:0711,569.2,614.28,5.33,-10.27,1.93,0.0
20210304:0811,777.59,868.0,11.89,-9.65,1.86,0.0
20210304:0911,739.77,829.6,17.38,-8.25,1.79,0.0
20210304:1011,460.53,507.23,21.37,-6.26,2.14,0.0
20210304:1111,0.0,0.0,0.0,-5.25,2.55,0.0
20210304:1211,80.99,104.29,23.51,-4.86,2.55,0.0
20210304:1311,224.12,254.75,21.45,-4.65,2.48,0.0
20210304:1411,75.09,97.59,17.5,-4.78,2.48,0.0
20210304:1511,117.96,141.6,12.05,-5.25,2.28,0.0
20210304:1611,30.41,46.55,5.51,-6.46,2.14,0.0
20210304:1711,0.0,0.0,0.0,-7.97,2.14,0.0
20210304:1811,0.0,0.0,0.0,-8.87,2.0,0.0
20210304:1911,0.0,0.0,0.0,-9.8,2.14,0.0
20210304:2011,0.0,0.0,0.0,-10.43,2.07,0.0
20210304:2111,0.0,0.0,0.0,-10.59,2.0,0.0
20210304:2211,0.0,0.0,0.0,-10.93,1.93,0.0
20210304:2311,0.0,0.0,0.0,-11.21,1.86,0.0
20210305:0011,0.0,0.0,0.0,-11.79,1.86,0.0
20210305:0111,0.0,0.0,0.0,-12.4,1.86,0.0
20210305:0211,0.0,0.0,0.0,-13.23,1.93,0.0
20210305:0311,0.0,0.0,0.0,-13.82,2.0,0.0
20210305:0411,0.0,0.0,0.0,-14.04,2.07,0.0
20210305:0511,0.0,0.0,0.0,-13.93,2.0,0.0
20210305:0611,0.0,0.0,0.0,-13.93,2.0,0.0
20210305:0711,581.17,619.71,5.69,-12.7,2.14,0.0
20210305:0811,781.79,862.97,12.27,-11.76,1.93,0.0
20210305:0911,853.99,960.64,17.76,-10.31,2.0,0.0
20210305:1011,879.36,1001.76,21.76,-8.84,2.0,0.0
20210305:1111,857.02,982.12,23.88,-7.34,1.93,0.0
20210305:1211,17.98,32.43,23.9,-6.0,2.0,0.0
20210305:1311,395.3,437.42,21.81,-4.95,2.34,0.0
20210305:1411,837.78,960.08,17.85,-4.54,2.55,0.0
20210305:1511,764.48,864.74,12.38,-4.73,2.55,0.0
20210305:1611,566.04,621.6,5.82,-5.73,2.41,0.0
20210305:1711,0.0,0.0,0.0,-7.17,2.34,0.0
20210305:1811,0.0,0.0,0.0,-8.3,2.21,0.0
20210305:1911,0.0,0.0,0.0,-9.17,2.21,0.0
20210305:2011,0.0,0.0,0.0,-9.85,2.07,0.0
20210305:2111,0.0,0.0,0.0,-10.5,2.14,0.0
20210305:2211,0.0,0.0,0.0,-10.6,2.21,0.0
20210305:2311,0.0,0.0,0.0,-10.54,2.21,0.0
20210306:0011,0.0,0.0,0.0,-10.38,2.21,0.0
20210306:0111,0.0,0.0,0.0,-10.33,2.34,0.0
20210306:0211,0.0,0.0,0.0,-9.73,2.41,0.0
20210306:0311,0.0,0.0,0.0,-8.83,2.9,0.0
20210306:0411,0.0,0.0,0.0,-7.35,3.72,0.0
20210306:0511,0.0,0.0,0.0,-6.43,4.28,0.0
20210306:0611,0.0,0.0,0.0,-6.06,4.48,0.0
20210306:0711,0.34,6.27,6.06,-5.75,3.93,0.0
20210306:0811,72.98,94.48,12.64,-4.87,4.0,0.0
20210306:0911,258.57,289.29,18.15,-3.68,4.55,0.0
20210306:1011,133.93,161.08,22.15,-2.83,4.9,0.0
20210306:1111,89.02,113.91,24.27,-2.19,5.03,0.0
20210306:1211,342.26,382.41,24.28,-1.63,4.76,0.0
20210306:1311,625.47,697.02,22.18,-1.44,4.83,0.0
20210306:1411,117.27,143.65,18.2,-1.39,5.45,0.0
20210306:1511,12.61,25.89,12.71,-1.26,5.59,0.0
20210306:1611,0.0,4.88,6.14,-1.34,5.66,0.0
20210306:1711,0.0,0.0,0.0,-1.48,5.52,0.0
20210306:1811,0.0,0.0,0.0,-1.65,5.17,0.0
20210306:1911,0.0,0.0,0.0,-1.93,5.1,0.0
20210306:2011,0.0,0.0,0.0,-1.74,5.1,0.0
20210306:2111,0.0,0.0,0.0,-1.49,5.1,0.0
20210306:2211,0.0,0.0,0.0,-1.56,5.1,0.0
20210306:2311,0.0,0.0,0.0,-2.06,5.59,0.0
20210307:0011,0.0,0.0,0.0,-3.13,5.17,0.0
20210307:0111,0.0,0.0,0.0,-4.31,4.76,0.0
20210307:0211,0.0,0.0,0.0,-5.62,4.14,0.0
20210307:0311,0.0,0.0,0.0,-6.75,3.79,0.0
20210307:0411,0.0,0.0,0.0,-7.84,3.52,0.0
20210307:0511,0.0,0.0,0.0,-8.63,3.03,0.0
20210307:0611,0.0,0.0,0.0,-9.08,2.48,0.0
20210307:0711,78.07,97.24,6.43,-9.19,2.48,0.0
20210307:0811,227.55,251.98,13.02,-8.65,2.28,0.0
20210307:0911,278.83,307.71,18.53,-7.52,2.41,0.0
20210307:1011,243.34,273.07,22.54,-6.27,2.69,0.0
20210307:1111,68.4,90.26,24.66,-5.6,2.97,0.0
20210307:1211,903.53,1034.76,24.66,-5.23,3.1,0.0
20210307:1311,890.84,1020.12,22.55,-5.03,3.03,0.0
20210307:1411,352.52,388.39,18.55,-5.12,2.97,0.0
20210307:1511,320.15,352.72,13.04,-5.56,2.34,0.0
20210307:1611,4.98,14.65,6.46,-6.67,2.0,0.0
20210307:1711,0.0,0.0,0.0,-7.99,1.79,0.0
20210307:1811,0.0,0.0,0.0,-8.99,1.66,0.0
20210307:1911,0.0,0.0,0.0,-9.6,1.59,0.0
20210307:2011,0.0,0.0,0.0,-9.92,1.59,0.0
20210307:2111,0.0,0.0,0.0,-10.6,1.52,0.0
20210307:2211,0.0,0.0,0.0,-11.33,1.52,0.0
20210307:2311,0.0,0.0,0.0,-12.18,1.59,0.0
20210308:0011,0.0,0.0,0.0,-12.73,1.52,0.0
20210308:0111,0.0,0.0,0.0,-13.16,1.52,0.0
20210308:0211,0.0,0.0,0.0,-13.37,1.45,0.0
20210308:0311,0.0,0.0,0.0,-13.36,1.38,0.0
20210308:0411,0.0,0.0,0.0,-13.45,1.38,0.0
20210308:0511,0.0,0.0,0.0,-13.24,1.31,0.0
20210308:0611,0.0,0.0,0.0,-13.28,1.24,0.0
20210308:0711,196.98,216.02,6.81,-12.89,1.31,0.0
20210308:0811,259.95,283.08,13.4,-11.85,1.1,0.0
20210308:0911,769.83,874.51,18.92,-9.64,0.97,0.0
20210308:1011,783.94,905.94,22.93,-7.38,0.9,0.0
20210308:1111,301.5,338.07,25.05,-5.91,1.1,0.0
20210308:1211,885.09,1041.22,25.05,-5.0,1.52,0.0
20210308:1311,882.84,1027.65,22.92,-4.73,2.07,0.0
20210308:1411,87.88,111.44,18.9,-4.82,1.93,0.0
20210308:1511,602.21,672.89,13.38,-5.47,1.66,0.0
20210308:1611,7.79,18.83,6.78,-6.56,1.59,0.0
20210308:1711,0.0,0.0,0.0,-7.59,1.59,0.0
20210308:1811,0.0,0.0,0.0,-8.39,1.66,0.0
20210308:1911,0.0,0.0,0.0,-9.84,1.93,0.0
20210308:2011,0.0,0.0,0.0,-10.97,2.0,0.0
20210308:2111,0.0,0.0,0.0,-12.15,2.14,0.0
20210308:2211,0.0,0.0,0.0,-12.88,2.21,0.0
20210308:2311,0.0,0.0,0.0,-13.32,2.28,0.0
20210309:0011,0.0,0.0,0.0,-13.63,2.34,0.0
20210309:0111,0.0,0.0,0.0,-13.61,2.34,0.0
20210309:0211,0.0,0.0,0.0,-13.79,2.41,0.0
20210309:0311,0.0,0.0,0.0,-13.85,2.41,0.0
20210309:0411,0.0,0.0,0.0,-13.98,2.41,0.0
20210309:0511,0.0,0.0,0.0,-14.12,2.41,0.0
20210309:0611,0.0,0.0,0.0,-14.29,2.41,0.0
20210309:0711,647.33,692.36,7.18,-13.67,2.14,0.0
20210309:0811,807.75,895.71,13.78,-12.15,1.79,0.0
20210309:0911,862.38,981.58,19.31,-9.59,1.66,0.0
20210309:1011,876.46,1018.87,23.33,-6.81,1.52,0.0
20210309:1111,856.59,1007.21,25.45,-4.95,1.31,0.0
20210309:1211,256.89,293.4,25.43,-3.5,1.1,0.0
20210309:1311,751.64,886.62,23.29,-2.7,0.83,0.0
20210309:1411,798.44,951.59,19.25,-2.58,0.76,0.0
20210309:1511,761.15,893.61,13.71,-3.08,0.9,0.0
20210309:1611,468.18,520.83,7.09,-4.49,1.03,0.0
20210309:1711,0.0,0.0,0.0,-5.67,1.24,0.0
20210309:1811,0.0,0.0,0.0,-6.21,1.38,0.0
20210309:1911,0.0,0.0,0.0,-7.53,0.97,0.0
20210309:2011,0.0,0.0,0.0,-7.84,1.24,0.0
20210309:2111,0.0,0.0,0.0,-9.12,1.24,0.0
20210309:2211,0.0,0.0,0.0,-10.14,1.24,0.0
20210309:2311,0.0,0.0,0.0,-11.31,1.45,0.0
20210310:0011,0.0,0.0,0.0,-11.19,1.79,0.0
20210310:0111,0.0,0.0,0.0,-11.0,1.86,0.0
20210310:0211,0.0,0.0,0.0,-11.41,2.28,0.0
20210310:0311,0.0,0.0,0.0,-11.48,2.83,0.0
20210310:0411,0.0,0.0,0.0,-9.86,3.17,0.0
20210310:0511,0.0,0.0,0.0,-8.81,3.45,0.0
20210310:0611,0.0,0.0,0.0,-8.16,3.79,0.0
20210310:0711,2.09,9.79,7.56,-7.38,4.14,0.0
20210310:0811,17.21,31.29,14.17,-7.08,4.62,0.0
20210310:0911,44.06,62.9,19.7,-6.63,4.9,0.0
20210310:1011,50.49,70.18,23.72,-6.23,5.52,0.0
20210310:1111,75.94,98.16,25.84,-5.81,5.79,0.0
20210310:1211,38.61,56.96,25.82,-5.67,6.07,0.0
20210310:1311,27.16,43.62,23.66,-5.6,6.14,0.0
20210310:1411,62.17,83.22,19.6,-5.59,5.93,0.0
20210310:1511,506.93,547.84,14.04,-5.72,5.17,0.0
20210310:1611,575.16,620.35,7.41,-5.97,5.03,0.0
20210310:1711,0.0,0.0,0.0,-6.16,5.31,0.0
20210310:1811,0.0,0.0,0.0,-6.22,4.48,0.0
20210310:1911,0.0,0.0,0.0,-5.92,5.03,0.0
20210310:2011,0.0,0.0,0.0,-5.87,4.83,0.0
20210310:2111,0.0,0.0,0.0,-5.66,4.76,0.0
20210310:2211,0.0,0.0,0.0,-5.32,4.9,0.0
20210310:2311,0.0,0.0,0.0,-4.97,5.17,0.0
20210311:0011,0.0,0.0,0.0,-4.62,5.93,0.0
20210311:0111,0.0,0.0,0.0,-4.41,6.21,0.0
20210311:0211,0.0,0.0,0.0,-4.3,6.21,0.0
20210311:0311,0.0,0.0,0.0,-4.25,6.21,0.0
20210311:0411,0.0,0.0,0.0,-4.32,5.93,0.0
20210311:0511,0.0,0.0,0.0,-4.41,5.59,0.0
20210311:0611,0.0,0.0,0.0,-4.6,5.03,0.0
20210311:0711,11.78,24.5,7.93,-4.63,4.21,0.0
20210311:0811,5.33,15.27,14.55,-4.54,3.59,0.0
20210311:0911,39.98,58.84,20.09,-4.39,3.03,0.0
20210311:1011,869.32,1003.29,24.12,-4.09,2.62,0.0
20210311:1111,20.56,35.94,26.24,-3.6,2.62,0.0
20210311:1211,881.24,1015.62,26.21,-3.17,3.17,0.0
20210311:1311,477.02,532.11,24.03,-2.97,2.62,0.0
20210311:1411,43.1,62.82,19.95,-2.75,2.34,0.0
20210311:1511,11.58,24.38,14.37,-2.71,2.07,0.0
20210311:1611,9.58,21.64,7.73,-2.83,1.72,0.0
20210311:1711,0.0,0.0,0.0,-2.82,1.1,0.0
20210311:1811,0.0,0.0,0.0,-2.95,1.03,0.0
20210311:1911,0.0,0.0,0.0,-2.86,1.72,0.0
20210311:2011,0.0,0.0,0.0,-2.28,3.1,0.0
20210311:2111,0.0,0.0,0.0,-2.15,3.52,0.0
20210311:2211,0.0,0.0,0.0,-2.6,3.52,0.0
20210311:2311,0.0,0.0,0.0,-2.97,3.66,0.0
20210312:0011,0.0,0.0,0.0,-3.24,3.72,0.0
20210312:0111,0.0,0.0,0.0,-3.68,3.52,0.0
20210312:0211,0.0,0.0,0.0,-3.96,3.38,0.0
20210312:0311,0.0,0.0,0.0,-3.75,3.38,0.0
20210312:0411,0.0,0.0,0.0,-3.97,3.17,0.0
20210312:0511,0.0,0.0,0.0,-4.02,2.97,0.0
20210312:0611,0.0,0.0,0.0,-4.42,2.41,0.0
20210312:0711,7.75,18.92,8.31,-4.44,1.72,0.0
20210312:0811,7.37,18.34,14.94,-4.62,1.59,0.0
20210312:0911,347.88,388.01,20.49,-4.28,1.66,0.0
20210312:1011,40.71,59.94,24.52,-3.46,2.21,0.0
20210312:1111,35.8,54.35,26.64,-3.08,2.34,0.0
20210312:1211,792.3,910.66,26.59,-2.43,2.83,0.0
20210312:1311,400.67,447.47,24.4,-2.35,2.97,0.0
20210312:1411,30.47,48.13,20.3,-2.46,2.83,0.0
20210312:1511,168.33,195.87,14.7,-2.74,3.38,0.0
20210312:1611,5.34,15.36,8.04,-3.51,2.9,0.0
20210312:1711,0.0,0.0,0.0,-4.0,2.55,0.0
20210312:1811,0.0,0.0,0.0,-4.26,2.28,0.0
20210312:1911,0.0,0.0,0.0,-4.84,2.14,0.0
20210312:2011,0.0,0.0,0.0,-4.96,1.93,0.0
20210312:2111,0.0,0.0,0.0,-4.97,2.0,0.0
20210312:2211,0.0,0.0,0.0,-5.06,1.79,0.0
20210312:2311,0.0,0.0,0.0,-5.21,1.59,0.0
20210313:0011,0.0,0.0,0.0,-5.37,1.31,0.0
20210313:0111,0.0,0.0,0.0,-4.97,0.97,0.0
20210313:0211,0.0,0.0,0.0,-5.37,0.97,0.0
20210313:0311,0.0,0.0,0.0,-5.75,0.97,0.0
20210313:0411,0.0,0.0,0.0,-6.35,1.17,0.0
20210313:0511,0.0,0.0,0.0,-6.71,1.24,0.0
20210313:0611,0.0,0.0,0.0,-6.45,1.31,0.0
20210313:0711,1.34,8.42,8.69,-5.98,1.31,0.0
20210313:0811,53.8,74.2,15.32,-5.09,1.66,0.0
20210313:0911,862.94,1001.09,20.88,-4.18,2.21,0.0
20210313:1011,354.09,396.31,24.92,-3.5,2.14,0.0
20210313:1111,98.01,123.6,27.03,-3.14,2.21,0.0
20210313:1211,137.46,166.19,26.98,-2.82,2.0,0.0
20210313:1311,871.53,1033.48,24.77,-2.77,1.59,0.0
20210313:1411,36.73,55.48,20.65,-2.89,1.24,0.0
20210313:1511,19.2,34.29,15.03,-3.13,1.1,0.0
20210313:1611,0.63,6.98,8.36,-2.62,0.83,0.0
20210313:1711,0.0,0.0,0.0,-3.1,0.69,0.0
20210313:1811,0.0,0.0,0.0,-3.64,0.55,0.0
20210313:1911,0.0,0.0,0.0,-4.22,0.48,0.0
20210313:2011,0.0,0.0,0.0,-4.49,0.34,0.0
20210313:2111,0.0,0.0,0.0,-4.71,0.62,0.0
20210313:2211,0.0,0.0,0.0,-5.38,0.9,0.0
20210313:2311,0.0,0.0,0.0,-6.16,1.1,0.0
20210314:0011,0.0,0.0,0.0,-7.23,1.17,0.0
20210314:0111,0.0,0.0,0.0,-8.78,1.24,0.0
20210314:0211,0.0,0.0,0.0,-8.55,1.17,0.0
20210314:0311,0.0,0.0,0.0,-9.28,1.31,0.0
20210314:0411,0.0,0.0,0.0,-9.03,1.24,0.0
20210314:0511,0.0,0.0,0.0,-8.83,1.24,0.0
20210314:0611,0.0,0.49,1.79,-8.64,1.1,0.0
20210314:0711,2.87,11.23,9.07,-6.0,0.28,0.0
20210314:0811,14.16,27.56,15.71,-5.75,0.83,0.0
20210314:0911,13.1,26.19,21.28,-5.46,1.31,0.0
20210314:1011,57.62,78.82,25.32,-4.5,1.66,0.0
20210314:1111,118.55,145.38,27.43,-3.91,1.93,0.0
20210314:1211,889.89,1046.26,27.37,-3.18,2.07,0.0
20210314:1311,851.65,998.23,25.14,-3.21,1.86,0.0
20210314:1411,12.89,26.11,21.0,-3.22,1.72,0.0
20210314:1511,311.42,349.05,15.36,-3.15,1.52,0.0
20210314:1611,7.19,18.16,8.67,-3.55,1.45,0.0
20210314:1711,0.0,0.0,0.0,-3.92,1.24,0.0
20210314:1811,0.0,0.0,0.0,-4.22,1.1,0.0
20210314:1911,0.0,0.0,0.0,-4.33,1.17,0.0
20210314:2011,0.0,0.0,0.0,-4.67,1.24,0.0
20210314:2111,0.0,0.0,0.0,-5.51,1.59,0.0
20210314:2211,0.0,0.0,0.0,-5.57,1.86,0.0
20210314:2311,0.0,0.0,0.0,-4.89,2.14,0.0
20210315:0011,0.0,0.0,0.0,-4.46,2.34,0.0
20210315:0111,0.0,0.0,0.0,-4.85,2.41,0.0
20210315:0211,0.0,0.0,0.0,-5.86,2.34,0.0
20210315:0311,0.0,0.0,0.0,-6.62,2.28,0.0
20210315:0411,0.0,0.0,0.0,-7.5,2.21,0.0
20210315:0511,0.0,0.0,0.0,-8.48,2.21,0.0
20210315:0611,0.0,0.49,2.17,-9.1,2.21,0.0
20210315:0711,712.42,782.42,9.45,-9.5,2.34,0.0
20210315:0811,840.54,946.83,16.1,-8.68,2.28,0.0
20210315:0911,889.56,1020.38,21.68,-7.4,2.14,0.0
20210315:1011,908.5,1053.16,25.72,-6.14,2.14,0.0
20210315:1111,896.16,1046.02,27.83,-5.04,2.0,0.0
20210315:1211,430.31,479.91,27.76,-4.41,2.0,0.0
20210315:1311,634.79,717.15,25.51,-4.14,2.0,0.0
20210315:1411,870.77,1016.72,21.35,-4.2,1.93,0.0
20210315:1511,814.35,937.55,15.69,-4.79,1.93,0.0
20210315:1611,682.63,763.88,8.99,-5.83,2.0,0.0
20210315:1711,0.0,0.0,0.0,-7.1,2.0,0.0
20210315:1811,0.0,0.0,0.0,-8.19,2.07,0.0
20210315:1911,0.0,0.0,0.0,-8.78,2.0,0.0
20210315:2011,0.0,0.0,0.0,-9.54,2.0,0.0
20210315:2111,0.0,0.0,0.0,-10.18,1.93,0.0
20210315:2211,0.0,0.0,0.0,-10.76,1.93,0.0
20210315:2311,0.0,0.0,0.0,-11.24,2.0,0.0
20210316:0011,0.0,0.0,0.0,-11.23,1.86,0.0
20210316:0111,0.0,0.0,0.0,-11.17,1.86,0.0
20210316:0211,0.0,0.0,0.0,-11.17,1.79,0.0
20210316:0311,0.0,0.0,0.0,-10.25,1.72,0.0
20210316:0411,0.0,0.0,0.0,-9.9,1.79,0.0
20210316:0511,0.0,0.0,0.0,-9.75,1.86,0.0
20210316:0611,0.0,0.99,2.54,-9.62,1.93,0.0
20210316:0711,732.47,807.57,9.84,-10.61,1.86,0.0
20210316:0811,851.32,962.72,16.49,-10.14,1.72,0.0
20210316:0911,897.94,1032.42,22.07,-9.3,1.59,0.0
20210316:1011,915.97,1063.36,26.12,-8.53,1.52,0.0
20210316:1111,889.99,1034.42,28.23,-7.79,1.45,0.0
20210316:1211,127.39,153.12,28.15,-7.04,1.38,0.0
20210316:1311,91.88,115.41,25.88,-6.62,1.52,0.0
20210316:1411,530.32,587.62,21.7,-6.71,1.59,0.0
20210316:1511,832.84,953.76,16.02,-7.14,1.72,0.0
20210316:1611,255.69,281.23,9.3,-7.97,1.86,0.0
20210316:1711,0.0,0.49,1.98,-9.22,2.0,0.0
20210316:1811,0.0,0.0,0.0,-10.39,2.14,0.0
20210316:1911,0.0,0.0,0.0,-10.08,2.28,0.0
20210316:2011,0.0,0.0,0.0,-10.33,2.21,0.0
20210316:2111,0.0,0.0,0.0,-10.63,2.21,0.0
20210316:2211,0.0,0.0,0.0,-11.07,2.21,0.0
20210316:2311,0.0,0.0,0.0,-11.39,2.14,0.0
20210317:0011,0.0,0.0,0.0,-11.84,2.07,0.0
20210317:0111,0.0,0.0,0.0,-12.36,2.07,0.0
20210317:0211,0.0,0.0,0.0,-12.69,2.07,0.0
20210317:0311,0.0,0.0,0.0,-13.05,2.07,0.0
20210317:0411,0.0,0.0,0.0,-13.59,2.07,0.0
20210317:0511,0.0,0.0,0.0,-13.84,2.07,0.0
20210317:0611,0.69,6.92,2.92,-14.14,2.0,0.0
20210317:0711,753.88,817.86,10.22,-14.45,1.86,0.0
20210317:0811,812.19,898.61,16.88,-13.59,1.59,0.0
20210317:0911,695.93,765.42,22.47,-12.31,1.45,0.0
20210317:1011,385.28,419.26,26.53,-10.48,1.59,0.0
20210317:1111,916.88,1080.1,28.63,-8.5,0.97,0.0
20210317:1211,146.35,172.91,28.53,-7.39,1.31,0.0
20210317:1311,321.75,358.17,26.25,-6.88,1.17,0.0
20210317:1411,309.44,343.44,22.05,-6.91,1.31,0.0
20210317:1511,337.97,371.28,16.35,-7.65,1.31,0.0
20210317:1611,39.52,56.93,9.62,-8.95,1.45,0.0
20210317:1711,0.0,0.98,2.28,-10.37,1.72,0.0
20210317:1811,0.0,0.0,0.0,-11.13,1.86,0.0
20210317:1911,0.0,0.0,0.0,-10.1,2.0,0.0
20210317:2011,0.0,0.0,0.0,-10.84,2.14,0.0
20210317:2111,0.0,0.0,0.0,-11.23,2.07,0.0
20210317:2211,0.0,0.0,0.0,-11.13,2.07,0.0
20210317:2311,0.0,0.0,0.0,-10.84,2.0,0.0
20210318:0011,0.0,0.0,0.0,-10.22,1.86,0.0
20210318:0111,0.0,0.0,0.0,-9.69,1.93,0.0
20210318:0211,0.0,0.0,0.0,-9.54,1.86,0.0
20210318:0311,0.0,0.0,0.0,-9.78,1.86,0.0
20210318:0411,0.0,0.0,0.0,-9.78,1.86,0.0
20210318:0511,0.0,0.0,0.0,-9.63,1.79,0.0
20210318:0611,0.0,2.97,3.3,-9.95,1.86,0.0
20210318:0711,2.55,10.58,10.6,-8.6,1.66,0.0
20210318:0811,59.84,80.1,17.27,-7.77,1.59,0.0
20210318:0911,222.36,252.32,22.87,-5.95,1.52,0.0
20210318:1011,305.47,343.22,26.93,-4.88,1.45,0.0
20210318:1111,103.82,129.78,29.03,-3.76,1.38,0.0
20210318:1211,886.29,1056.53,28.92,-2.98,1.45,0.0
20210318:1311,878.01,1042.94,26.62,-2.71,1.59,0.0
20210318:1411,118.65,145.81,22.4,-2.47,1.59,0.0
20210318:1511,348.86,391.16,16.68,-2.6,1.52,0.0
20210318:1611,599.25,675.03,9.93,-3.5,1.59,0.0
20210318:1711,0.0,0.98,2.59,-5.16,1.79,0.0
20210318:1811,0.0,0.0,0.0,-6.51,1.86,0.0
20210318:1911,0.0,0.0,0.0,-6.49,1.72,0.0
20210318:2011,0.0,0.0,0.0,-7.38,1.79,0.0
20210318:2111,0.0,0.0,0.0,-8.3,1.93,0.0
20210318:2211,0.0,0.0,0.0,-8.3,1.86,0.0
20210318:2311,0.0,0.0,0.0,-8.16,1.79,0.0
20210319:0011,0.0,0.0,0.0,-7.87,1.72,0.0
20210319:0111,0.0,0.0,0.0,-7.52,1.72,0.0
20210319:0211,0.0,0.0,0.0,-6.9,1.52,0.0
20210319:0311,0.0,0.0,0.0,-6.29,1.31,0.0
20210319:0411,0.0,0.0,0.0,-6.58,1.1,0.0
20210319:0511,0.0,0.0,0.0,-6.51,0.9,0.0
20210319:0611,0.67,7.01,3.68,-6.87,0.69,0.0
20210319:0711,305.58,331.24,10.99,-10.51,1.24,0.0
20210319:0811,248.64,275.09,17.66,-9.5,1.03,0.0
20210319:0911,653.79,733.5,23.27,-8.47,1.03,0.0
20210319:1011,885.57,1047.46,27.33,-6.82,0.9,0.0
20210319:1111,317.6,357.53,29.43,-4.96,1.17,0.0
20210319:1211,892.85,1058.22,29.31,-3.96,1.52,0.0
20210319:1311,884.78,1045.17,26.99,-2.88,1.86,0.0
20210319:1411,83.06,107.47,22.74,-2.35,2.28,0.0
20210319:1511,660.91,748.19,17.01,-2.25,2.55,0.0
20210319:1611,627.7,704.02,10.24,-2.93,2.48,0.0
20210319:1711,0.0,1.46,2.9,-4.03,2.48,0.0
20210319:1811,0.0,0.0,0.0,-4.93,2.41,0.0
20210319:1911,0.0,0.0,0.0,-4.97,2.48,0.0
20210319:2011,0.0,0.0,0.0,-5.6,2.48,0.0
20210319:2111,0.0,0.0,0.0,-5.91,2.41,0.0
20210319:2211,0.0,0.0,0.0,-6.57,2.41,0.0
20210319:2311,0.0,0.0,0.0,-6.38,2.41,0.0
20210320:0011,0.0,0.0,0.0,-5.96,2.48,0.0
20210320:0111,0.0,0.0,0.0,-5.64,2.62,0.0
20210320:0211,0.0,0.0,0.0,-5.43,2.69,0.0
20210320:0311,0.0,0.0,0.0,-4.69,2.69,0.0
20210320:0411,0.0,0.0,0.0,-4.22,2.83,0.0
20210320:0511,0.0,0.0,0.0,-3.96,2.9,0.0
20210320:0611,0.64,7.02,4.06,-3.58,2.97,0.0
20210320:0711,16.68,31.09,11.37,-3.15,2.76,0.0
20210320:0811,791.39,908.34,18.06,-2.54,2.69,0.0
20210320:0911,749.26,861.74,23.67,-1.37,2.69,0.0
20210320:1011,21.04,36.9,27.73,-0.83,2.9,0.0
20210320:1111,503.41,568.9,29.83,-0.38,3.03,0.0
20210320:1211,903.5,1066.22,29.7,-0.06,2.97,0.0
20210320:1311,896.83,1053.81,27.36,-0.04,3.17,0.0
20210320:1411,71.32,95.42,23.09,-0.02,3.31,0.0
20210320:1511,10.88,23.63,17.33,-0.23,4.14,0.0
20210320:1611,17.84,32.85,10.56,-0.67,4.41,0.0
20210320:1711,0.0,1.46,3.2,-1.11,4.21,0.0
20210320:1811,0.0,0.0,0.0,-1.67,4.0,0.0
20210320:1911,0.0,0.0,0.0,-1.62,3.72,0.0
20210320:2011,0.0,0.0,0.0,-2.05,3.59,0.0
20210320:2111,0.0,0.0,0.0,-2.1,4.62,0.0
20210320:2211,0.0,0.0,0.0,-2.5,5.17,0.0
20210320:2311,0.0,0.0,0.0,-3.47,5.45,0.0
20210321:0011,0.0,0.0,0.0,-4.17,5.52,0.0
20210321:0111,0.0,0.0,0.0,-4.64,5.38,0.0
20210321:0211,0.0,0.0,0.0,-5.08,5.38,0.0
20210321:0311,0.0,0.0,0.0,-5.5,5.45,0.0
20210321:0411,0.0,0.0,0.0,-5.83,5.45,0.0
20210321:0511,0.0,0.0,0.0,-6.15,5.31,0.0
20210321:0611,0.0,5.11,4.45,-6.39,5.1,0.0
20210321:0711,45.11,63.96,11.76,-5.64,4.69,0.0
20210321:0811,222.1,249.5,18.45,-5.23,4.62,0.0
20210321:0911,800.78,894.55,24.07,-4.72,4.41,0.0
20210321:1011,673.42,747.78,28.14,-4.24,4.21,0.0
20210321:1111,63.97,85.95,30.23,-3.86,3.45,0.0
20210321:1211,687.3,773.81,30.09,-3.5,3.24,0.0
20210321:1311,921.46,1067.75,27.73,-3.2,3.24,0.0
20210321:1411,279.37,314.58,23.44,-3.08,2.9,0.0
20210321:1511,839.84,963.9,17.66,-3.14,2.97,0.0
20210321:1611,445.54,491.04,10.87,-3.8,2.62,0.0
20210321:1711,0.0,2.52,3.5,-4.5,2.41,0.0
20210321:1811,0.0,0.0,0.0,-5.42,2.21,0.0
20210321:1911,0.0,0.0,0.0,-6.04,2.07,0.0
20210321:2011,0.0,0.0,0.0,-6.69,2.0,0.0
20210321:2111,0.0,0.0,0.0,-7.0,2.0,0.0
20210321:2211,0.0,0.0,0.0,-7.06,2.07,0.0
20210321:2311,0.0,0.0,0.0,-6.47,2.14,0.0
20210322:0011,0.0,0.0,0.0,-6.38,2.28,0.0
20210322:0111,0.0,0.0,0.0,-6.37,2.34,0.0
20210322:0211,0.0,0.0,0.0,-6.11,2.41,0.0
20210322:0311,0.0,0.0,0.0,-6.01,2.41,0.0
20210322:0411,0.0,0.0,0.0,-6.3,2.34,0.0
20210322:0511,0.0,0.0,0.0,-6.65,2.28,0.0
20210322:0611,0.0,3.2,4.83,-6.64,2.21,0.0
20210322:0711,2.93,11.33,12.14,-6.04,1.86,0.0
20210322:0811,26.6,43.13,18.84,-4.79,1.86,0.0
20210322:0911,231.01,263.77,24.46,-3.56,2.07,0.0
20210322:1011,146.85,176.49,28.54,-2.32,2.21,0.0
20210322:1111,274.33,314.19,30.63,-1.1,2.55,0.0
20210322:1211,275.93,316.89,30.47,-0.24,2.69,0.0
20210322:1311,739.8,858.35,28.09,0.29,2.69,0.0
20210322:1411,811.39,952.57,23.78,0.37,2.48,0.0
20210322:1511,606.73,692.29,17.98,0.16,2.41,0.0
20210322:1611,702.03,809.08,11.18,0.03,2.28,0.0
20210322:1711,0.0,1.89,3.81,-0.55,1.86,0.0
20210322:1811,0.0,0.0,0.0,-1.57,1.72,0.0
20210322:1911,0.0,0.0,0.0,-2.13,1.79,0.0
20210322:2011,0.0,0.0,0.0,-2.72,1.79,0.0
20210322:2111,0.0,0.0,0.0,-3.07,1.86,0.0
20210322:2211,0.0,0.0,0.0,-3.42,1.93,0.0
20210322:2311,0.0,0.0,0.0,-3.65,2.0,0.0
20210323:0011,0.0,0.0,0.0,-3.92,2.07,0.0
20210323:0111,0.0,0.0,0.0,-4.96,2.14,0.0
20210323:0211,0.0,0.0,0.0,-5.43,2.07,0.0
20210323:0311,0.0,0.0,0.0,-5.64,2.0,0.0
20210323:0411,0.0,0.0,0.0,-5.42,1.86,0.0
20210323:0511,0.0,0.0,0.0,-5.1,1.86,0.0
20210323:0611,0.0,3.2,5.21,-4.91,1.79,0.0
20210323:0711,733.76,846.92,12.53,-3.39,1.38,0.0
20210323:0811,762.28,887.93,19.23,-2.24,1.59,0.0
20210323:0911,869.74,1038.24,24.86,-0.69,1.79,0.0
20210323:1011,762.43,900.52,28.94,0.28,1.72,0.0
20210323:1111,292.68,338.72,31.03,1.03,1.66,0.0
20210323:1211,151.3,184.31,30.86,1.01,1.59,0.0
20210323:1311,423.35,485.09,28.46,1.43,1.93,0.0
20210323:1411,286.76,330.51,24.12,1.54,1.93,0.0
20210323:1511,190.79,224.59,18.31,1.25,1.86,0.0
20210323:1611,409.02,463.42,11.49,0.6,1.59,0.0
20210323:1711,1.78,9.45,4.11,0.05,1.72,0.0
20210323:1811,0.0,0.0,0.0,-1.14,1.66,0.0
20210323:1911,0.0,0.0,0.0,-1.72,1.72,0.0
20210323:2011,0.0,0.0,0.0,-1.72,1.66,0.0
20210323:2111,0.0,0.0,0.0,-2.02,2.14,0.0
20210323:2211,0.0,0.0,0.0,-3.04,2.34,0.0
20210323:2311,0.0,0.0,0.0,-2.94,3.1,0.0
20210324:0011,0.0,0.0,0.0,-2.88,3.66,0.0
20210324:0111,0.0,0.0,0.0,-2.71,3.72,0.0
20210324:0211,0.0,0.0,0.0,-2.16,3.52,0.0
20210324:0311,0.0,0.0,0.0,-2.3,3.03,0.0
20210324:0411,0.0,0.0,0.0,-2.06,2.69,0.0
20210324:0511,0.0,0.0,0.0,-1.4,2.76,0.0
20210324:0611,528.16,588.92,5.59,-0.81,3.03,0.0
20210324:0711,762.23,872.22,12.91,-0.57,3.31,0.0
20210324:0811,861.13,996.86,19.62,-0.6,3.59,0.0
20210324:0911,902.23,1056.57,25.26,-0.44,3.31,0.0
20210324:1011,921.78,1082.51,29.34,-0.36,3.38,0.0
20210324:1111,911.4,1065.99,31.43,-0.36,3.59,0.0
20210324:1211,674.06,768.44,31.25,-0.12,3.59,0.0
20210324:1311,417.74,471.24,28.83,0.0,3.38,0.0
20210324:1411,55.34,77.46,24.47,-0.03,3.45,0.0
20210324:1511,8.73,20.58,18.63,-0.46,2.62,0.0
20210324:1611,734.6,841.4,11.8,-1.24,2.62,0.0
20210324:1711,0.0,2.52,4.41,-2.08,2.41,0.0
20210324:1811,0.0,0.0,0.0,-2.94,2.0,0.0
20210324:1911,0.0,0.0,0.0,-2.97,2.14,0.0
20210324:2011,0.0,0.0,0.0,-3.14,2.34,0.0
20210324:2111,0.0,0.0,0.0,-3.23,2.69,0.0
20210324:2211,0.0,0.0,0.0,-3.03,2.83,0.0
20210324:2311,0.0,0.0,0.0,-2.97,3.1,0.0
20210325:0011,0.0,0.0,0.0,-3.7,3.03,0.0
20210325:0111,0.0,0.0,0.0,-4.19,2.34,0.0
20210325:0211,0.0,0.0,0.0,-3.98,1.66,0.0
20210325:0311,0.0,0.0,0.0,-4.39,1.72,0.0
20210325:0411,0.0,0.0,0.0,-4.81,1.66,0.0
20210325:0511,0.0,0.0,0.0,-4.89,1.59,0.0
20210325:0611,124.88,147.9,5.97,-4.93,1.45,0.0
20210325:0711,255.98,287.74,13.3,-4.23,1.31,0.0
20210325:0811,801.19,933.1,20.01,-3.09,1.72,0.0
20210325:0911,352.29,395.64,25.66,-1.71,2.97,0.0
20210325:1011,186.28,218.56,29.74,-1.25,4.21,0.0
20210325:1111,119.89,148.26,31.83,-0.66,4.62,0.0
20210325:1211,116.19,144.47,31.63,-0.45,4.0,0.0
20210325:1311,76.37,100.8,29.19,-0.51,4.07,0.0
20210325:1411,16.4,30.98,24.81,-0.58,3.1,0.0
20210325:1511,23.26,39.64,18.95,-0.97,2.41,0.0
20210325:1611,21.23,37.06,12.1,-1.56,2.28,0.0
20210325:1711,2.49,10.71,4.71,-2.18,1.79,0.0
20210325:1811,0.0,0.0,0.0,-2.63,1.31,0.0
20210325:1911,0.0,0.0,0.0,-2.66,1.31,0.0
20210325:2011,0.0,0.0,0.0,-2.56,1.24,0.0
20210325:2111,0.0,0.0,0.0,-2.75,1.24,0.0
20210325:2211,0.0,0.0,0.0,-3.24,1.38,0.0
20210325:2311,0.0,0.0,0.0,-3.28,1.31,0.0
20210326:0011,0.0,0.0,0.0,-3.25,1.31,0.0
20210326:0111,0.0,0.0,0.0,-3.66,1.52,0.0
20210326:0211,0.0,0.0,0.0,-3.56,1.38,0.0
20210326:0311,0.0,0.0,0.0,-3.27,1.52,0.0
20210326:0411,0.0,0.0,0.0,-2.92,1.72,0.0
20210326:0511,0.0,0.0,0.0,-2.58,2.07,0.0
20210326:0611,0.0,4.5,6.35,-2.15,2.28,0.0
20210326:0711,11.33,24.17,13.68,-1.29,2.97,0.0
20210326:0811,57.41,79.57,20.4,-0.64,4.0,0.0
20210326:0911,47.45,68.34,26.06,-0.38,4.07,0.0
20210326:1011,66.69,90.23,30.15,-0.04,4.0,0.0
20210326:1111,57.35,79.83,32.22,0.24,4.21,0.0
20210326:1211,867.24,1004.18,32.02,0.26,4.21,0.0
20210326:1311,639.53,727.04,29.55,0.1,3.59,0.0
20210326:1411,466.35,525.0,25.15,0.13,3.38,0.0
20210326:1511,389.57,438.84,19.27,0.16,2.76,0.0
20210326:1611,451.84,506.28,12.41,0.08,2.97,0.0
20210326:1711,0.0,3.78,5.01,-0.15,3.31,0.0
20210326:1811,0.0,0.0,0.0,-0.22,3.45,0.0
20210326:1911,0.0,0.0,0.0,-0.18,3.66,0.0
20210326:2011,0.0,0.0,0.0,-0.1,3.93,0.0
20210326:2111,0.0,0.0,0.0,-0.13,3.66,0.0
20210326:2211,0.0,0.0,0.0,-0.28,3.24,0.0
20210326:2311,0.0,0.0,0.0,-0.4,2.41,0.0
20210327:0011,0.0,0.0,0.0,-0.53,1.72,0.0
20210327:0111,0.0,0.0,0.0,-0.81,1.59,0.0
20210327:0211,0.0,0.0,0.0,-1.23,1.66,0.0
20210327:0311,0.0,0.0,0.0,-1.85,1.38,0.0
20210327:0411,0.0,0.0,0.0,-2.28,1.03,0.0
20210327:0511,0.0,0.0,0.0,-2.61,1.03,0.0
20210327:0611,0.96,7.72,6.73,-2.62,0.9,0.0
20210327:0711,113.56,138.56,14.06,-3.31,1.24,0.0
20210327:0811,42.92,62.63,20.79,-2.88,1.45,0.0
20210327:0911,237.04,272.57,26.45,-2.17,1.72,0.0
20210327:1011,371.05,419.43,30.55,-1.73,2.14,0.0
20210327:1111,589.69,670.12,32.62,-1.4,2.55,0.0
20210327:1211,82.72,107.68,32.4,-1.2,2.9,0.0
20210327:1311,548.57,619.49,29.92,-1.19,2.9,0.0
20210327:1411,415.93,466.88,25.49,-1.37,2.76,0.0
20210327:1511,755.46,870.0,19.59,-1.79,2.41,0.0
20210327:1611,640.98,727.2,12.72,-2.51,1.93,0.0
20210327:1711,2.87,11.35,5.31,-3.23,1.66,0.0
20210327:1811,0.0,0.0,0.0,-4.14,1.45,0.0
20210327:1911,0.0,0.0,0.0,-4.18,1.17,0.0
20210327:2011,0.0,0.0,0.0,-4.67,1.24,0.0
20210327:2111,0.0,0.0,0.0,-5.76,1.38,0.0
20210327:2211,0.0,0.0,0.0,-6.24,1.45,0.0
20210327:2311,0.0,0.0,0.0,-6.0,1.38,0.0
20210328:0011,0.0,0.0,0.0,-6.02,1.24,0.0
20210328:0111,0.0,0.0,0.0,-5.71,1.1,0.0
20210328:0211,0.0,0.0,0.0,-5.41,0.9,0.0
20210328:0311,0.0,0.0,0.0,-5.39,0.83,0.0
20210328:0411,0.0,0.0,0.0,-5.25,0.69,0.0
20210328:0511,0.0,0.0,0.0,-5.61,0.83,0.0
20210328:0611,1.0,7.73,7.11,-6.14,1.17,0.0
20210328:0711,187.3,214.2,14.45,-5.44,1.45,0.0
20210328:0811,46.6,66.54,21.18,-3.95,1.93,0.0
20210328:0911,47.92,68.4,26.85,-2.32,3.1,0.0
20210328:1011,74.15,98.01,30.95,-1.66,2.9,0.0
20210328:1111,162.51,194.27,33.01,-1.15,2.97,0.0
20210328:1211,174.22,206.67,32.78,-0.81,3.79,0.0
20210328:1311,23.59,40.14,30.28,-0.36,3.31,0.0
20210328:1411,17.6,32.61,25.83,0.0,2.9,0.0
20210328:1511,26.83,44.21,19.91,0.18,2.28,0.0
20210328:1611,220.22,253.98,13.02,0.03,1.66,0.0
20210328:1711,1.79,9.46,5.61,-0.08,1.52,0.0
20210328:1811,0.0,0.0,0.0,-0.76,2.28,0.0
20210328:1911,0.0,0.0,0.0,-0.99,2.55,0.0
20210328:2011,0.0,0.0,0.0,-1.98,2.41,0.0
20210328:2111,0.0,0.0,0.0,-2.54,2.28,0.0
20210328:2211,0.0,0.0,0.0,-2.96,2.14,0.0
20210328:2311,0.0,0.0,0.0,-3.45,1.86,0.0
20210329:0011,0.0,0.0,0.0,-3.47,1.17,0.0
20210329:0111,0.0,0.0,0.0,-3.56,1.17,0.0
20210329:0211,0.0,0.0,0.0,-2.97,1.38,0.0
20210329:0311,0.0,0.0,0.0,-2.36,1.38,0.0
20210329:0411,0.0,0.0,0.0,-1.82,1.24,0.0
20210329:0511,0.0,0.0,0.0,-1.3,1.38,0.0
20210329:0611,0.12,5.81,7.48,-0.49,1.52,0.0
20210329:0711,4.5,14.26,14.83,1.43,2.34,0.0
20210329:0811,35.44,54.98,21.57,2.27,2.76,0.0
20210329:0911,53.74,76.68,27.24,3.42,3.38,0.0
20210329:1011,394.77,452.6,31.34,3.53,3.72,0.0
20210329:1111,775.9,910.02,33.41,4.16,3.93,0.0
20210329:1211,906.69,1076.5,33.16,4.17,4.21,0.0
20210329:1311,900.95,1063.88,30.64,4.24,4.62,0.0
20210329:1411,881.01,1034.16,26.17,4.1,4.83,0.0
20210329:1511,834.13,968.22,20.23,3.74,5.1,0.0
20210329:1611,149.46,179.31,13.32,2.78,4.97,0.0
20210329:1711,1.14,8.2,5.91,1.78,5.17,0.0
20210329:1811,0.0,0.0,0.0,1.01,4.69,0.0
20210329:1911,0.0,0.0,0.0,1.35,4.0,0.0
20210329:2011,0.0,0.0,0.0,0.98,3.79,0.0
20210329:2111,0.0,0.0,0.0,0.58,3.45,0.0
20210329:2211,0.0,0.0,0.0,0.7,3.17,0.0
20210329:2311,0.0,0.0,0.0,0.95,3.17,0.0
20210330:0011,0.0,0.0,0.0,1.74,3.45,0.0
20210330:0111,0.0,0.0,0.0,2.99,4.0,0.0
20210330:0211,0.0,0.0,0.0,3.81,4.83,0.0
20210330:0311,0.0,0.0,0.0,4.14,5.17,0.0
20210330:0411,0.0,0.0,0.0,4.09,5.17,0.0
20210330:0511,0.0,0.0,0.0,3.94,5.17,0.0
20210330:0611,394.3,443.62,7.86,3.8,5.17,0.0
20210330:0711,752.62,870.16,15.21,4.2,4.62,0.0
20210330:0811,836.29,981.41,21.96,4.34,4.34,0.0
20210330:0911,883.0,1036.17,27.64,4.38,5.03,0.0
20210330:1011,505.81,578.78,31.74,4.54,4.83,0.0
20210330:1111,283.99,331.06,33.8,4.53,4.34,0.0
20210330:1211,374.12,430.89,33.54,4.56,4.34,0.0
20210330:1311,531.21,610.73,31.0,4.47,4.0,0.0
20210330:1411,267.74,311.71,26.5,4.1,3.38,0.0
20210330:1511,68.38,93.46,20.54,3.98,3.79,0.0
20210330:1611,200.39,235.3,13.63,3.61,3.03,0.0
20210330:1711,488.45,551.56,6.21,3.42,3.86,0.0
20210330:1811,0.0,0.0,0.0,3.16,3.79,0.0
20210330:1911,0.0,0.0,0.0,3.37,4.0,0.0
20210330:2011,0.0,0.0,0.0,3.27,3.93,0.0
20210330:2111,0.0,0.0,0.0,3.03,3.59,0.0
20210330:2211,0.0,0.0,0.0,2.86,3.45,0.0
20210330:2311,0.0,0.0,0.0,2.58,3.31,0.0
20210331:0011,0.0,0.0,0.0,2.5,3.38,0.0
20210331:0111,0.0,0.0,0.0,2.41,3.45,0.0
20210331:0211,0.0,0.0,0.0,2.17,3.03,0.0
20210331:0311,0.0,0.0,0.0,1.88,2.62,0.0
20210331:0411,0.0,0.0,0.0,1.46,2.0,0.0
20210331:0511,0.0,0.0,0.0,1.24,1.66,0.0
20210331:0611,4.08,13.59,8.24,1.24,1.1,0.0
20210331:0711,7.27,18.58,15.59,1.44,1.31,0.0
20210331:0811,206.44,243.08,22.34,1.66,1.38,0.0
20210331:0911,174.39,210.0,28.03,2.6,1.86,0.0
20210331:1011,462.27,534.91,32.14,3.12,2.0,0.0
20210331:1111,556.15,649.75,34.2,3.5,1.93,0.0
20210331:1211,891.72,1087.87,33.92,3.59,2.14,0.0
20210331:1311,805.78,967.29,31.36,3.36,2.14,0.0
20210331:1411,390.79,449.36,26.84,2.75,2.07,0.0
20210331:1511,553.87,638.3,20.86,2.46,2.14,0.0
20210331:1611,147.36,177.44,13.93,1.98,2.21,0.0
20210331:1711,0.06,5.68,6.5,1.18,1.93,0.0
20210331:1811,0.0,0.0,0.0,-0.57,1.79,0.0
20210331:1911,0.0,0.0,0.0,-1.22,1.59,0.0
20210331:2011,0.0,0.0,0.0,-2.09,1.45,0.0
20210331:2111,0.0,0.0,0.0,-2.74,1.45,0.0
20210331:2211,0.0,0.0,0.0,-3.14,1.38,0.0
20210331:2311,0.0,0.0,0.0,-2.91,1.24,0.0
20210401:0011,0.0,0.0,0.0,-2.95,1.17,0.0
20210401:0111,0.0,0.0,0.0,-3.17,1.24,0.0
20210401:0211,0.0,0.0,0.0,-3.87,1.38,0.0
20210401:0311,0.0,0.0,0.0,-3.95,1.31,0.0
20210401:0411,0.0,0.0,0.0,-3.98,1.24,0.0
20210401:0511,0.0,0.0,0.0,-4.53,1.31,0.0
20210401:0611,8.99,20.73,8.61,-4.14,1.17,0.0
20210401:0711,38.91,57.95,15.96,-3.37,1.03,0.0
20210401:0811,406.13,459.85,22.72,-1.64,1.17,0.0
20210401:0911,554.54,636.16,28.42,-0.5,1.59,0.0
20210401:1011,908.35,1091.88,32.53,0.7,2.28,0.0
20210401:1111,872.88,1038.19,34.59,1.34,2.76,0.0
20210401:1211,922.89,1101.18,34.3,1.73,3.17,0.0
20210401:1311,837.98,984.9,31.71,1.79,3.38,0.0
20210401:1411,802.87,937.8,27.17,1.7,3.38,0.0
20210401:1511,839.77,984.31,21.17,1.51,3.31,0.0
20210401:1611,429.32,483.85,14.23,1.05,2.9,0.0
20210401:1711,6.69,17.66,6.8,0.15,2.34,0.0
20210401:1811,0.0,0.0,0.0,-1.74,2.07,0.0
20210401:1911,0.0,0.0,0.0,-3.27,2.14,0.0
20210401:2011,0.0,0.0,0.0,-4.11,2.14,0.0
20210401:2111,0.0,0.0,0.0,-4.69,2.07,0.0
20210401:2211,0.0,0.0,0.0,-5.07,1.93,0.0
20210401:2311,0.0,0.0,0.0,-5.51,1.79,0.0
20210402:0011,0.0,0.0,0.0,-5.55,1.59,0.0
20210402:0111,0.0,0.0,0.0,-5.9,1.52,0.0
20210402:0211,0.0,0.0,0.0,-6.02,1.45,0.0
20210402:0311,0.0,0.0,0.0,-5.89,1.45,0.0
20210402:0411,0.0,0.0,0.0,-5.33,1.31,0.0
20210402:0511,0.0,0.0,0.0,-4.96,1.52,0.0
20210402:0611,21.69,36.98,8.98,-4.65,1.52,0.0
20210402:0711,72.15,94.77,16.34,-2.85,2.9,0.0
20210402:0811,511.63,570.36,23.11,-1.45,3.79,0.0
20210402:0911,410.18,460.04,28.81,-0.67,3.86,0.0
20210402:1011,877.6,1019.24,32.93,-0.03,4.0,0.0
20210402:1111,687.65,783.99,34.98,0.34,4.14,0.0
20210402:1211,913.36,1065.71,34.67,0.58,4.28,0.0
20210402:1311,746.07,856.58,32.07,0.75,4.07,0.0
20210402:1411,770.7,887.79,27.5,0.78,3.86,0.0
20210402:1511,845.86,985.09,21.49,0.62,3.52,0.0
20210402:1611,39.13,58.77,14.53,0.28,3.17,0.0
20210402:1711,0.0,5.05,7.09,-0.56,2.69,0.0
20210402:1811,0.0,0.0,0.0,-2.07,2.14,0.0
20210402:1911,0.0,0.0,0.0,-3.27,1.86,0.0
20210402:2011,0.0,0.0,0.0,-4.04,1.66,0.0
20210402:2111,0.0,0.0,0.0,-3.87,1.45,0.0
20210402:2211,0.0,0.0,0.0,-4.51,1.52,0.0
20210402:2311,0.0,0.0,0.0,-5.01,1.45,0.0
20210403:0011,0.0,0.0,0.0,-5.59,1.52,0.0
20210403:0111,0.0,0.0,0.0,-5.42,1.45,0.0
20210403:0211,0.0,0.0,0.0,-5.65,1.38,0.0
20210403:0311,0.0,0.0,0.0,-6.17,1.52,0.0
20210403:0411,0.0,0.0,0.0,-6.37,1.59,0.0
20210403:0511,0.0,0.87,1.82,-6.52,1.66,0.0
20210403:0611,572.4,634.92,9.35,-6.05,1.59,0.0
20210403:0711,654.82,739.85,16.72,-5.12,1.52,0.0
20210403:0811,697.54,803.23,23.49,-2.2,1.79,0.0
20210403:0911,456.39,519.01,29.2,-0.41,1.86,0.0
20210403:1011,735.19,867.63,33.32,0.86,1.79,0.0
20210403:1111,752.4,890.35,35.36,1.63,2.07,0.0
20210403:1211,811.85,967.66,35.05,2.82,2.55,0.0
20210403:1311,898.98,1078.51,32.42,2.9,2.97,0.0
20210403:1411,773.77,907.76,27.83,2.78,3.17,0.0
20210403:1511,711.42,825.16,21.8,2.44,3.17,0.0
20210403:1611,313.65,356.48,14.83,1.87,2.97,0.0
20210403:1711,492.23,555.94,7.38,0.84,2.28,0.0
20210403:1811,0.0,0.0,0.0,-0.96,2.21,0.0
20210403:1911,0.0,0.0,0.0,-2.36,2.28,0.0
20210403:2011,0.0,0.0,0.0,-3.23,2.28,0.0
20210403:2111,0.0,0.0,0.0,-3.8,2.34,0.0
20210403:2211,0.0,0.0,0.0,-3.93,2.34,0.0
20210403:2311,0.0,0.0,0.0,-4.32,2.41,0.0
20210404:0011,0.0,0.0,0.0,-4.46,2.48,0.0
20210404:0111,0.0,0.0,0.0,-4.46,2.48,0.0
20210404:0211,0.0,0.0,0.0,-4.89,2.41,0.0
20210404:0311,0.0,0.0,0.0,-4.73,2.41,0.0
20210404:0411,0.0,0.0,0.0,-4.24,2.34,0.0
20210404:0511,0.0,1.75,2.19,-3.83,2.21,0.0
20210404:0611,296.97,330.25,9.72,-3.58,2.14,0.0
20210404:0711,418.58,466.54,17.09,-1.45,3.03,0.0
20210404:0811,13.54,27.22,23.87,-0.42,4.62,0.0
20210404:0911,854.41,978.17,29.58,0.15,5.17,0.0
20210404:1011,944.34,1088.83,33.71,0.48,5.72,0.0
20210404:1111,544.7,609.95,35.75,1.17,6.9,0.0
20210404:1211,778.91,883.89,35.42,1.13,6.34,0.0
20210404:1311,636.32,715.59,32.77,0.95,6.0,0.0
20210404:1411,663.98,748.82,28.16,0.51,5.1,0.0
20210404:1511,299.21,338.15,22.1,0.12,4.28,0.0
20210404:1611,315.27,353.72,15.12,-0.31,3.79,0.0
20210404:1711,1.48,8.84,7.67,-0.53,4.0,0.0
20210404:1811,0.0,0.0,0.0,-1.29,5.93,0.0
20210404:1911,0.0,0.0,0.0,-2.66,5.45,0.0
20210404:2011,0.0,0.0,0.0,-4.1,5.03,0.0
20210404:2111,0.0,0.0,0.0,-5.42,5.86,0.0
20210404:2211,0.0,0.0,0.0,-6.61,5.1,0.0
20210404:2311,0.0,0.0,0.0,-7.72,5.17,0.0
20210405:0011,0.0,0.0,0.0,-8.71,4.62,0.0
20210405:0111,0.0,0.0,0.0,-9.48,4.0,0.0
20210405:0211,0.0,0.0,0.0,-10.23,3.93,0.0
20210405:0311,0.0,0.0,0.0,-10.68,4.07,0.0
20210405:0411,0.0,0.0,0.0,-10.89,4.21,0.0
20210405:0511,0.0,0.88,2.56,-10.58,4.55,0.0
20210405:0611,2.85,11.07,10.09,-9.79,4.14,0.0
20210405:0711,9.81,21.55,17.46,-7.9,5.24,0.0
20210405:0811,313.26,342.49,24.24,-6.83,5.24,0.0
20210405:0911,125.19,150.5,29.97,-5.95,4.9,0.0
20210405:1011,705.23,776.91,34.1,-5.19,5.38,0.0
20210405:1111,451.18,495.05,36.13,-4.47,5.93,0.0
20210405:1211,465.72,512.16,35.79,-3.85,5.86,0.0
20210405:1311,539.57,592.97,33.12,-3.62,5.79,0.0
20210405:1411,792.4,882.03,28.49,-3.65,5.66,0.0
20210405:1511,245.07,275.23,22.41,-3.75,5.38,0.0
20210405:1611,196.06,222.76,15.42,-4.2,4.97,0.0
20210405:1711,448.32,486.33,7.96,-4.87,4.41,0.0
20210405:1811,0.0,0.0,0.0,-5.79,4.28,0.0
20210405:1911,0.0,0.0,0.0,-6.34,3.93,0.0
20210405:2011,0.0,0.0,0.0,-6.88,3.79,0.0
20210405:2111,0.0,0.0,0.0,-7.23,3.72,0.0
20210405:2211,0.0,0.0,0.0,-7.59,3.66,0.0
20210405:2311,0.0,0.0,0.0,-7.81,3.72,0.0
20210406:0011,0.0,0.0,0.0,-7.9,3.93,0.0
20210406:0111,0.0,0.0,0.0,-7.93,4.28,0.0
20210406:0211,0.0,0.0,0.0,-7.91,4.55,0.0
20210406:0311,0.0,0.0,0.0,-7.87,4.62,0.0
20210406:0411,0.0,0.0,0.0,-8.0,4.41,0.0
20210406:0511,0.3,6.14,2.93,-8.23,4.0,0.0
20210406:0611,699.07,763.97,10.46,-8.13,3.38,0.0
20210406:0711,852.39,949.59,17.83,-6.71,4.14,0.0
20210406:0811,923.88,1045.22,24.62,-5.7,4.14,0.0
20210406:0911,914.78,1030.51,30.35,-4.82,4.97,0.0
20210406:1011,464.4,510.83,34.48,-4.18,5.17,0.0
20210406:1111,543.18,599.13,36.52,-3.97,5.03,0.0
20210406:1211,777.38,869.06,36.16,-3.91,5.03,0.0
20210406:1311,517.76,569.45,33.47,-3.8,5.38,0.0
20210406:1411,403.25,443.68,28.81,-3.61,5.52,0.0
20210406:1511,721.27,801.28,22.72,-3.72,4.76,0.0
20210406:1611,234.39,263.17,15.71,-4.12,3.86,0.0
20210406:1711,175.85,200.72,8.25,-4.6,3.38,0.0
20210406:1811,0.0,0.0,0.0,-5.26,2.9,0.0
20210406:1911,0.0,0.0,0.0,-6.19,2.9,0.0
20210406:2011,0.0,0.0,0.0,-7.08,2.69,0.0
20210406:2111,0.0,0.0,0.0,-7.74,2.62,0.0
20210406:2211,0.0,0.0,0.0,-8.31,2.41,0.0
20210406:2311,0.0,0.0,0.0,-8.83,2.34,0.0
20210407:0011,0.0,0.0,0.0,-9.12,2.34,0.0
20210407:0111,0.0,0.0,0.0,-9.16,2.21,0.0
20210407:0211,0.0,0.0,0.0,-8.87,2.0,0.0
20210407:0311,0.0,0.0,0.0,-8.79,1.79,0.0
20210407:0411,0.0,0.0,0.0,-8.45,1.72,0.0
20210407:0511,0.0,1.32,3.29,-7.79,1.59,0.0
20210407:0611,4.8,14.36,10.82,-7.21,1.52,0.0
20210407:0711,25.67,41.74,18.19,-6.71,1.45,0.0
20210407:0811,52.35,72.48,24.99,-5.98,1.59,0.0
20210407:0911,107.04,132.47,30.73,-4.71,2.21,0.0
20210407:1011,611.66,686.76,34.87,-3.86,2.83,0.0
20210407:1111,660.43,746.91,36.9,-3.14,2.97,0.0
20210407:1211,489.39,549.07,36.53,-2.61,2.97,0.0
20210407:1311,185.21,217.26,33.81,-2.36,3.1,0.0
20210407:1411,807.44,925.32,29.14,-2.43,3.31,0.0
20210407:1511,831.3,948.42,23.02,-2.75,3.66,0.0
20210407:1611,774.75,878.58,16.0,-2.93,3.31,0.0
20210407:1711,555.65,613.83,8.54,-3.75,2.97,0.0
20210407:1811,0.0,0.0,0.0,-5.29,2.55,0.0
20210407:1911,0.0,0.0,0.0,-6.65,2.21,0.0
20210407:2011,0.0,0.0,0.0,-7.52,2.0,0.0
20210407:2111,0.0,0.0,0.0,-8.47,1.93,0.0
20210407:2211,0.0,0.0,0.0,-8.84,1.86,0.0
20210407:2311,0.0,0.0,0.0,-8.94,1.72,0.0
20210408:0011,0.0,0.0,0.0,-9.3,1.66,0.0
20210408:0111,0.0,0.0,0.0,-10.44,1.72,0.0
20210408:0211,0.0,0.0,0.0,-10.91,1.66,0.0
20210408:0311,0.0,0.0,0.0,-10.75,1.93,0.0
20210408:0411,0.0,0.0,0.0,-10.05,2.0,0.0
20210408:0511,0.0,3.08,3.65,-9.58,1.93,0.0
20210408:0611,2.48,10.45,11.18,-9.16,1.45,0.0
20210408:0711,399.89,437.03,18.56,-8.32,1.45,0.0
20210408:0811,282.14,313.7,25.36,-6.98,1.86,0.0
20210408:0911,110.68,135.84,31.11,-5.52,2.62,0.0
20210408:1011,164.12,193.24,35.25,-4.16,3.72,0.0
20210408:1111,136.24,164.16,37.28,-3.38,4.34,0.0
20210408:1211,152.12,181.29,36.89,-2.88,4.83,0.0
20210408:1311,156.18,185.58,34.16,-2.51,5.31,0.0
20210408:1411,138.37,166.49,29.46,-2.37,5.24,0.0
20210408:1511,70.69,93.77,23.33,-2.24,5.1,0.0
20210408:1611,55.67,76.86,16.29,-2.25,4.69,0.0
20210408:1711,12.62,25.89,8.82,-2.21,4.14,0.0
20210408:1811,0.0,0.0,0.0,-2.4,2.55,0.0
20210408:1911,0.0,0.0,0.0,-2.4,3.24,0.0
20210408:2011,0.0,0.0,0.0,-2.04,3.03,0.0
20210408:2111,0.0,0.0,0.0,-1.83,2.83,0.0
20210408:2211,0.0,0.0,0.0,-2.37,3.93,0.0
20210408:2311,0.0,0.0,0.0,-3.05,3.72,0.0
20210409:0011,0.0,0.0,0.0,-3.83,4.0,0.0
20210409:0111,0.0,0.0,0.0,-4.47,4.14,0.0
20210409:0211,0.0,0.0,0.0,-4.39,4.21,0.0
20210409:0311,0.0,0.0,0.0,-3.96,4.69,0.0
20210409:0411,0.0,0.0,0.0,-4.13,5.24,0.0
20210409:0511,0.0,1.76,4.01,-4.18,5.24,0.0
20210409:0611,711.11,782.8,11.54,-4.32,4.97,0.0
20210409:0711,853.57,957.27,18.92,-3.17,5.38,0.0
20210409:0811,926.72,1049.5,25.73,-2.98,5.45,0.0
20210409:0911,962.71,1098.59,31.48,-2.97,5.17,0.0
20210409:1011,981.78,1122.38,35.63,-2.88,5.31,0.0
20210409:1111,900.62,1024.0,37.65,-2.97,4.97,0.0
20210409:1211,919.79,1048.4,37.26,-3.1,4.83,0.0
20210409:1311,437.61,484.45,34.5,-3.41,4.55,0.0
20210409:1411,157.98,186.31,29.78,-3.77,4.55,0.0
20210409:1511,816.5,915.61,23.63,-4.31,4.41,0.0
20210409:1611,813.8,909.74,16.58,-5.02,4.14,0.0
20210409:1711,402.02,435.56,9.11,-5.86,4.0,0.0
20210409:1811,0.0,0.0,0.0,-6.7,3.31,0.0
20210409:1911,0.0,0.0,0.0,-7.87,2.69,0.0
20210409:2011,0.0,0.0,0.0,-8.82,2.55,0.0
20210409:2111,0.0,0.0,0.0,-9.42,2.62,0.0
20210409:2211,0.0,0.0,0.0,-9.76,2.76,0.0
20210409:2311,0.0,0.0,0.0,-9.76,2.9,0.0
20210410:0011,0.0,0.0,0.0,-9.67,3.1,0.0
20210410:0111,0.0,0.0,0.0,-9.71,2.97,0.0
20210410:0211,0.0,0.0,0.0,-9.7,2.9,0.0
20210410:0311,0.0,0.0,0.0,-9.9,2.69,0.0
20210410:0411,0.0,0.0,0.0,-10.27,2.48,0.0
20210410:0511,432.95,461.03,4.37,-10.62,2.28,0.0
20210410:0611,2.15,9.82,11.89,-10.54,2.21,0.0
20210410:0711,857.54,970.52,19.28,-9.44,2.0,0.0
20210410:0811,920.84,1059.17,26.1,-8.4,2.07,0.0
20210410:0911,956.9,1108.05,31.86,-7.0,2.48,0.0
20210410:1011,899.32,1031.18,36.01,-5.86,2.97,0.0
20210410:1111,983.42,1138.99,38.03,-5.25,3.31,0.0
20210410:1211,654.81,731.41,37.62,-4.75,3.45,0.0
20210410:1311,970.45,1125.17,34.84,-4.44,3.38,0.0
20210410:1411,647.17,724.36,30.09,-4.58,2.9,0.0
20210410:1511,404.5,445.88,23.93,-5.06,2.83,0.0
20210410:1611,811.77,921.62,16.87,-5.85,2.48,0.0
20210410:1711,643.33,713.83,9.39,-6.7,2.0,0.0
20210410:1811,0.0,0.42,1.9,-7.66,1.66,0.0
20210410:1911,0.0,0.0,0.0,-7.35,1.38,0.0
20210410:2011,0.0,0.0,0.0,-8.02,1.38,0.0
20210410:2111,0.0,0.0,0.0,-9.04,1.45,0.0
20210410:2211,0.0,0.0,0.0,-10.32,1.59,0.0
20210410:2311,0.0,0.0,0.0,-11.32,1.72,0.0
20210411:0011,0.0,0.0,0.0,-11.45,1.86,0.0
20210411:0111,0.0,0.0,0.0,-11.82,2.0,0.0
20210411:0211,0.0,0.0,0.0,-12.51,2.07,0.0
20210411:0311,0.0,0.0,0.0,-13.42,2.14,0.0
20210411:0411,0.0,0.0,0.0,-14.12,2.14,0.0
20210411:0511,343.31,360.51,4.72,-14.58,2.21,0.0
20210411:0611,752.35,814.33,12.25,-14.52,2.07,0.0
20210411:0711,817.43,904.79,19.64,-13.42,1.72,0.0
20210411:0811,791.58,885.79,26.46,-11.64,1.52,0.0
20210411:0911,578.96,638.96,32.23,-9.64,1.45,0.0
20210411:1011,813.56,935.53,36.38,-7.85,1.45,0.0
20210411:1111,708.37,807.75,38.4,-6.34,1.52,0.0
20210411:1211,640.25,727.62,37.98,-5.28,1.52,0.0
20210411:1311,433.49,486.81,35.18,-4.65,1.38,0.0
20210411:1411,388.97,436.11,30.41,-4.13,1.52,0.0
20210411:1511,118.32,144.46,24.22,-4.32,1.38,0.0
20210411:1611,231.54,261.95,17.15,-4.87,1.24,0.0
20210411:1711,23.79,39.51,9.67,-5.33,1.38,0.0
20210411:1811,0.0,0.42,2.19,-5.8,1.45,0.0
20210411:1911,0.0,0.0,0.0,-6.27,1.45,0.0
20210411:2011,0.0,0.0,0.0,-6.83,1.72,0.0
20210411:2111,0.0,0.0,0.0,-7.08,1.93,0.0
20210411:2211,0.0,0.0,0.0,-7.14,2.14,0.0
20210411:2311,0.0,0.0,0.0,-6.82,2.21,0.0
20210412:0011,0.0,0.0,0.0,-6.34,2.34,0.0
20210412:0111,0.0,0.0,0.0,-6.06,2.48,0.0
20210412:0211,0.0,0.0,0.0,-6.04,2.41,0.0
20210412:0311,0.0,0.0,0.0,-6.01,2.41,0.0
20210412:0411,0.0,0.0,0.0,-5.79,2.55,0.0
20210412:0511,0.41,6.45,5.07,-5.79,2.69,0.0
20210412:0611,33.46,50.96,12.6,-5.62,2.76,0.0
20210412:0711,40.51,59.29,19.99,-5.19,2.9,0.0
20210412:0811,75.01,97.75,26.82,-4.58,3.24,0.0
20210412:0911,111.78,137.72,32.59,-3.99,3.31,0.0
20210412:1011,476.1,529.99,36.75,-3.62,3.38,0.0
20210412:1111,383.42,428.42,38.77,-3.16,3.86,0.0
20210412:1211,668.58,752.0,38.33,-2.92,3.79,0.0
20210412:1311,207.2,240.01,35.51,-2.86,3.59,0.0
20210412:1411,280.11,316.3,30.72,-2.85,3.52,0.0
20210412:1511,46.92,67.09,24.52,-3.02,3.03,0.0
20210412:1611,24.9,41.32,17.44,-3.34,2.69,0.0
20210412:1711,2.19,10.11,9.95,-3.85,2.76,0.0
20210412:1811,0.0,0.84,2.47,-4.34,2.62,0.0
20210412:1911,0.0,0.0,0.0,-4.93,2.83,0.0
20210412:2011,0.0,0.0,0.0,-5.26,2.76,0.0
20210412:2111,0.0,0.0,0.0,-5.51,2.62,0.0
20210412:2211,0.0,0.0,0.0,-5.98,2.41,0.0
20210412:2311,0.0,0.0,0.0,-6.71,2.34,0.0
20210413:0011,0.0,0.0,0.0,-7.15,2.21,0.0
20210413:0111,0.0,0.0,0.0,-7.45,2.14,0.0
20210413:0211,0.0,0.0,0.0,-7.9,2.14,0.0
20210413:0311,0.0,0.0,0.0,-8.38,2.07,0.0
20210413:0411,0.0,0.0,0.0,-8.82,1.93,0.0
20210413:0511,0.0,2.93,5.42,-9.19,1.86,0.0
20210413:0611,33.37,50.16,12.95,-9.42,1.86,0.0
20210413:0711,87.67,109.44,20.34,-8.73,1.86,0.0
20210413:0811,402.49,442.32,27.18,-7.37,1.93,0.0
20210413:0911,462.18,511.82,32.96,-6.22,2.07,0.0
20210413:1011,701.72,794.67,37.12,-5.29,2.28,0.0
20210413:1111,486.12,542.48,39.14,-4.65,2.55,0.0
20210413:1211,603.91,678.42,38.69,-4.22,2.69,0.0
20210413:1311,823.86,946.31,35.85,-3.96,2.83,0.0
20210413:1411,565.52,631.61,31.03,-3.87,2.83,0.0
20210413:1511,281.19,315.28,24.81,-4.08,2.76,0.0
20210413:1611,247.78,278.08,17.72,-4.63,2.48,0.0
20210413:1711,276.84,306.32,10.23,-5.33,2.41,0.0
20210413:1811,0.0,2.94,2.76,-6.32,2.21,0.0
20210413:1911,0.0,0.0,0.0,-6.77,1.93,0.0
20210413:2011,0.0,0.0,0.0,-7.87,1.93,0.0
20210413:2111,0.0,0.0,0.0,-8.6,1.86,0.0
20210413:2211,0.0,0.0,0.0,-9.37,1.86,0.0
20210413:2311,0.0,0.0,0.0,-10.19,1.93,0.0
20210414:0011,0.0,0.0,0.0,-10.91,2.0,0.0
20210414:0111,0.0,0.0,0.0,-11.57,2.07,0.0
20210414:0211,0.0,0.0,0.0,-12.09,2.14,0.0
20210414:0311,0.0,0.0,0.0,-12.45,2.21,0.0
20210414:0411,0.0,0.0,0.0,-13.01,2.34,0.0
20210414:0511,499.11,527.14,5.77,-13.48,2.28,0.0
20210414:0611,752.9,819.53,13.29,-13.08,2.21,0.0
20210414:0711,866.5,973.49,20.69,-11.14,2.0,0.0
20210414:0811,921.2,1058.47,27.53,-9.64,1.79,0.0
20210414:0911,945.13,1104.26,33.32,-7.81,1.72,0.0
20210414:1011,401.47,447.8,37.49,-5.91,1.66,0.0
20210414:1111,710.37,813.53,39.5,-4.72,1.79,0.0
20210414:1211,781.34,906.31,39.04,-3.9,1.86,0.0
20210414:1311,610.11,692.7,36.18,-3.35,2.0,0.0
20210414:1411,899.25,1062.07,31.34,-2.94,2.07,0.0
20210414:1511,869.03,1018.86,25.1,-3.13,2.07,0.0
20210414:1611,800.14,926.31,18.0,-3.49,1.93,0.0
20210414:1711,649.03,731.92,10.51,-4.17,1.79,0.0
20210414:1811,0.0,1.68,3.04,-5.37,1.79,0.0
20210414:1911,0.0,0.0,0.0,-6.28,1.66,0.0
20210414:2011,0.0,0.0,0.0,-6.81,1.66,0.0
20210414:2111,0.0,0.0,0.0,-7.79,1.72,0.0
20210414:2211,0.0,0.0,0.0,-9.03,1.79,0.0
20210414:2311,0.0,0.0,0.0,-9.93,1.86,0.0
20210415:0011,0.0,0.0,0.0,-10.48,1.86,0.0
20210415:0111,0.0,0.0,0.0,-10.84,1.86,0.0
20210415:0211,0.0,0.0,0.0,-11.23,1.93,0.0
20210415:0311,0.0,0.0,0.0,-11.42,1.86,0.0
20210415:0411,0.0,0.0,0.0,-11.58,1.86,0.0
20210415:0511,399.93,424.75,6.11,-12.4,1.93,0.0
20210415:0611,754.23,829.86,13.63,-11.97,1.86,0.0
20210415:0711,867.14,981.76,21.03,-11.73,1.45,0.0
20210415:0811,915.96,1065.0,27.88,-9.0,1.38,0.0
20210415:0911,932.72,1109.75,33.68,-6.57,1.17,0.0
20210415:1011,827.65,979.53,37.85,-4.3,1.1,0.0
20210415:1111,822.93,982.4,39.86,-2.94,1.03,0.0
20210415:1211,897.49,1089.52,39.39,-2.17,1.1,0.0
20210415:1311,927.62,1124.43,36.51,-1.86,1.45,0.0
20210415:1411,911.9,1095.47,31.65,-1.91,1.66,0.0
20210415:1511,656.17,753.98,25.39,-2.47,1.52,0.0
20210415:1611,798.75,933.67,18.28,-3.33,1.45,0.0
20210415:1711,659.85,745.65,10.79,-4.86,1.52,0.0
20210415:1811,0.72,7.14,3.32,-6.63,1.66,0.0
20210415:1911,0.0,0.0,0.0,-6.03,1.72,0.0
20210415:2011,0.0,0.0,0.0,-7.24,1.72,0.0
20210415:2111,0.0,0.0,0.0,-8.4,1.72,0.0
20210415:2211,0.0,0.0,0.0,-9.69,1.86,0.0
20210415:2311,0.0,0.0,0.0,-10.48,1.93,0.0
20210416:0011,0.0,0.0,0.0,-10.91,2.0,0.0
20210416:0111,0.0,0.0,0.0,-11.25,2.07,0.0
20210416:0211,0.0,0.0,0.0,-11.52,2.14,0.0
20210416:0311,0.0,0.0,0.0,-11.67,2.14,0.0
20210416:0411,0.0,0.0,0.0,-11.87,2.21,0.0
20210416:0511,262.86,282.95,6.45,-11.98,2.14,0.0
20210416:0611,259.41,281.91,13.97,-11.33,2.0,0.0
20210416:0711,851.85,969.91,21.37,-9.15,1.72,0.0
20210416:0811,921.98,1073.81,28.23,-7.77,1.66,0.0
20210416:0911,934.6,1117.48,34.04,-4.82,1.38,0.0
20210416:1011,830.14,986.01,38.22,-2.9,1.31,0.0
20210416:1111,873.75,1050.61,40.22,-1.87,1.38,0.0
20210416:1211,734.83,865.1,39.73,-1.15,1.45,0.0
20210416:1311,766.12,907.86,36.83,-0.69,1.45,0.0
20210416:1411,864.43,1044.16,31.96,-0.43,1.38,0.0
20210416:1511,865.64,1046.38,25.68,-0.45,1.31,0.0
20210416:1611,797.91,943.1,18.56,-1.28,1.45,0.0
20210416:1711,662.49,758.78,11.06,-2.32,1.52,0.0
20210416:1811,0.0,2.52,3.6,-4.17,1.72,0.0
20210416:1911,0.0,0.0,0.0,-5.38,1.79,0.0
20210416:2011,0.0,0.0,0.0,-6.74,1.86,0.0
20210416:2111,0.0,0.0,0.0,-7.92,2.0,0.0
20210416:2211,0.0,0.0,0.0,-8.65,2.07,0.0
20210416:2311,0.0,0.0,0.0,-9.1,2.07,0.0
20210417:0011,0.0,0.0,0.0,-9.44,2.14,0.0
20210417:0111,0.0,0.0,0.0,-9.41,2.14,0.0
20210417:0211,0.0,0.0,0.0,-9.1,2.14,0.0
20210417:0311,0.0,0.0,0.0,-8.81,2.14,0.0
20210417:0411,0.0,0.0,0.0,-8.61,2.07,0.0
20210417:0511,17.67,31.48,6.78,-8.52,2.0,0.0
20210417:0611,54.04,73.38,14.31,-8.02,1.86,0.0
20210417:0711,14.73,28.32,21.71,-5.52,1.66,0.0
20210417:0811,726.45,842.76,28.58,-2.94,1.45,0.0
20210417:0911,863.84,1039.46,34.39,-1.08,1.38,0.0
20210417:1011,787.24,935.87,38.57,0.04,1.66,0.0
20210417:1111,692.85,814.66,40.58,1.11,1.86,0.0
20210417:1211,721.85,853.13,40.08,1.79,2.0,0.0
20210417:1311,736.21,874.49,37.16,2.35,1.93,0.0
20210417:1411,829.4,999.25,32.26,1.76,1.72,0.0
20210417:1511,833.95,1011.19,25.97,2.44,1.59,0.0
20210417:1611,759.38,910.17,18.83,2.91,1.52,0.0
20210417:1711,582.78,681.58,11.33,3.44,1.31,0.0
20210417:1811,0.0,5.46,3.87,2.64,1.45,0.0
20210417:1911,0.0,0.0,0.0,1.92,1.52,0.0
20210417:2011,0.0,0.0,0.0,0.12,1.66,0.0
20210417:2111,0.0,0.0,0.0,-1.01,1.66,0.0
20210417:2211,0.0,0.0,0.0,-2.34,1.72,0.0
20210417:2311,0.0,0.0,0.0,-3.46,1.79,0.0
20210418:0011,0.0,0.0,0.0,-4.45,1.86,0.0
20210418:0111,0.0,0.0,0.0,-4.96,1.86,0.0
20210418:0211,0.0,0.0,0.0,-5.32,1.86,0.0
20210418:0311,0.0,0.0,0.0,-5.54,1.86,0.0
20210418:0411,0.0,0.0,0.0,-5.49,1.79,0.0
20210418:0511,5.75,15.94,7.12,-5.58,1.72,0.0
20210418:0611,664.84,751.49,14.64,-4.75,1.66,0.0
20210418:0711,753.61,885.97,22.05,-0.88,1.45,0.0
20210418:0811,776.68,931.52,28.92,1.49,1.38,0.0
20210418:0911,628.56,739.88,34.74,2.02,1.38,0.0
20210418:1011,898.01,1111.84,38.93,2.95,1.45,0.0
20210418:1111,906.95,1118.87,40.93,3.45,1.79,0.0
20210418:1211,913.29,1118.04,40.42,3.21,2.14,0.0
20210418:1311,902.39,1104.62,37.48,4.11,2.28,0.0
20210418:1411,883.82,1073.33,32.56,3.64,2.34,0.0
20210418:1511,492.2,569.57,26.25,4.08,2.28,0.0
20210418:1611,683.63,805.68,19.11,3.78,2.07,0.0
20210418:1711,523.22,612.58,11.6,5.42,1.45,0.0
20210418:1811,0.0,3.78,4.15,5.62,1.1,0.0
20210418:1911,0.0,0.0,0.0,4.82,0.76,0.0
20210418:2011,0.0,0.0,0.0,3.65,0.97,0.0
20210418:2111,0.0,0.0,0.0,2.45,1.24,0.0
20210418:2211,0.0,0.0,0.0,0.43,1.45,0.0
20210418:2311,0.0,0.0,0.0,-1.05,1.52,0.0
20210419:0011,0.0,0.0,0.0,-1.98,1.59,0.0
20210419:0111,0.0,0.0,0.0,-2.56,1.59,0.0
20210419:0211,0.0,0.0,0.0,-3.04,1.59,0.0
20210419:0311,0.0,0.0,0.0,-3.54,1.66,0.0
20210419:0411,0.0,0.0,0.0,-3.85,1.66,0.0
20210419:0511,6.49,17.14,7.45,-3.87,1.59,0.0
20210419:0611,510.65,577.37,14.97,-2.21,1.24,0.0
20210419:0711,648.58,771.72,22.38,2.26,0.76,0.0
20210419:0811,835.08,1049.6,29.25,4.56,0.69,0.0
20210419:0911,694.55,841.86,35.08,4.76,1.1,0.0
20210419:1011,891.67,1114.19,39.28,4.78,1.45,0.0
20210419:1111,905.73,1122.61,41.28,4.01,1.72,0.0
20210419:1211,877.18,1087.1,40.75,5.8,1.93,0.0
20210419:1311,898.87,1107.53,37.8,4.88,2.14,0.0
20210419:1411,876.54,1076.82,32.86,5.7,2.28,0.0
20210419:1511,558.3,651.8,26.53,4.84,2.28,0.0
20210419:1611,677.0,799.51,19.38,4.53,2.14,0.0
20210419:1711,509.82,593.79,11.87,5.25,1.72,0.0
20210419:1811,0.0,3.78,4.42,5.17,1.52,0.0
20210419:1911,0.0,0.0,0.0,5.82,1.24,0.0
20210419:2011,0.0,0.0,0.0,4.68,1.03,0.0
20210419:2111,0.0,0.0,0.0,3.74,0.76,0.0
20210419:2211,0.0,0.0,0.0,2.99,0.76,0.0
20210419:2311,0.0,0.0,0.0,2.25,0.69,0.0
20210420:0011,0.0,0.0,0.0,1.64,0.55,0.0
20210420:0111,0.0,0.0,0.0,1.17,0.55,0.0
20210420:0211,0.0,0.0,0.0,0.84,0.55,0.0
20210420:0311,0.0,0.0,0.0,0.56,0.48,0.0
20210420:0411,0.0,0.0,0.0,0.29,0.41,0.0
20210420:0511,8.32,20.12,7.77,0.13,0.34,0.0
20210420:0611,632.97,750.32,15.29,0.62,0.28,0.0
20210420:0711,738.71,903.7,22.71,2.63,0.41,0.0
20210420:0811,844.7,1052.01,29.59,4.3,1.03,0.0
20210420:0911,802.23,977.6,35.43,3.79,1.52,0.0
20210420:1011,860.89,1053.36,39.63,4.58,2.07,0.0
20210420:1111,874.57,1062.18,41.63,4.39,2.55,0.0
20210420:1211,843.98,1018.61,41.09,5.29,2.97,0.0
20210420:1311,852.17,1028.59,38.11,6.16,3.31,0.0
20210420:1411,389.27,450.39,33.15,5.79,4.0,0.0
20210420:1511,67.53,93.06,26.81,5.15,3.66,0.0
20210420:1611,7.87,19.63,19.65,3.94,3.1,0.0
20210420:1711,2.42,10.76,12.14,3.15,2.9,0.0
20210420:1811,0.0,1.68,4.69,2.32,2.9,0.0
20210420:1911,0.0,0.0,0.0,1.05,2.48,0.0
20210420:2011,0.0,0.0,0.0,0.13,2.14,0.0
20210420:2111,0.0,0.0,0.0,-0.41,2.07,0.0
20210420:2211,0.0,0.0,0.0,-0.69,2.34,0.0
20210420:2311,0.0,0.0,0.0,-1.26,2.41,0.0
20210421:0011,0.0,0.0,0.0,-2.16,2.76,0.0
20210421:0111,0.0,0.0,0.0,-2.95,2.69,0.0
20210421:0211,0.0,0.0,0.0,-3.34,2.9,0.0
20210421:0311,0.0,0.0,0.0,-3.96,2.9,0.0
20210421:0411,0.0,0.0,0.0,-4.64,2.69,0.0
20210421:0511,0.0,5.33,8.09,-4.89,2.76,0.0
20210421:0611,306.61,339.04,15.61,-4.36,3.38,0.0
20210421:0711,521.27,573.26,23.03,-3.06,4.97,0.0
20210421:0811,507.05,560.79,29.92,-2.02,5.38,0.0
20210421:0911,363.76,407.96,35.76,-1.11,5.1,0.0
20210421:1011,499.23,558.07,39.97,-0.43,5.79,0.0
20210421:1111,336.58,380.06,41.97,-0.33,6.55,0.0
20210421:1211,331.52,374.57,41.42,-0.25,6.62,0.0
20210421:1311,654.66,731.47,38.42,-0.53,6.48,0.0
20210421:1411,854.45,967.25,33.44,-0.64,6.28,0.0
20210421:1511,772.53,867.6,27.09,-0.76,6.07,0.0
20210421:1611,672.37,748.01,19.91,-1.09,5.72,0.0
20210421:1711,360.43,398.09,12.4,-1.59,5.1,0.0
20210421:1811,0.0,5.47,4.96,-2.28,4.48,0.0
20210421:1911,0.0,0.0,0.0,-3.07,4.07,0.0
20210421:2011,0.0,0.0,0.0,-3.79,3.72,0.0
20210421:2111,0.0,0.0,0.0,-4.35,3.52,0.0
20210421:2211,0.0,0.0,0.0,-4.8,3.52,0.0
20210421:2311,0.0,0.0,0.0,-4.91,3.66,0.0
20210422:0011,0.0,0.0,0.0,-5.27,3.72,0.0
20210422:0111,0.0,0.0,0.0,-5.54,3.93,0.0
20210422:0211,0.0,0.0,0.0,-5.67,3.86,0.0
20210422:0311,0.0,0.0,0.0,-5.77,3.72,0.0
20210422:0411,0.0,0.0,0.0,-5.87,3.31,0.0
20210422:0511,9.49,21.35,8.41,-5.6,3.03,0.0
20210422:0611,182.02,208.48,15.93,-4.77,3.24,0.0
20210422:0711,333.54,369.7,23.35,-2.83,5.03,0.0
20210422:0811,688.58,770.64,30.24,-1.9,4.9,0.0
20210422:0911,295.52,334.91,36.1,-1.17,4.83,0.0
20210422:1011,689.73,780.05,40.31,-0.7,4.76,0.0
20210422:1111,792.47,905.11,42.31,-0.33,4.9,0.0
20210422:1211,634.32,714.39,41.75,0.02,5.52,0.0
20210422:1311,847.26,967.98,38.73,0.05,5.59,0.0
20210422:1411,789.21,895.56,33.73,0.0,5.59,0.0
20210422:1511,468.44,521.85,27.36,-0.26,5.24,0.0
20210422:1611,735.48,829.47,20.18,-0.81,4.69,0.0
20210422:1711,583.62,648.12,12.67,-1.51,4.28,0.0
20210422:1811,1.86,9.56,5.23,-2.49,3.38,0.0
20210422:1911,0.0,0.0,0.0,-3.8,3.1,0.0
20210422:2011,0.0,0.0,0.0,-4.55,2.69,0.0
20210422:2111,0.0,0.0,0.0,-5.17,2.41,0.0
20210422:2211,0.0,0.0,0.0,-5.57,2.21,0.0
20210422:2311,0.0,0.0,0.0,-6.06,2.07,0.0
20210423:0011,0.0,0.0,0.0,-6.35,1.93,0.0
20210423:0111,0.0,0.0,0.0,-6.16,1.79,0.0
20210423:0211,0.0,0.0,0.0,-5.8,1.66,0.0
20210423:0311,0.0,0.0,0.0,-5.71,1.66,0.0
20210423:0411,0.0,0.0,0.0,-5.34,1.52,0.0
20210423:0511,8.2,19.6,8.72,-4.89,1.45,0.0
20210423:0611,496.0,545.8,16.24,-5.77,2.28,0.0
20210423:0711,732.25,824.53,23.66,-3.67,3.38,0.0
20210423:0811,616.75,691.37,30.57,-2.14,3.79,0.0
20210423:0911,685.26,776.12,36.43,-1.24,4.0,0.0
20210423:1011,822.15,947.8,40.65,-0.94,3.86,0.0
20210423:1111,685.45,780.54,42.65,-0.37,4.14,0.0
20210423:1211,957.73,1119.99,42.08,-0.15,4.34,0.0
20210423:1311,837.2,963.12,39.04,-0.19,4.55,0.0
20210423:1411,877.89,1010.64,34.02,-0.39,4.69,0.0
20210423:1511,690.77,777.86,27.63,-0.68,4.76,0.0
20210423:1611,385.81,428.47,20.44,-1.08,4.83,0.0
20210423:1711,537.71,594.69,12.93,-1.71,4.41,0.0
20210423:1811,1.87,9.56,5.49,-2.86,3.17,0.0
20210423:1911,0.0,0.0,0.0,-4.37,2.9,0.0
20210423:2011,0.0,0.0,0.0,-5.29,2.55,0.0
20210423:2111,0.0,0.0,0.0,-5.9,2.21,0.0
20210423:2211,0.0,0.0,0.0,-6.4,1.93,0.0
20210423:2311,0.0,0.0,0.0,-5.96,1.72,0.0
20210424:0011,0.0,0.0,0.0,-6.07,1.66,0.0
20210424:0111,0.0,0.0,0.0,-6.22,1.59,0.0
20210424:0211,0.0,0.0,0.0,-6.45,1.59,0.0
20210424:0311,0.0,0.0,0.0,-6.5,1.52,0.0
20210424:0411,0.0,0.39,1.81,-7.11,1.52,0.0
20210424:0511,622.95,694.63,9.03,-6.88,1.38,0.0
20210424:0611,727.64,820.54,16.55,-6.99,1.72,0.0
20210424:0711,848.2,980.71,23.97,-5.31,2.0,0.0
20210424:0811,837.95,970.16,30.88,-3.76,2.41,0.0
20210424:0911,887.96,1033.97,36.76,-2.67,2.97,0.0
20210424:1011,983.8,1161.96,40.98,-1.9,3.24,0.0
20210424:1111,900.29,1048.39,42.98,-1.37,3.66,0.0
20210424:1211,939.38,1097.32,42.4,-1.14,3.86,0.0
20210424:1311,986.71,1155.23,39.34,-0.8,4.28,0.0
20210424:1411,928.2,1077.0,34.31,-0.78,4.34,0.0
20210424:1511,763.79,868.75,27.9,-0.88,4.28,0.0
20210424:1611,828.02,946.38,20.7,-1.21,4.14,0.0
20210424:1711,714.04,804.25,13.19,-1.91,3.72,0.0
20210424:1811,3.45,12.38,5.76,-3.18,2.62,0.0
20210424:1911,0.0,0.0,0.0,-4.67,2.34,0.0
20210424:2011,0.0,0.0,0.0,-5.45,2.07,0.0
20210424:2111,0.0,0.0,0.0,-5.91,1.93,0.0
20210424:2211,0.0,0.0,0.0,-5.45,1.72,0.0
20210424:2311,0.0,0.0,0.0,-5.14,1.52,0.0
20210425:0011,0.0,0.0,0.0,-5.14,1.52,0.0
20210425:0111,0.0,0.0,0.0,-5.28,1.45,0.0
20210425:0211,0.0,0.0,0.0,-5.33,1.38,0.0
20210425:0311,0.0,0.0,0.0,-5.58,1.31,0.0
20210425:0411,0.0,0.39,2.12,-5.97,1.38,0.0
20210425:0511,629.8,708.15,9.34,-5.62,1.31,0.0
20210425:0611,788.76,916.41,16.85,-4.64,1.31,0.0
20210425:0711,885.71,1035.85,24.28,-5.14,1.79,0.0
20210425:0811,936.66,1106.67,31.2,-3.63,2.21,0.0
20210425:0911,696.43,798.77,37.08,-2.08,2.48,0.0
20210425:1011,797.32,929.42,41.31,-0.91,2.76,0.0
20210425:1111,587.03,670.29,43.31,-0.29,3.03,0.0
20210425:1211,979.8,1168.62,42.72,-0.01,3.24,0.0
20210425:1311,972.82,1156.53,39.65,0.05,3.38,0.0
20210425:1411,715.97,822.54,34.59,-0.01,3.38,0.0
20210425:1511,758.31,872.6,28.17,-0.25,3.38,0.0
20210425:1611,772.22,887.41,20.96,-0.75,3.24,0.0
20210425:1711,730.31,832.09,13.44,-1.59,2.97,0.0
20210425:1811,4.46,14.08,6.02,-2.74,2.28,0.0
20210425:1911,0.0,0.0,0.0,-3.38,1.66,0.0
20210425:2011,0.0,0.0,0.0,-3.04,1.45,0.0
20210425:2111,0.0,0.0,0.0,-3.37,1.38,0.0
20210425:2211,0.0,0.0,0.0,-3.66,1.31,0.0
20210425:2311,0.0,0.0,0.0,-4.08,1.31,0.0
20210426:0011,0.0,0.0,0.0,-4.47,1.31,0.0
20210426:0111,0.0,0.0,0.0,-4.81,1.31,0.0
20210426:0211,0.0,0.0,0.0,-5.04,1.31,0.0
20210426:0311,0.0,0.0,0.0,-4.87,1.24,0.0
20210426:0411,0.0,0.77,2.43,-4.96,1.17,0.0
20210426:0511,595.85,673.81,9.64,-4.6,0.97,0.0
20210426:0611,767.95,910.86,17.15,-3.26,0.55,0.0
20210426:0711,784.49,941.9,24.58,-2.71,0.41,0.0
20210426:0811,876.86,1095.29,31.51,-1.63,0.14,0.0
20210426:0911,860.82,1067.65,37.4,-0.61,0.41,0.0
20210426:1011,917.16,1152.96,41.64,0.43,0.62,0.0
20210426:1111,934.08,1164.91,43.63,0.65,1.03,0.0
20210426:1211,737.19,890.36,43.03,1.9,1.03,0.0
20210426:1311,923.48,1150.69,39.94,1.67,1.17,0.0
20210426:1411,910.84,1122.84,34.87,1.39,1.38,0.0
20210426:1511,837.56,1019.38,28.43,2.28,1.45,0.0
20210426:1611,805.58,967.84,21.22,1.33,1.45,0.0
20210426:1711,678.27,783.01,13.7,0.49,2.21,0.0
20210426:1811,4.08,13.52,6.28,-1.03,1.93,0.0
20210426:1911,0.0,0.0,0.0,-2.71,1.59,0.0
20210426:2011,0.0,0.0,0.0,-3.91,1.52,0.0
20210426:2111,0.0,0.0,0.0,-3.83,1.45,0.0
20210426:2211,0.0,0.0,0.0,-4.09,1.45,0.0
20210426:2311,0.0,0.0,0.0,-4.39,1.45,0.0
20210427:0011,0.0,0.0,0.0,-4.91,1.45,0.0
20210427:0111,0.0,0.0,0.0,-5.25,1.45,0.0
20210427:0211,0.0,0.0,0.0,-5.67,1.45,0.0
20210427:0311,0.0,0.0,0.0,-5.85,1.45,0.0
20210427:0411,0.0,1.16,2.73,-6.04,1.45,0.0
20210427:0511,608.27,685.17,9.93,-4.89,1.24,0.0
20210427:0611,696.27,806.98,17.45,-2.79,1.1,0.0
20210427:0711,815.71,986.91,24.88,-0.86,0.76,0.0
20210427:0811,772.67,932.32,31.81,-0.06,0.76,0.0
20210427:0911,819.74,1015.53,37.71,1.24,0.48,0.0
20210427:1011,857.87,1082.49,41.96,1.95,0.34,0.0
20210427:1111,898.35,1146.55,43.96,2.5,0.41,0.0
20210427:1211,910.16,1155.22,43.34,2.34,0.62,0.0
20210427:1311,821.46,1020.2,40.24,2.24,0.62,0.0
20210427:1411,760.1,932.14,35.14,2.55,0.62,0.0
20210427:1511,636.58,758.28,28.7,2.15,0.69,0.0
20210427:1611,724.56,875.32,21.47,2.15,0.69,0.0
20210427:1711,620.47,726.58,13.95,1.05,0.9,0.0
20210427:1811,4.36,14.08,6.54,1.13,0.76,0.0
20210427:1911,0.0,0.0,0.0,0.44,0.9,0.0
20210427:2011,0.0,0.0,0.0,-0.11,0.97,0.0
20210427:2111,0.0,0.0,0.0,-0.67,0.9,0.0
20210427:2211,0.0,0.0,0.0,-1.16,0.83,0.0
20210427:2311,0.0,0.0,0.0,-1.6,0.76,0.0
20210428:0011,0.0,0.0,0.0,-1.94,0.76,0.0
20210428:0111,0.0,0.0,0.0,-2.25,0.69,0.0
20210428:0211,0.0,0.0,0.0,-2.55,0.62,0.0
20210428:0311,0.0,0.0,0.0,-2.75,0.48,0.0
20210428:0411,0.0,0.78,3.02,-2.94,0.34,0.0
20210428:0511,5.77,16.12,10.23,-2.61,0.21,0.0
20210428:0611,754.28,898.78,17.74,-1.59,0.62,0.0
20210428:0711,812.39,964.79,25.18,-2.23,1.17,0.0
20210428:0811,728.62,852.05,32.11,-1.26,1.59,0.0
20210428:0911,566.76,656.66,38.02,-0.13,1.31,0.0
20210428:1011,690.27,819.17,42.28,0.67,1.17,0.0
20210428:1111,536.24,624.24,44.27,0.28,1.1,0.0
20210428:1211,555.5,649.95,43.65,1.38,1.24,0.0
20210428:1311,601.87,704.21,40.53,0.83,1.31,0.0
20210428:1411,565.26,657.98,35.42,1.25,1.38,0.0
20210428:1511,162.87,196.47,28.96,1.07,1.17,0.0
20210428:1611,353.15,404.74,21.72,0.76,0.97,0.0
20210428:1711,218.04,252.36,14.2,0.03,1.24,0.0
20210428:1811,125.34,151.3,6.79,-0.81,1.17,0.0
20210428:1911,0.0,0.0,0.0,-1.14,1.17,0.0
20210428:2011,0.0,0.0,0.0,-1.15,1.1,0.0
20210428:2111,0.0,0.0,0.0,-1.35,1.1,0.0
20210428:2211,0.0,0.0,0.0,-1.4,0.97,0.0
20210428:2311,0.0,0.0,0.0,-1.68,0.9,0.0
20210429:0011,0.0,0.0,0.0,-2.14,0.97,0.0
20210429:0111,0.0,0.0,0.0,-2.89,1.17,0.0
20210429:0211,0.0,0.0,0.0,-3.54,1.24,0.0
20210429:0311,0.0,0.0,0.0,-3.99,1.31,0.0
20210429:0411,0.0,1.94,3.32,-4.25,1.31,0.0
20210429:0511,345.01,384.96,10.51,-3.58,1.17,0.0
20210429:0611,493.38,556.58,18.02,-2.7,1.24,0.0
20210429:0711,787.52,934.78,25.46,-1.48,1.17,0.0
20210429:0811,901.52,1089.19,32.41,-1.09,1.52,0.0
20210429:0911,891.94,1086.87,38.32,0.01,1.38,0.0
20210429:1011,931.23,1146.42,42.59,0.63,1.45,0.0
20210429:1111,850.18,1025.7,44.59,0.52,1.66,0.0
20210429:1211,278.92,325.45,43.96,1.29,1.79,0.0
20210429:1311,601.58,699.67,40.82,1.09,1.86,0.0
20210429:1411,294.05,340.74,35.69,1.42,1.79,0.0
20210429:1511,132.88,163.67,29.21,1.05,1.79,0.0
20210429:1611,603.82,698.99,21.97,0.99,1.66,0.0
20210429:1711,479.87,544.86,14.45,0.05,1.66,0.0
20210429:1811,464.69,529.02,7.04,0.03,0.97,0.0
20210429:1911,0.0,0.0,0.0,-0.25,0.97,0.0
20210429:2011,0.0,0.0,0.0,-0.9,1.1,0.0
20210429:2111,0.0,0.0,0.0,-1.55,1.1,0.0
20210429:2211,0.0,0.0,0.0,-1.7,0.97,0.0
20210429:2311,0.0,0.0,0.0,-2.19,0.9,0.0
20210430:0011,0.0,0.0,0.0,-2.68,1.03,0.0
20210430:0111,0.0,0.0,0.0,-3.33,1.17,0.0
20210430:0211,0.0,0.0,0.0,-3.96,1.31,0.0
20210430:0311,0.0,0.0,0.0,-4.33,1.31,0.0
20210430:0411,0.0,2.33,3.6,-4.32,1.24,0.0
20210430:0511,586.53,666.65,10.8,-3.4,0.97,0.0
20210430:0611,731.01,865.98,18.3,-1.81,0.62,0.0
20210430:0711,839.69,1032.51,25.75,-1.21,0.34,0.0
20210430:0811,842.5,1015.56,32.7,-0.93,1.17,0.0
20210430:0911,703.11,826.39,38.62,0.45,1.72,0.0
20210430:1011,820.42,983.11,42.9,0.97,1.86,0.0
20210430:1111,605.71,703.48,44.9,0.85,2.07,0.0
20210430:1211,349.18,403.43,44.26,1.47,2.21,0.0
20210430:1311,944.99,1146.38,41.1,1.23,2.34,0.0
20210430:1411,790.96,937.17,35.96,1.98,2.48,0.0
20210430:1511,599.26,690.37,29.47,1.51,2.48,0.0
20210430:1611,747.45,875.07,22.22,1.23,2.34,0.0
20210430:1711,611.47,699.54,14.7,0.43,2.28,0.0
20210430:1811,91.04,114.72,7.29,-0.68,1.79,0.0
20210430:1911,0.0,0.0,0.0,-1.18,1.45,0.0
20210430:2011,0.0,0.0,0.0,-1.83,1.38,0.0
20210430:2111,0.0,0.0,0.0,-2.47,1.38,0.0
20210430:2211,0.0,0.0,0.0,-3.01,1.31,0.0
20210430:2311,0.0,0.0,0.0,-3.38,1.31,0.0
20210501:0011,0.0,0.0,0.0,-3.75,1.38,0.0
20210501:0111,0.0,0.0,0.0,-4.27,1.38,0.0
20210501:0211,0.0,0.0,0.0,-4.54,1.38,0.0
20210501:0311,0.0,0.0,0.0,-4.77,1.31,0.0
20210501:0411,0.0,3.69,3.89,-5.27,1.31,0.0
20210501:0511,81.17,103.01,11.07,-4.88,1.17,0.0
20210501:0611,87.74,111.5,18.58,-3.8,1.17,0.0
20210501:0711,375.32,428.96,26.03,-1.03,0.55,0.0
20210501:0811,865.81,1077.2,32.98,0.05,0.41,0.0
20210501:0911,888.28,1112.14,38.92,1.24,0.62,0.0
20210501:1011,641.5,765.3,43.2,1.72,0.76,0.0
20210501:1111,839.26,1038.1,45.2,2.31,0.9,0.0
20210501:1211,860.32,1067.51,44.55,2.15,0.9,0.0
20210501:1311,896.99,1122.72,41.38,1.93,0.83,0.0
20210501:1411,877.21,1091.1,36.22,2.11,0.9,0.0
20210501:1511,839.36,1021.29,29.72,2.05,1.38,0.0
20210501:1611,733.66,870.09,22.47,1.45,1.45,0.0
20210501:1711,645.07,751.28,14.94,0.88,1.38,0.0
20210501:1811,515.65,588.55,7.54,0.29,1.24,0.0
20210501:1911,0.0,0.0,0.0,1.51,0.48,0.0
20210501:2011,0.0,0.0,0.0,0.56,0.69,0.0
20210501:2111,0.0,0.0,0.0,-0.42,0.76,0.0
20210501:2211,0.0,0.0,0.0,-1.18,0.83,0.0
20210501:2311,0.0,0.0,0.0,-1.82,0.9,0.0
20210502:0011,0.0,0.0,0.0,-2.28,1.1,0.0
20210502:0111,0.0,0.0,0.0,-3.1,1.24,0.0
20210502:0211,0.0,0.0,0.0,-3.76,1.24,0.0
20210502:0311,0.0,0.0,0.0,-4.06,1.17,0.0
20210502:0411,0.8,7.39,4.16,-3.91,1.1,0.0
20210502:0511,429.42,483.06,11.35,-2.87,0.76,0.0
20210502:0611,622.62,729.07,18.85,-0.99,0.41,0.0
20210502:0711,784.98,942.57,26.3,-0.3,0.9,0.0
20210502:0811,487.34,559.27,33.27,0.2,1.45,0.0
20210502:0911,666.92,782.33,39.21,1.76,1.93,0.0
20210502:1011,409.67,472.13,43.5,1.33,1.93,0.0
20210502:1111,202.63,242.12,45.5,2.11,1.79,0.0
20210502:1211,202.31,241.83,44.85,1.94,1.45,0.0
20210502:1311,134.16,166.2,41.66,1.62,1.38,0.0
20210502:1411,71.29,96.14,36.48,1.31,1.24,0.0
20210502:1511,161.19,195.2,29.97,1.6,1.03,0.0
20210502:1611,464.07,534.47,22.71,1.29,1.03,0.0
20210502:1711,68.76,92.38,15.18,0.85,1.17,0.0
20210502:1811,0.0,4.52,7.79,0.53,0.97,0.0
20210502:1911,0.0,0.0,0.0,0.0,0.34,0.0
20210502:2011,0.0,0.0,0.0,-0.76,0.48,0.0
20210502:2111,0.0,0.0,0.0,-1.52,0.76,0.0
20210502:2211,0.0,0.0,0.0,-2.24,1.03,0.0
20210502:2311,0.0,0.0,0.0,-3.04,1.1,0.0
20210503:0011,0.0,0.0,0.0,-3.83,1.24,0.0
20210503:0111,0.0,0.0,0.0,-3.94,1.24,0.0
20210503:0211,0.0,0.0,0.0,-4.24,1.31,0.0
20210503:0311,0.0,0.0,0.0,-4.67,1.38,0.0
20210503:0411,0.0,2.11,4.44,-4.75,1.31,0.0
20210503:0511,1.3,8.4,11.62,-3.97,1.17,0.0
20210503:0611,360.8,402.72,19.12,-3.81,1.45,0.0
20210503:0711,754.0,877.87,26.57,-2.18,1.66,0.0
20210503:0811,599.99,688.66,33.54,-0.81,1.86,0.0
20210503:0911,344.9,394.48,39.5,-0.24,2.07,0.0
20210503:1011,536.09,614.56,43.8,0.03,2.28,0.0
20210503:1111,605.53,700.31,45.8,0.74,2.34,0.0
20210503:1211,730.73,856.33,45.14,0.75,2.34,0.0
20210503:1311,688.48,802.49,41.94,1.24,2.48,0.0
20210503:1411,622.29,717.4,36.74,1.12,2.62,0.0
20210503:1511,483.78,549.82,30.21,0.92,2.76,0.0
20210503:1611,418.17,473.42,22.95,0.77,2.55,0.0
20210503:1711,580.26,659.07,15.42,-0.03,2.41,0.0
20210503:1811,363.93,407.25,8.03,-1.18,2.0,0.0
20210503:1911,0.0,0.0,0.0,-1.96,1.31,0.0
20210503:2011,0.0,0.0,0.0,-1.92,1.03,0.0
20210503:2111,0.0,0.0,0.0,-2.34,0.9,0.0
20210503:2211,0.0,0.0,0.0,-2.83,0.69,0.0
20210503:2311,0.0,0.0,0.0,-3.25,0.76,0.0
20210504:0011,0.0,0.0,0.0,-3.93,1.17,0.0
20210504:0111,0.0,0.0,0.0,-4.44,1.24,0.0
20210504:0211,0.0,0.0,0.0,-4.66,1.1,0.0
20210504:0311,0.0,0.0,0.0,-5.25,1.24,0.0
20210504:0411,0.0,2.12,4.7,-5.31,1.17,0.0
20210504:0511,1.61,9.0,11.88,-4.82,1.52,0.0
20210504:0611,10.91,23.45,19.38,-3.34,2.28,0.0
20210504:0711,31.93,49.95,26.84,-1.91,4.14,0.0
20210504:0811,119.9,147.66,33.81,-1.38,4.55,0.0
20210504:0911,147.04,177.24,39.78,-0.84,4.9,0.0
20210504:1011,216.2,251.71,44.09,-0.5,5.45,0.0
20210504:1111,294.27,335.41,46.09,-0.44,5.79,0.0
20210504:1211,180.04,213.15,45.42,-0.26,5.72,0.0
20210504:1311,261.51,300.36,42.21,-0.07,5.45,0.0
20210504:1411,316.08,358.24,36.99,0.22,5.45,0.0
20210504:1511,121.56,150.26,30.46,0.26,4.83,0.0
20210504:1611,76.7,101.24,23.18,0.2,4.62,0.0
20210504:1711,17.41,32.43,15.66,0.0,4.28,0.0
20210504:1811,8.88,20.91,8.27,-0.38,3.79,0.0
20210504:1911,0.0,0.0,0.0,-1.01,3.72,0.0
20210504:2011,0.0,0.0,0.0,-1.17,3.52,0.0
20210504:2111,0.0,0.0,0.0,-1.19,3.45,0.0
20210504:2211,0.0,0.0,0.0,-1.18,3.52,0.0
20210504:2311,0.0,0.0,0.0,-1.24,3.66,0.0
20210505:0011,0.0,0.0,0.0,-1.46,3.59,0.0
20210505:0111,0.0,0.0,0.0,-1.7,3.59,0.0
20210505:0211,0.0,0.0,0.0,-1.75,3.72,0.0
20210505:0311,0.0,0.0,0.0,-2.2,3.79,0.0
20210505:0411,0.0,2.65,4.97,-2.71,3.93,0.0
20210505:0511,3.24,12.01,12.14,-2.9,3.38,0.0
20210505:0611,8.51,20.11,19.64,-2.91,3.86,0.0
20210505:0711,146.3,174.86,27.1,-1.75,4.69,0.0
20210505:0811,274.08,310.59,34.08,-1.24,5.59,0.0
20210505:0911,373.81,419.81,40.05,-0.46,5.66,0.0
20210505:1011,258.12,296.89,44.37,-0.1,5.66,0.0
20210505:1111,202.64,237.64,46.38,-0.08,5.66,0.0
20210505:1211,352.93,399.52,45.7,0.08,5.66,0.0
20210505:1311,456.32,512.91,42.47,0.36,5.45,0.0
20210505:1411,115.66,144.24,37.25,0.62,5.1,0.0
20210505:1511,349.38,394.2,30.7,0.67,4.76,0.0
20210505:1611,19.58,35.18,23.42,0.16,4.07,0.0
20210505:1711,3.99,13.36,15.89,-0.3,3.17,0.0
20210505:1811,0.06,5.65,8.51,-0.86,2.62,0.0
20210505:1911,0.0,0.0,0.0,-1.83,2.55,0.0
20210505:2011,0.0,0.0,0.0,-2.26,2.48,0.0
20210505:2111,0.0,0.0,0.0,-2.58,2.07,0.0
20210505:2211,0.0,0.0,0.0,-2.75,2.14,0.0
20210505:2311,0.0,0.0,0.0,-3.1,2.21,0.0
20210506:0011,0.0,0.0,0.0,-3.35,2.0,0.0
20210506:0111,0.0,0.0,0.0,-3.66,1.79,0.0
20210506:0211,0.0,0.0,0.0,-3.89,1.52,0.0
20210506:0311,0.0,0.0,0.0,-4.21,1.52,0.0
20210506:0411,0.0,4.77,5.23,-4.19,1.79,0.0
20210506:0511,19.19,34.26,12.39,-4.11,2.0,0.0
20210506:0611,214.11,244.18,19.89,-3.76,2.21,0.0
20210506:0711,289.02,325.77,27.35,-3.03,2.41,0.0
20210506:0811,606.23,687.12,34.34,-2.02,2.55,0.0
20210506:0911,844.29,993.5,40.32,-1.18,2.34,0.0
20210506:1011,853.6,1015.71,44.65,-0.42,2.07,0.0
20210506:1111,867.8,1042.38,46.66,0.38,1.93,0.0
20210506:1211,762.89,902.93,45.98,0.59,1.93,0.0
20210506:1311,908.13,1099.6,42.74,1.25,2.07,0.0
20210506:1411,910.53,1098.35,37.49,0.87,2.14,0.0
20210506:1511,853.15,1017.94,30.93,1.09,2.21,0.0
20210506:1611,822.01,972.47,23.65,0.73,2.21,0.0
20210506:1711,574.78,655.61,16.12,0.29,2.14,0.0
20210506:1811,528.48,598.18,8.74,-0.54,1.79,0.0
20210506:1911,0.0,0.36,1.88,0.12,0.76,0.0
20210506:2011,0.0,0.0,0.0,-0.63,0.69,0.0
20210506:2111,0.0,0.0,0.0,-1.57,0.83,0.0
20210506:2211,0.0,0.0,0.0,-2.56,0.9,0.0
20210506:2311,0.0,0.0,0.0,-3.35,0.9,0.0
20210507:0011,0.0,0.0,0.0,-3.89,0.97,0.0
20210507:0111,0.0,0.0,0.0,-4.3,1.03,0.0
20210507:0211,0.0,0.0,0.0,-4.76,1.1,0.0
20210507:0311,0.0,0.0,0.0,-5.06,1.1,0.0
20210507:0411,12.89,25.65,5.48,-5.25,1.1,0.0
20210507:0511,667.91,767.68,12.64,-3.9,0.9,0.0
20210507:0611,374.44,424.06,20.13,-2.1,0.69,0.0
20210507:0711,752.22,905.97,27.6,-0.55,0.48,0.0
20210507:0811,880.75,1068.6,34.59,-0.7,1.24,0.0
20210507:0911,626.63,728.43,40.59,0.26,1.72,0.0
20210507:1011,553.77,641.06,44.93,1.15,2.0,0.0
20210507:1111,387.34,446.89,46.94,1.19,2.0,0.0
20210507:1211,453.71,522.7,46.25,1.03,2.0,0.0
20210507:1311,535.38,617.63,43.0,1.17,2.14,0.0
20210507:1411,489.53,562.96,37.74,1.7,2.21,0.0
20210507:1511,752.5,884.43,31.17,1.32,2.28,0.0
20210507:1611,581.61,667.86,23.88,1.28,2.28,0.0
20210507:1711,617.74,708.87,16.35,0.57,2.14,0.0
20210507:1811,307.88,347.58,8.97,-0.42,1.79,0.0
20210507:1911,0.0,0.36,2.12,-0.78,1.45,0.0
20210507:2011,0.0,0.0,0.0,-1.35,1.38,0.0
20210507:2111,0.0,0.0,0.0,-2.09,1.38,0.0
20210507:2211,0.0,0.0,0.0,-2.97,1.38,0.0
20210507:2311,0.0,0.0,0.0,-3.59,1.45,0.0
20210508:0011,0.0,0.0,0.0,-4.13,1.45,0.0
20210508:0111,0.0,0.0,0.0,-4.86,1.52,0.0
20210508:0211,0.0,0.0,0.0,-5.47,1.52,0.0
20210508:0311,0.0,0.0,0.0,-5.31,1.59,0.0
20210508:0411,419.35,462.13,5.73,-5.11,1.52,0.0
20210508:0511,644.26,728.09,12.88,-4.54,1.52,0.0
20210508:0611,767.42,883.92,20.38,-3.89,1.79,0.0
20210508:0711,867.59,1031.97,27.84,-2.69,1.45,0.0
20210508:0811,899.45,1091.02,34.84,-1.11,1.31,0.0
20210508:0911,916.63,1124.87,40.85,0.5,1.38,0.0
20210508:1011,929.94,1140.69,45.2,0.82,1.59,0.0
20210508:1111,932.54,1147.19,47.22,2.1,1.79,0.0
20210508:1211,929.81,1140.21,46.52,2.2,1.93,0.0
20210508:1311,928.17,1133.03,43.25,2.04,2.07,0.0
20210508:1411,910.23,1108.25,37.98,2.26,2.07,0.0
20210508:1511,879.71,1062.27,31.4,1.93,2.07,0.0
20210508:1611,516.13,593.45,24.1,1.83,1.86,0.0
20210508:1711,48.85,70.35,16.57,1.07,1.45,0.0
20210508:1811,0.27,6.23,9.2,0.97,1.1,0.0
20210508:1911,0.0,0.72,2.35,2.4,0.76,0.0
20210508:2011,0.0,0.0,0.0,1.49,0.76,0.0
20210508:2111,0.0,0.0,0.0,0.35,1.03,0.0
20210508:2211,0.0,0.0,0.0,-1.65,1.72,0.0
20210508:2311,0.0,0.0,0.0,-2.17,2.07,0.0
20210509:0011,0.0,0.0,0.0,-1.9,2.41,0.0
20210509:0111,0.0,0.0,0.0,-1.9,2.62,0.0
20210509:0211,0.0,0.0,0.0,-1.96,2.69,0.0
20210509:0311,0.0,0.0,0.0,-1.89,3.72,0.0
20210509:0411,0.0,3.19,5.97,-1.78,3.17,0.0
20210509:0511,1.9,9.64,13.12,-1.55,2.69,0.0
20210509:0611,8.92,20.83,20.61,-1.12,2.76,0.0
20210509:0711,103.09,130.08,28.08,-0.36,3.1,0.0
20210509:0811,73.78,98.2,35.09,0.13,3.45,0.0
20210509:0911,302.16,346.36,41.1,0.59,3.66,0.0
20210509:1011,176.36,211.08,45.46,0.95,3.38,0.0
20210509:1111,172.36,207.32,47.49,1.31,2.97,0.0
20210509:1211,207.61,245.93,46.79,1.2,2.62,0.0
20210509:1311,237.74,278.87,43.5,1.14,2.21,0.0
20210509:1411,100.8,128.81,38.22,1.12,1.93,0.0
20210509:1511,159.34,192.51,31.62,1.25,1.93,0.0
20210509:1611,25.12,42.27,24.32,1.03,1.93,0.0
20210509:1711,15.91,30.58,16.79,0.77,1.66,0.0
20210509:1811,27.22,44.48,9.43,0.62,1.66,0.0
20210509:1911,0.0,0.72,2.59,0.72,1.38,0.0
20210509:2011,0.0,0.0,0.0,0.58,1.17,0.0
20210509:2111,0.0,0.0,0.0,0.62,1.24,0.0
20210509:2211,0.0,0.0,0.0,0.71,1.38,0.0
20210509:2311,0.0,0.0,0.0,0.61,1.24,0.0
20210510:0011,0.0,0.0,0.0,0.63,1.17,0.0
20210510:0111,0.0,0.0,0.0,0.6,1.17,0.0
20210510:0211,0.0,0.0,0.0,0.81,1.24,0.0
20210510:0311,0.0,0.0,0.0,0.93,1.17,0.0
20210510:0411,0.0,3.19,6.2,0.86,1.17,0.0
20210510:0511,6.12,16.88,13.35,1.42,1.03,0.0
20210510:0611,26.09,43.7,20.84,2.05,0.9,0.0
20210510:0711,79.54,106.06,28.31,2.8,1.24,0.0
20210510:0811,191.14,230.48,35.33,3.81,1.17,0.0
20210510:0911,181.42,219.82,41.35,3.51,1.52,0.0
20210510:1011,122.32,154.06,45.72,3.32,1.79,0.0
20210510:1111,208.17,249.66,47.75,3.53,1.93,0.0
20210510:1211,254.79,301.49,47.04,3.79,2.21,0.0
20210510:1311,123.66,156.0,43.75,4.1,1.86,0.0
20210510:1411,45.7,67.68,38.45,4.35,1.59,0.0
20210510:1511,66.04,91.05,31.85,3.92,2.0,0.0
20210510:1611,31.05,50.04,24.54,3.87,2.34,0.0
20210510:1711,4.28,14.02,17.01,3.59,2.0,0.0
20210510:1811,5.39,15.87,9.65,3.42,2.0,0.0
20210510:1911,0.0,1.09,2.82,3.8,2.14,0.0
20210510:2011,0.0,0.0,0.0,3.88,2.97,0.0
20210510:2111,0.0,0.0,0.0,3.36,2.69,0.0
20210510:2211,0.0,0.0,0.0,2.81,2.41,0.0
20210510:2311,0.0,0.0,0.0,2.44,2.07,0.0
20210511:0011,0.0,0.0,0.0,2.25,2.0,0.0
20210511:0111,0.0,0.0,0.0,2.08,1.86,0.0
20210511:0211,0.0,0.0,0.0,1.83,1.72,0.0
20210511:0311,0.0,0.0,0.0,1.63,1.45,0.0
20210511:0411,0.0,3.72,6.44,1.46,1.31,0.0
20210511:0511,4.97,15.08,13.57,1.89,2.07,0.0
20210511:0611,65.35,89.56,21.06,2.2,1.86,0.0
20210511:0711,93.91,121.93,28.54,2.84,2.21,0.0
20210511:0811,699.21,826.62,35.56,3.72,2.28,0.0
20210511:0911,689.75,814.68,41.6,4.92,2.9,0.0
20210511:1011,595.12,700.26,45.97,6.07,3.1,0.0
20210511:1111,604.82,715.16,48.01,7.12,3.31,0.0
20210511:1211,605.53,717.54,47.3,7.6,3.31,0.0
20210511:1311,885.63,1087.2,43.99,7.51,2.97,0.0
20210511:1411,802.41,977.89,38.68,7.39,2.55,0.0
20210511:1511,838.82,1032.56,32.07,7.06,2.14,0.0
20210511:1611,766.91,955.66,24.76,9.14,1.38,0.0
20210511:1711,670.35,831.63,17.23,9.93,0.83,0.0
20210511:1811,2.01,10.21,9.87,9.55,0.97,0.0
20210511:1911,0.0,1.09,3.05,7.13,1.17,0.0
20210511:2011,0.0,0.0,0.0,6.83,1.03,0.0
20210511:2111,0.0,0.0,0.0,6.37,0.28,0.0
20210511:2211,0.0,0.0,0.0,5.56,0.97,0.0
20210511:2311,0.0,0.0,0.0,4.08,1.24,0.0
20210512:0011,0.0,0.0,0.0,1.91,1.59,0.0
20210512:0111,0.0,0.0,0.0,0.74,1.72,0.0
20210512:0211,0.0,0.0,0.0,0.29,1.72,0.0
20210512:0311,0.0,0.0,0.0,-0.13,1.79,0.0
20210512:0411,0.0,3.73,6.66,0.27,1.66,0.0
20210512:0511,4.24,13.88,13.8,1.67,1.45,0.0
20210512:0611,23.26,40.38,21.28,3.55,1.24,0.0
20210512:0711,59.99,84.03,28.76,3.52,1.86,0.0
20210512:0811,147.21,181.96,35.79,4.71,2.9,0.0
20210512:0911,223.29,266.81,41.83,5.27,3.03,0.0
20210512:1011,331.77,389.62,46.22,5.88,3.1,0.0
20210512:1111,359.16,421.74,48.26,6.01,2.97,0.0
20210512:1211,372.1,437.47,47.55,6.31,2.76,0.0
20210512:1311,410.49,481.62,44.23,6.37,2.62,0.0
20210512:1411,267.96,317.98,38.91,6.01,2.14,0.0
20210512:1511,111.31,143.11,32.29,5.87,1.72,0.0
20210512:1611,61.71,86.75,24.97,5.55,1.66,0.0
20210512:1711,130.63,162.59,17.44,5.49,1.59,0.0
20210512:1811,67.77,92.3,10.09,5.65,1.45,0.0
20210512:1911,0.0,0.72,3.27,6.65,0.9,0.0
20210512:2011,0.0,0.0,0.0,5.56,1.03,0.0
20210512:2111,0.0,0.0,0.0,3.39,1.38,0.0
20210512:2211,0.0,0.0,0.0,0.17,1.59,0.0
20210512:2311,0.0,0.0,0.0,-1.01,1.52,0.0
20210513:0011,0.0,0.0,0.0,-1.33,1.66,0.0
20210513:0111,0.0,0.0,0.0,-0.82,1.59,0.0
20210513:0211,0.0,0.0,0.0,-1.08,1.66,0.0
20210513:0311,0.0,0.0,0.0,-1.03,1.66,0.0
20210513:0411,0.0,3.73,6.88,-0.63,1.52,0.0
20210513:0511,3.92,13.29,14.01,0.29,1.52,0.0
20210513:0611,640.99,750.62,21.5,1.98,1.45,0.0
20210513:0711,285.3,333.85,28.97,3.97,1.31,0.0
20210513:0811,828.5,1039.07,36.01,6.59,1.1,0.0
20210513:0911,836.85,1073.08,42.07,8.97,0.9,0.0
20210513:1011,410.69,498.71,46.46,10.14,0.83,0.0
20210513:1111,587.24,725.2,48.51,10.65,1.03,0.0
20210513:1211,849.85,1094.5,47.8,10.79,1.24,0.0
20210513:1311,747.11,953.58,44.47,12.31,1.1,0.0
20210513:1411,449.48,552.22,39.13,13.0,0.9,0.0
20210513:1511,591.9,740.44,32.5,12.6,0.62,0.0
20210513:1611,255.38,311.38,25.18,11.95,0.9,0.0
20210513:1711,215.9,263.52,17.65,11.43,1.1,0.0
20210513:1811,298.93,357.03,10.3,10.89,1.24,0.0
20210513:1911,0.0,1.09,3.49,10.51,1.31,0.0
20210513:2011,0.0,0.0,0.0,9.01,1.52,0.0
20210513:2111,0.0,0.0,0.0,8.36,1.52,0.0
20210513:2211,0.0,0.0,0.0,8.34,1.45,0.0
20210513:2311,0.0,0.0,0.0,7.83,1.38,0.0
20210514:0011,0.0,0.0,0.0,6.77,1.52,0.0
20210514:0111,0.0,0.0,0.0,5.88,1.52,0.0
20210514:0211,0.0,0.0,0.0,5.23,1.52,0.0
20210514:0311,0.0,0.0,0.0,4.85,1.52,0.0
20210514:0411,0.0,3.73,7.1,5.23,1.38,0.0
20210514:0511,3.76,13.29,14.22,6.59,1.17,0.0
20210514:0611,29.07,48.5,21.7,8.29,1.1,0.0
20210514:0711,70.6,98.1,29.18,8.28,1.17,0.0
20210514:0811,149.33,187.19,36.23,7.74,1.72,0.0
20210514:0911,296.72,353.94,42.29,8.11,2.34,0.0
20210514:1011,790.57,968.71,46.7,8.94,2.69,0.0
20210514:1111,786.25,962.12,48.75,10.01,3.17,0.0
20210514:1211,882.67,1091.43,48.04,10.54,3.52,0.0
20210514:1311,404.86,482.28,44.7,10.73,3.52,0.0
20210514:1411,168.32,210.6,39.35,10.89,3.52,0.0
20210514:1511,535.92,636.76,32.71,10.43,3.31,0.0
20210514:1611,48.68,72.7,25.39,9.85,2.9,0.0
20210514:1711,660.94,805.44,17.85,10.27,1.79,0.0
20210514:1811,163.68,203.34,10.51,11.57,0.97,0.0
20210514:1911,0.0,1.09,3.71,9.96,0.48,0.0
20210514:2011,0.0,0.0,0.0,9.7,0.76,0.0
20210514:2111,0.0,0.0,0.0,9.3,1.03,0.0
20210514:2211,0.0,0.0,0.0,9.04,0.97,0.0
20210514:2311,0.0,0.0,0.0,7.73,1.38,0.0
20210515:0011,0.0,0.0,0.0,6.67,1.45,0.0
20210515:0111,0.0,0.0,0.0,6.53,1.45,0.0
20210515:0211,0.0,0.0,0.0,4.63,2.14,0.0
20210515:0311,0.0,0.0,0.0,4.7,2.83,0.0
20210515:0411,0.0,4.27,7.31,3.92,2.14,0.0
20210515:0511,12.72,26.6,14.42,3.59,2.0,0.0
20210515:0611,102.06,130.79,21.91,3.55,1.59,0.0
20210515:0711,812.36,988.41,29.39,3.96,1.59,0.0
20210515:0811,770.87,945.31,36.44,5.17,1.24,0.0
20210515:0911,483.9,570.66,42.51,5.32,1.52,0.0
20210515:1011,855.34,1061.71,46.93,5.92,1.66,0.0
20210515:1111,687.22,830.37,48.99,6.77,2.0,0.0
20210515:1211,265.55,318.05,48.27,6.88,2.14,0.0
20210515:1311,205.61,249.78,44.93,6.87,2.34,0.0
20210515:1411,213.71,257.53,39.57,6.26,2.34,0.0
20210515:1511,296.66,348.63,32.92,5.7,2.07,0.0
20210515:1611,434.78,505.53,25.59,5.38,2.0,0.0
20210515:1711,394.16,455.97,18.06,5.2,2.07,0.0
20210515:1811,80.23,105.76,10.72,4.65,2.07,0.0
20210515:1911,0.0,2.91,3.92,3.9,1.59,0.0
20210515:2011,0.0,0.0,0.0,3.96,1.38,0.0
20210515:2111,0.0,0.0,0.0,3.79,1.38,0.0
20210515:2211,0.0,0.0,0.0,3.64,1.31,0.0
20210515:2311,0.0,0.0,0.0,3.64,1.1,0.0
20210516:0011,0.0,0.0,0.0,3.83,0.97,0.0
20210516:0111,0.0,0.0,0.0,3.88,0.9,0.0
20210516:0211,0.0,0.0,0.0,4.08,0.83,0.0
20210516:0311,0.0,0.0,0.0,3.44,0.97,0.0
20210516:0411,0.0,4.27,7.51,3.42,0.97,0.0
20210516:0511,11.01,24.2,14.62,3.15,1.1,0.0
20210516:0611,24.95,42.47,22.1,3.31,1.17,0.0
20210516:0711,128.23,159.41,29.58,2.23,1.52,0.0
20210516:0811,106.22,135.64,36.64,2.38,1.38,0.0
20210516:0911,372.84,433.81,42.73,2.74,1.45,0.0
20210516:1011,219.4,261.5,47.16,2.81,1.66,0.0
20210516:1111,414.68,481.99,49.22,2.84,2.0,0.0
20210516:1211,484.15,565.06,48.5,3.54,2.0,0.0
20210516:1311,686.69,811.39,45.15,3.93,2.48,0.0
20210516:1411,839.43,1012.29,39.78,4.24,2.48,0.0
20210516:1511,817.97,985.76,33.12,4.52,2.34,0.0
20210516:1611,796.42,951.56,25.79,4.62,2.62,0.0
20210516:1711,533.05,615.81,18.26,4.15,2.41,0.0
20210516:1811,561.1,646.97,10.92,3.74,2.41,0.0
20210516:1911,0.0,1.09,4.13,2.52,1.38,0.0
20210516:2011,0.0,0.0,0.0,2.19,1.38,0.0
20210516:2111,0.0,0.0,0.0,1.89,1.24,0.0
20210516:2211,0.0,0.0,0.0,2.0,1.03,0.0
20210516:2311,0.0,0.0,0.0,1.73,1.03,0.0
20210517:0011,0.0,0.0,0.0,1.23,1.1,0.0
20210517:0111,0.0,0.0,0.0,0.77,1.17,0.0
20210517:0211,0.0,0.0,0.0,0.95,1.1,0.0
20210517:0311,0.0,0.0,0.0,0.81,1.24,0.0
20210517:0411,0.0,4.81,7.71,0.76,1.31,0.0
20210517:0511,7.75,19.37,14.81,1.7,1.38,0.0
20210517:0611,31.68,50.58,22.29,2.5,2.07,0.0
20210517:0711,96.64,124.99,29.78,2.88,2.21,0.0
20210517:0811,532.37,617.71,36.84,3.51,2.34,0.0
20210517:0911,604.91,710.11,42.94,4.33,2.41,0.0
20210517:1011,844.38,1030.48,47.38,4.66,2.07,0.0
20210517:1111,804.59,990.29,49.45,5.29,1.52,0.0
20210517:1211,735.26,898.34,48.73,6.03,1.52,0.0
20210517:1311,680.19,815.78,45.37,6.07,2.14,0.0
20210517:1411,210.13,253.36,39.99,6.24,2.62,0.0
20210517:1511,172.48,210.73,33.32,5.99,2.48,0.0
20210517:1611,618.04,729.71,25.98,5.36,2.0,0.0
20210517:1711,546.88,649.23,18.45,6.05,1.03,0.0
20210517:1811,0.72,7.4,11.12,5.96,0.48,0.0
20210517:1911,0.0,1.45,4.33,4.86,1.03,0.0
20210517:2011,0.0,0.0,0.0,3.91,1.24,0.0
20210517:2111,0.0,0.0,0.0,3.14,1.31,0.0
20210517:2211,0.0,0.0,0.0,2.52,1.31,0.0
20210517:2311,0.0,0.0,0.0,2.0,1.31,0.0
20210518:0011,0.0,0.0,0.0,1.36,1.31,0.0
20210518:0111,0.0,0.0,0.0,0.97,1.31,0.0
20210518:0211,0.0,0.0,0.0,0.85,1.38,0.0
20210518:0311,0.0,0.0,0.0,0.56,1.31,0.0
20210518:0411,0.34,6.41,7.9,0.89,1.17,0.0
20210518:0511,95.83,121.97,15.0,1.14,1.38,0.0
20210518:0611,156.49,188.66,22.48,1.84,1.86,0.0
20210518:0711,557.44,645.85,29.96,2.43,1.93,0.0
20210518:0811,831.91,1007.85,37.03,3.51,1.93,0.0
20210518:0911,852.8,1042.93,43.14,4.14,1.86,0.0
20210518:1011,877.73,1080.02,47.59,4.88,2.0,0.0
20210518:1111,907.65,1122.46,49.67,5.33,2.14,0.0
20210518:1211,908.2,1121.08,48.95,5.74,2.34,0.0
20210518:1311,881.19,1078.89,45.58,5.83,2.55,0.0
20210518:1411,776.77,933.63,40.19,5.79,2.69,0.0
20210518:1511,766.67,914.74,33.52,5.51,2.9,0.0
20210518:1611,732.08,866.91,26.18,5.15,2.83,0.0
20210518:1711,341.51,393.63,18.65,4.53,2.48,0.0
20210518:1811,123.12,152.12,11.32,3.75,2.41,0.0
20210518:1911,0.0,2.55,4.54,2.57,2.0,0.0
20210518:2011,0.0,0.0,0.0,1.4,1.72,0.0
20210518:2111,0.0,0.0,0.0,-0.45,1.66,0.0
20210518:2211,0.0,0.0,0.0,-1.66,1.72,0.0
20210518:2311,0.0,0.0,0.0,-2.48,1.72,0.0
20210519:0011,0.0,0.0,0.0,-2.45,1.72,0.0
20210519:0111,0.0,0.0,0.0,-2.05,2.0,0.0
20210519:0211,0.0,0.0,0.0,-2.19,2.0,0.0
20210519:0311,0.0,0.34,1.7,-2.25,2.0,0.0
20210519:0411,64.8,86.01,8.08,-2.11,2.07,0.0
20210519:0511,353.57,396.28,15.18,-1.62,2.14,0.0
20210519:0611,745.56,863.76,22.65,-0.72,2.28,0.0
20210519:0711,803.28,955.15,30.14,0.94,1.86,0.0
20210519:0811,849.3,1026.87,37.22,2.57,1.93,0.0
20210519:0911,856.85,1048.15,43.33,4.03,1.86,0.0
20210519:1011,866.18,1065.6,47.8,4.92,1.93,0.0
20210519:1111,870.7,1071.87,49.89,5.62,2.14,0.0
20210519:1211,870.1,1069.74,49.16,6.14,2.34,0.0
20210519:1311,902.14,1114.35,45.79,6.32,2.41,0.0
20210519:1411,815.46,990.66,40.39,6.15,2.48,0.0
20210519:1511,860.2,1046.45,33.71,5.99,2.69,0.0
20210519:1611,812.24,974.27,26.36,5.6,2.9,0.0
20210519:1711,678.4,796.36,18.83,4.99,2.76,0.0
20210519:1811,545.35,629.02,11.51,4.16,2.48,0.0
20210519:1911,1.01,8.01,4.73,3.25,2.28,0.0
20210519:2011,0.0,0.0,0.0,1.95,2.0,0.0
20210519:2111,0.0,0.0,0.0,0.06,1.86,0.0
20210519:2211,0.0,0.0,0.0,-0.79,1.93,0.0
20210519:2311,0.0,0.0,0.0,-0.93,1.86,0.0
20210520:0011,0.0,0.0,0.0,-0.44,1.86,0.0
20210520:0111,0.0,0.0,0.0,-0.32,1.79,0.0
20210520:0211,0.0,0.0,0.0,0.22,1.72,0.0
20210520:0311,0.0,0.34,1.89,0.02,1.66,0.0
20210520:0411,221.43,254.8,8.26,0.24,1.79,0.0
20210520:0511,204.86,238.18,15.35,0.68,2.21,0.0
20210520:0611,84.13,109.94,22.83,1.2,2.83,0.0
20210520:0711,149.61,182.61,30.32,2.56,2.41,0.0
20210520:0811,212.79,253.62,37.4,3.7,2.14,0.0
20210520:0911,530.41,622.33,43.52,4.51,2.0,0.0
20210520:1011,479.46,563.82,48.0,5.04,1.93,0.0
20210520:1111,400.23,471.72,50.1,5.7,2.0,0.0
20210520:1211,425.39,501.81,49.38,6.21,2.14,0.0
20210520:1311,458.57,540.12,45.99,6.26,2.21,0.0
20210520:1411,830.1,1012.1,40.58,6.18,2.41,0.0
20210520:1511,810.5,981.17,33.9,5.9,2.48,0.0
20210520:1611,762.96,916.16,26.55,5.45,2.28,0.0
20210520:1711,675.25,797.01,19.02,4.74,2.21,0.0
20210520:1811,479.13,550.84,11.7,3.8,2.14,0.0
20210520:1911,2.3,10.57,4.93,2.44,1.66,0.0
20210520:2011,0.0,0.0,0.0,1.43,1.52,0.0
20210520:2111,0.0,0.0,0.0,0.57,1.38,0.0
20210520:2211,0.0,0.0,0.0,-0.71,1.45,0.0
20210520:2311,0.0,0.0,0.0,-1.88,1.45,0.0
20210521:0011,0.0,0.0,0.0,-2.69,1.38,0.0
20210521:0111,0.0,0.0,0.0,-3.71,1.45,0.0
20210521:0211,0.0,0.0,0.0,-4.08,1.31,0.0
20210521:0311,0.0,0.34,2.07,-4.52,1.31,0.0
20210521:0411,480.04,535.66,8.43,-4.01,1.24,0.0
20210521:0511,687.78,798.54,15.52,-2.48,0.97,0.0
20210521:0611,728.67,868.77,22.99,-0.28,0.69,0.0
20210521:0711,753.56,914.0,30.48,1.91,0.76,0.0
20210521:0811,877.06,1071.21,37.57,3.75,2.0,0.0
20210521:0911,824.17,990.56,43.71,4.97,2.9,0.0
20210521:1011,772.16,921.64,48.2,5.56,3.24,0.0
20210521:1111,566.79,663.74,50.3,5.84,3.52,0.0
20210521:1211,485.69,566.67,49.58,5.96,3.66,0.0
20210521:1311,335.7,392.72,46.19,5.54,3.52,0.0
20210521:1411,137.38,171.52,40.78,5.22,3.38,0.0
20210521:1511,151.94,187.42,34.08,5.36,3.17,0.0
20210521:1611,82.02,109.57,26.73,5.17,3.03,0.0
20210521:1711,55.53,79.12,19.2,4.8,2.9,0.0
20210521:1811,8.02,19.96,11.88,4.09,2.62,0.0
20210521:1911,0.0,4.5,5.12,3.06,2.21,0.0
20210521:2011,0.0,0.0,0.0,2.21,1.79,0.0
20210521:2111,0.0,0.0,0.0,1.48,1.59,0.0
20210521:2211,0.0,0.0,0.0,1.08,1.59,0.0
20210521:2311,0.0,0.0,0.0,1.4,1.86,0.0
20210522:0011,0.0,0.0,0.0,1.37,1.86,0.0
20210522:0111,0.0,0.0,0.0,1.04,1.66,0.0
20210522:0211,0.0,0.0,0.0,1.08,1.59,0.0
20210522:0311,0.0,0.34,2.24,1.38,1.59,0.0
20210522:0411,0.0,5.35,8.6,1.51,1.79,0.0
20210522:0511,13.35,27.28,15.68,1.71,2.14,0.0
20210522:0611,18.28,33.77,23.15,1.91,2.21,0.0
20210522:0711,46.48,67.99,30.65,2.3,2.76,0.0
20210522:0811,110.06,139.71,37.74,2.59,2.55,0.0
20210522:0911,228.98,271.48,43.89,2.58,1.66,0.0
20210522:1011,137.45,170.55,48.39,2.73,1.59,0.0
20210522:1111,243.65,289.53,50.5,3.25,1.52,0.0
20210522:1211,239.71,284.88,49.78,3.34,1.72,0.0
20210522:1311,457.17,532.71,46.38,3.91,2.14,0.0
20210522:1411,321.89,375.98,40.96,4.08,2.14,0.0
20210522:1511,376.86,437.17,34.26,4.02,2.0,0.0
20210522:1611,46.64,68.68,26.91,3.87,1.72,0.0
20210522:1711,348.36,402.62,19.38,3.82,1.52,0.0
20210522:1811,359.45,413.66,12.06,3.39,1.38,0.0
20210522:1911,1.73,9.5,5.3,2.71,1.38,0.0
20210522:2011,0.0,0.0,0.0,2.71,1.1,0.0
20210522:2111,0.0,0.0,0.0,2.44,1.1,0.0
20210522:2211,0.0,0.0,0.0,2.2,1.03,0.0
20210522:2311,0.0,0.0,0.0,1.93,1.1,0.0
20210523:0011,0.0,0.0,0.0,1.61,1.17,0.0
20210523:0111,0.0,0.0,0.0,1.47,1.24,0.0
20210523:0211,0.0,0.0,0.0,1.43,1.31,0.0
20210523:0311,0.0,0.68,2.41,1.15,1.38,0.0
20210523:0411,6.24,17.13,8.76,1.52,1.38,0.0
20210523:0511,19.32,35.18,15.84,1.74,1.38,0.0
20210523:0611,26.26,43.92,23.31,2.24,1.52,0.0
20210523:0711,105.38,134.83,30.8,3.18,2.14,0.0
20210523:0811,271.76,318.69,37.9,3.9,2.34,0.0
20210523:0911,143.02,177.43,44.06,4.27,2.48,0.0
20210523:1011,147.56,182.67,48.57,4.36,2.34,0.0
20210523:1111,260.14,308.84,50.69,4.62,2.28,0.0
20210523:1211,197.46,239.05,49.97,4.23,1.31,0.0
20210523:1311,226.71,271.62,46.57,4.15,1.24,0.0
20210523:1411,280.88,334.87,41.14,5.09,0.48,0.0
20210523:1511,369.91,437.69,34.44,4.78,0.21,0.0
20210523:1611,285.12,338.24,27.08,5.31,0.14,0.0
20210523:1711,60.69,85.26,19.55,4.8,0.34,0.0
20210523:1811,13.19,27.41,12.24,4.6,0.55,0.0
20210523:1911,0.0,2.5,5.48,4.85,0.28,0.0
20210523:2011,0.0,0.0,0.0,4.43,0.55,0.0
20210523:2111,0.0,0.0,0.0,4.04,0.55,0.0
20210523:2211,0.0,0.0,0.0,3.61,0.62,0.0
20210523:2311,0.0,0.0,0.0,3.22,0.55,0.0
20210524:0011,0.0,0.0,0.0,3.08,0.48,0.0
20210524:0111,0.0,0.0,0.0,2.93,0.48,0.0
20210524:0211,0.0,0.0,0.0,2.77,0.48,0.0
20210524:0311,0.0,0.68,2.57,2.6,0.41,0.0
20210524:0411,7.96,19.81,8.92,2.55,0.48,0.0
20210524:0511,7.78,19.41,15.99,1.81,1.17,0.0
20210524:0611,85.74,112.38,23.45,2.19,1.72,0.0
20210524:0711,410.59,473.72,30.95,2.82,1.72,0.0
20210524:0811,649.56,762.15,38.06,3.83,2.48,0.0
20210524:0911,751.7,889.19,44.22,4.41,3.17,0.0
20210524:1011,763.79,906.26,48.75,5.15,3.45,0.0
20210524:1111,685.72,803.64,50.88,5.15,4.0,0.0
20210524:1211,266.45,314.08,50.16,5.04,4.41,0.0
20210524:1311,229.33,272.44,46.76,4.97,4.69,0.0
20210524:1411,127.27,159.36,41.32,4.31,4.69,0.0
20210524:1511,122.92,154.03,34.61,3.67,4.55,0.0
20210524:1611,94.35,122.08,27.25,3.05,4.21,0.0
20210524:1711,41.42,62.27,19.72,2.79,3.86,0.0
20210524:1811,45.16,66.12,12.41,2.91,3.72,0.0
20210524:1911,2.02,10.01,5.66,1.36,1.93,0.0
20210524:2011,0.0,0.0,0.0,1.15,2.0,0.0
20210524:2111,0.0,0.0,0.0,1.08,2.0,0.0
20210524:2211,0.0,0.0,0.0,1.16,2.41,0.0
20210524:2311,0.0,0.0,0.0,1.36,2.62,0.0
20210525:0011,0.0,0.0,0.0,1.51,2.76,0.0
20210525:0111,0.0,0.0,0.0,1.7,2.97,0.0
20210525:0211,0.0,0.0,0.0,1.71,2.97,0.0
20210525:0311,0.0,0.68,2.73,1.73,2.83,0.0
20210525:0411,0.0,5.36,9.07,1.77,2.55,0.0
20210525:0511,8.6,20.63,16.13,1.95,2.55,0.0
20210525:0611,27.92,45.96,23.6,2.37,2.62,0.0
20210525:0711,53.36,76.15,31.09,2.9,2.34,0.0
20210525:0811,75.56,101.63,38.21,3.55,2.76,0.0
20210525:0911,103.41,133.08,44.38,4.11,3.17,0.0
20210525:1011,114.98,146.31,48.92,4.8,3.72,0.0
20210525:1111,93.92,122.98,51.06,5.28,4.21,0.0
20210525:1211,97.96,127.64,50.35,5.4,3.72,0.0
20210525:1311,433.27,501.71,46.94,5.53,4.41,0.0
20210525:1411,144.17,179.16,41.49,5.5,3.59,0.0
20210525:1511,45.46,67.61,34.78,5.5,3.1,0.0
20210525:1611,50.73,73.73,27.41,5.18,3.52,0.0
20210525:1711,6.31,17.34,19.89,4.91,3.24,0.0
20210525:1811,4.41,14.29,12.58,4.18,2.97,0.0
20210525:1911,0.0,3.01,5.83,3.26,2.76,0.0
20210525:2011,0.0,0.0,0.0,2.99,2.83,0.0
20210525:2111,0.0,0.0,0.0,2.88,2.83,0.0
20210525:2211,0.0,0.0,0.0,2.82,2.9,0.0
20210525:2311,0.0,0.0,0.0,2.72,2.83,0.0
20210526:0011,0.0,0.0,0.0,2.51,2.83,0.0
20210526:0111,0.0,0.0,0.0,2.33,2.83,0.0
20210526:0211,0.0,0.0,0.0,2.33,2.9,0.0
20210526:0311,0.0,0.68,2.88,2.52,3.1,0.0
20210526:0411,0.0,5.36,9.21,2.7,3.45,0.0
20210526:0511,95.37,122.05,16.27,2.85,3.72,0.0
20210526:0611,73.25,98.61,23.73,2.98,3.93,0.0
20210526:0711,335.89,384.37,31.23,3.46,4.62,0.0
20210526:0811,592.96,678.33,38.35,3.62,4.83,0.0
20210526:0911,579.8,665.23,44.54,3.96,4.9,0.0
20210526:1011,208.21,248.58,49.08,4.37,4.9,0.0
20210526:1111,196.09,236.01,51.24,4.9,4.69,0.0
20210526:1211,258.02,304.91,50.52,5.14,4.41,0.0
20210526:1311,130.66,163.88,47.11,5.15,4.0,0.0
20210526:1411,159.36,195.71,41.66,5.18,3.66,0.0
20210526:1511,291.67,340.75,34.94,5.0,3.1,0.0
20210526:1611,309.11,359.19,27.58,4.72,2.48,0.0
20210526:1711,25.3,43.06,20.05,4.18,2.14,0.0
20210526:1811,24.87,42.37,12.74,3.58,1.86,0.0
20210526:1911,51.22,72.47,6.0,3.35,1.86,0.0
20210526:2011,0.0,0.0,0.0,2.8,2.07,0.0
20210526:2111,0.0,0.0,0.0,2.14,2.21,0.0
20210526:2211,0.0,0.0,0.0,1.06,2.21,0.0
20210526:2311,0.0,0.0,0.0,0.07,2.14,0.0
20210527:0011,0.0,0.0,0.0,-0.55,2.14,0.0
20210527:0111,0.0,0.0,0.0,-0.91,2.14,0.0
20210527:0211,0.0,0.0,0.0,-1.64,2.14,0.0
20210527:0311,0.0,0.68,3.02,-2.23,2.21,0.0
20210527:0411,540.19,605.89,9.35,-2.14,2.14,0.0
20210527:0511,588.73,672.17,16.4,-0.48,1.86,0.0
20210527:0611,777.94,931.21,23.86,2.5,1.66,0.0
20210527:0711,792.57,952.62,31.36,3.72,2.0,0.0
20210527:0811,579.81,681.91,38.49,4.74,2.07,0.0
20210527:0911,884.06,1089.66,44.68,5.57,2.14,0.0
20210527:1011,165.53,204.3,49.24,6.12,2.21,0.0
20210527:1111,241.54,290.44,51.4,6.59,2.34,0.0
20210527:1211,748.88,908.77,50.7,6.7,2.28,0.0
20210527:1311,117.88,151.09,47.28,6.72,2.21,0.0
20210527:1411,371.73,437.99,41.83,6.28,1.86,0.0
20210527:1511,398.99,468.6,35.1,6.08,1.66,0.0
20210527:1611,219.99,262.76,27.73,5.8,1.66,0.0
20210527:1711,233.42,275.41,20.2,4.87,1.52,0.0
20210527:1811,8.06,20.03,12.9,4.25,1.24,0.0
20210527:1911,0.0,5.02,6.16,3.84,1.66,0.0
20210527:2011,0.0,0.0,0.0,2.45,1.66,0.0
20210527:2111,0.0,0.0,0.0,1.16,1.59,0.0
20210527:2211,0.0,0.0,0.0,-0.36,1.66,0.0
20210527:2311,0.0,0.0,0.0,-1.68,1.72,0.0
20210528:0011,0.0,0.0,0.0,-2.82,1.86,0.0
20210528:0111,0.0,0.0,0.0,-3.6,1.93,0.0
20210528:0211,0.0,0.0,0.0,-4.03,2.0,0.0
20210528:0311,0.0,1.69,3.16,-4.26,2.0,0.0
20210528:0411,512.11,570.49,9.48,-3.52,1.93,0.0
20210528:0511,647.71,744.45,16.53,-1.29,1.59,0.0
20210528:0611,768.1,920.77,23.98,2.09,1.38,0.0
20210528:0711,785.26,954.91,31.49,3.33,1.24,0.0
20210528:0811,859.13,1066.31,38.62,5.04,1.45,0.0
20210528:0911,860.65,1064.48,44.82,6.16,1.93,0.0
20210528:1011,858.98,1062.18,49.39,7.08,2.21,0.0
20210528:1111,863.33,1069.74,51.57,7.75,2.34,0.0
20210528:1211,863.22,1066.91,50.86,8.22,2.62,0.0
20210528:1311,854.7,1054.48,47.44,8.42,2.69,0.0
20210528:1411,837.44,1029.24,41.98,8.55,2.76,0.0
20210528:1511,807.68,986.15,35.25,8.57,2.83,0.0
20210528:1611,755.92,914.06,27.89,8.28,2.76,0.0
20210528:1711,678.48,810.11,20.36,7.71,2.55,0.0
20210528:1811,560.67,657.54,13.05,6.8,2.34,0.0
20210528:1911,374.66,432.33,6.32,6.0,2.34,0.0
20210528:2011,0.0,0.0,0.0,4.47,2.28,0.0
20210528:2111,0.0,0.0,0.0,2.83,2.28,0.0
20210528:2211,0.0,0.0,0.0,0.97,2.21,0.0
20210528:2311,0.0,0.0,0.0,-0.21,2.14,0.0
20210529:0011,0.0,0.0,0.0,-0.94,2.07,0.0
20210529:0111,0.0,0.0,0.0,-1.36,2.07,0.0
20210529:0211,0.0,0.0,0.0,-1.44,2.07,0.0
20210529:0311,0.0,1.35,3.29,-1.19,1.93,0.0
20210529:0411,478.98,542.5,9.6,0.01,1.72,0.0
20210529:0511,619.98,724.75,16.65,2.39,1.45,0.0
20210529:0611,712.52,866.76,24.1,5.66,1.1,0.0
20210529:0711,751.04,954.23,31.61,10.32,0.76,0.0
20210529:0811,804.15,1049.99,38.74,12.68,0.76,0.0
20210529:0911,841.61,1093.36,44.95,12.89,1.31,0.0
20210529:1011,812.21,1032.78,49.54,12.05,1.79,0.0
20210529:1111,817.8,1038.96,51.72,12.43,2.0,0.0
20210529:1211,854.25,1090.68,51.02,12.71,2.14,0.0
20210529:1311,834.11,1058.48,47.6,12.82,2.28,0.0
20210529:1411,833.44,1053.74,42.14,12.76,2.41,0.0
20210529:1511,674.94,831.26,35.4,12.62,2.41,0.0
20210529:1611,692.7,852.95,28.03,12.31,2.34,0.0
20210529:1711,607.02,737.19,20.51,11.77,2.14,0.0
20210529:1811,499.94,596.56,13.21,10.99,2.14,0.0
20210529:1911,318.65,382.1,6.47,12.92,1.72,0.0
20210529:2011,0.0,0.0,0.0,11.5,1.66,0.0
20210529:2111,0.0,0.0,0.0,8.97,1.79,0.0
20210529:2211,0.0,0.0,0.0,6.54,1.86,0.0
20210529:2311,0.0,0.0,0.0,4.41,1.93,0.0
20210530:0011,0.0,0.0,0.0,3.04,2.0,0.0
20210530:0111,0.0,0.0,0.0,2.1,2.0,0.0
20210530:0211,0.0,0.0,0.0,1.59,2.0,0.0
20210530:0311,0.0,2.37,3.42,1.31,1.93,0.0
20210530:0411,522.49,603.18,9.72,2.89,1.59,0.0
20210530:0511,612.82,736.28,16.76,7.08,1.17,0.0
20210530:0611,658.47,819.83,24.21,10.96,0.9,0.0
20210530:0711,729.48,955.78,31.72,13.71,0.21,0.0
20210530:0811,765.78,1004.85,38.86,15.74,0.9,0.0
20210530:0911,810.47,1051.13,45.08,14.64,1.52,0.0
20210530:1011,820.97,1062.21,49.68,14.88,1.79,0.0
20210530:1111,826.63,1075.36,51.87,15.6,1.79,0.0
20210530:1211,812.12,1059.39,51.18,16.32,1.72,0.0
20210530:1311,811.69,1060.38,47.75,16.65,1.72,0.0
20210530:1411,810.69,1055.75,42.29,16.52,1.79,0.0
20210530:1511,762.25,978.81,35.55,16.13,1.86,0.0
20210530:1611,724.14,916.12,28.18,15.41,2.0,0.0
20210530:1711,642.08,803.74,20.65,15.85,1.86,0.0
20210530:1811,543.15,670.15,13.35,15.95,1.79,0.0
20210530:1911,385.04,468.69,6.62,15.91,1.59,0.0
20210530:2011,0.0,0.0,0.0,14.69,1.38,0.0
20210530:2111,0.0,0.0,0.0,12.37,1.52,0.0
20210530:2211,0.0,0.0,0.0,9.77,1.72,0.0
20210530:2311,0.0,0.0,0.0,7.34,1.86,0.0
20210531:0011,0.0,0.0,0.0,5.4,1.93,0.0
20210531:0111,0.0,0.0,0.0,4.0,1.93,0.0
20210531:0211,0.0,0.0,0.0,2.91,2.0,0.0
20210531:0311,0.0,3.38,3.54,2.26,2.0,0.0
20210531:0411,544.35,630.7,9.83,3.46,1.72,0.0
20210531:0511,678.51,819.46,16.87,6.87,1.45,0.0
20210531:0611,748.69,936.92,24.32,10.26,1.31,0.0
20210531:0711,790.15,1025.58,31.82,14.0,1.1,0.0
20210531:0811,780.09,1024.79,38.97,15.94,1.03,0.0
20210531:0911,806.39,1077.87,45.2,17.34,0.97,0.0
20210531:1011,821.43,1107.22,49.81,18.4,1.03,0.0
20210531:1111,835.37,1130.47,52.02,19.15,1.17,0.0
20210531:1211,824.14,1098.59,51.32,18.35,1.45,0.0
20210531:1311,839.17,1100.39,47.9,16.52,1.79,0.0
20210531:1411,823.36,1063.73,42.43,15.64,2.07,0.0
20210531:1511,752.19,951.4,35.69,14.96,2.28,0.0
20210531:1611,607.13,745.06,28.32,14.11,2.48,0.0
20210531:1711,521.5,633.73,20.79,14.01,2.28,0.0
20210531:1811,224.22,273.25,13.49,13.1,2.21,0.0
20210531:1911,376.7,453.5,6.76,14.1,1.86,0.0
20210531:2011,0.0,0.0,0.0,13.67,1.72,0.0
20210531:2111,0.0,0.0,0.0,11.31,1.72,0.0
20210531:2211,0.0,0.0,0.0,9.3,1.79,0.0
20210531:2311,0.0,0.0,0.0,7.36,1.79,0.0
20210601:0011,0.0,0.0,0.0,5.79,1.79,0.0
20210601:0111,0.0,0.0,0.0,5.03,1.72,0.0
20210601:0211,0.0,0.0,0.0,5.0,1.72,0.0
20210601:0311,0.31,6.42,3.65,5.38,1.66,0.0
20210601:0411,419.27,490.98,9.94,7.02,1.38,0.0
20210601:0511,551.11,667.99,16.97,9.71,0.9,0.0
20210601:0611,667.88,842.68,24.41,12.62,0.76,0.0
20210601:0711,463.6,565.58,31.92,13.54,1.52,0.0
20210601:0811,767.87,957.77,39.07,11.64,2.14,0.0
20210601:0911,775.29,969.5,45.32,11.65,2.14,0.0
20210601:1011,698.09,864.77,49.94,12.15,2.28,0.0
20210601:1111,585.91,721.17,52.15,12.83,2.07,0.0
20210601:1211,810.03,1029.01,51.47,13.16,2.07,0.0
20210601:1311,773.05,970.72,48.04,12.82,2.28,0.0
20210601:1411,753.53,943.43,42.57,12.6,2.14,0.0
20210601:1511,674.53,832.73,35.83,12.27,2.07,0.0
20210601:1611,617.13,758.54,28.45,12.97,1.93,0.0
20210601:1711,402.79,484.53,20.92,12.95,1.93,0.0
20210601:1811,1.74,9.76,13.63,13.02,1.79,0.0
20210601:1911,0.0,4.03,6.9,10.49,2.28,0.0
20210601:2011,0.0,0.0,0.0,10.31,2.21,0.0
20210601:2111,0.0,0.0,0.0,10.56,1.86,0.0
20210601:2211,0.0,0.0,0.0,10.51,1.66,0.0
20210601:2311,0.0,0.0,0.0,9.71,1.72,0.0
20210602:0011,0.0,0.0,0.0,8.22,1.86,0.0
20210602:0111,0.0,0.0,0.0,6.85,1.93,0.0
20210602:0211,0.0,0.0,0.0,6.14,1.79,0.0
20210602:0311,0.44,6.76,3.75,5.86,1.66,0.0
20210602:0411,360.34,421.04,10.04,6.65,1.31,0.0
20210602:0511,658.28,787.91,17.06,6.13,1.52,0.0
20210602:0611,744.87,889.66,24.51,5.21,2.28,0.0
20210602:0711,774.9,930.25,32.02,6.58,2.83,0.0
20210602:0811,717.07,855.88,39.17,8.36,3.66,0.0
20210602:0911,735.72,881.0,45.42,9.63,4.34,0.0
20210602:1011,657.9,784.59,50.06,10.43,4.69,0.0
20210602:1111,448.55,532.56,52.28,11.05,4.9,0.0
20210602:1211,585.69,697.69,51.6,11.44,5.03,0.0
20210602:1311,495.57,587.96,48.18,11.46,5.03,0.0
20210602:1411,185.81,230.23,42.7,11.15,4.76,0.0
20210602:1511,329.5,390.98,35.96,10.63,4.28,0.0
20210602:1611,313.02,370.22,28.58,9.95,3.79,0.0
20210602:1711,287.17,338.71,21.05,8.9,3.24,0.0
20210602:1811,39.29,60.66,13.76,8.02,2.83,0.0
20210602:1911,0.0,3.53,7.04,7.09,2.41,0.0
20210602:2011,0.0,0.0,0.0,6.57,2.14,0.0
20210602:2111,0.0,0.0,0.0,6.56,2.0,0.0
20210602:2211,0.0,0.0,0.0,6.46,1.93,0.0
20210602:2311,0.0,0.0,0.0,6.8,1.72,0.0
20210603:0011,0.0,0.0,0.0,6.79,1.66,0.0
20210603:0111,0.0,0.0,0.0,6.24,1.72,0.0
20210603:0211,0.0,0.0,0.0,5.8,1.79,0.0
20210603:0311,0.0,1.01,3.85,5.25,1.79,0.0
20210603:0411,0.32,6.43,10.13,5.01,1.86,0.0
20210603:0511,127.67,159.05,17.15,5.37,2.07,0.0
20210603:0611,46.87,69.66,24.59,6.69,3.66,0.0
20210603:0711,339.58,397.52,32.1,7.8,3.66,0.0
20210603:0811,683.74,811.49,39.26,9.39,4.48,0.0
20210603:0911,228.47,277.24,45.52,10.12,4.9,0.0
20210603:1011,331.39,395.25,50.17,10.77,5.1,0.0
20210603:1111,665.74,794.47,52.41,11.4,5.45,0.0
20210603:1211,276.81,333.95,51.73,11.64,5.93,0.0
20210603:1311,760.33,912.07,48.31,11.4,5.52,0.0
20210603:1411,230.42,280.27,42.83,11.43,5.59,0.0
20210603:1511,278.49,332.83,36.09,11.06,5.24,0.0
20210603:1611,263.59,314.11,28.71,9.9,4.07,0.0
20210603:1711,463.87,541.92,21.18,8.93,3.59,0.0
20210603:1811,17.31,33.35,13.89,7.95,3.17,0.0
20210603:1911,69.94,94.95,7.17,7.49,2.97,0.0
20210603:2011,0.0,0.0,0.0,6.09,2.62,0.0
20210603:2111,0.0,0.0,0.0,5.21,2.41,0.0
20210603:2211,0.0,0.0,0.0,4.9,2.34,0.0
20210603:2311,0.0,0.0,0.0,4.8,2.41,0.0
20210604:0011,0.0,0.0,0.0,4.79,2.28,0.0
20210604:0111,0.0,0.0,0.0,5.2,2.0,0.0
20210604:0211,0.0,0.0,0.0,5.39,1.86,0.0
20210604:0311,0.0,1.01,3.95,5.4,1.86,0.0
20210604:0411,0.31,6.43,10.21,5.81,1.79,0.0
20210604:0511,10.04,23.08,17.23,6.57,1.72,0.0
20210604:0611,246.88,290.98,24.67,5.89,2.55,0.0
20210604:0711,450.31,524.23,32.18,7.4,3.59,0.0
20210604:0811,281.52,333.77,39.35,7.47,3.1,0.0
20210604:0911,716.85,858.37,45.62,8.28,3.45,0.0
20210604:1011,865.02,1051.05,50.27,9.84,4.34,0.0
20210604:1111,815.47,991.26,52.52,10.98,4.41,0.0
20210604:1211,101.57,134.69,51.86,10.94,4.07,0.0
20210604:1311,100.36,133.29,48.44,10.91,3.79,0.0
20210604:1411,280.43,337.88,42.96,11.11,3.72,0.0
20210604:1511,381.79,453.17,36.21,10.55,3.24,0.0
20210604:1611,257.36,308.05,28.83,9.46,2.62,0.0
20210604:1711,241.5,288.72,21.3,9.27,2.55,0.0
20210604:1811,17.63,33.94,14.01,9.19,2.14,0.0
20210604:1911,12.73,27.28,7.29,12.15,1.38,0.0
20210604:2011,0.0,0.0,0.0,12.06,1.24,0.0
20210604:2111,0.0,0.0,0.0,11.57,1.03,0.0
20210604:2211,0.0,0.0,0.0,11.09,0.9,0.0
20210604:2311,0.0,0.0,0.0,10.47,0.76,0.0
20210605:0011,0.0,0.0,0.0,9.8,0.76,0.0
20210605:0111,0.0,0.0,0.0,9.24,0.83,0.0
20210605:0211,0.0,0.0,0.0,8.76,0.9,0.0
20210605:0311,0.0,1.01,4.03,8.27,0.97,0.0
20210605:0411,11.35,25.19,10.29,8.12,1.1,0.0
20210605:0511,473.7,569.28,17.31,9.14,0.62,0.0
20210605:0611,248.67,302.46,24.75,10.73,0.55,0.0
20210605:0711,111.27,147.3,32.26,12.18,0.62,0.0
20210605:0811,267.91,328.7,39.43,12.33,1.1,0.0
20210605:0911,496.22,597.03,45.71,9.91,1.86,0.0
20210605:1011,733.06,914.86,50.37,12.51,2.21,0.0
20210605:1111,836.38,1059.28,52.63,12.81,2.34,0.0
20210605:1211,541.81,662.65,51.97,12.89,2.28,0.0
20210605:1311,320.2,390.07,48.56,12.83,2.34,0.0
20210605:1411,339.85,411.88,43.07,12.6,2.28,0.0
20210605:1511,144.31,185.03,36.32,12.71,2.41,0.0
20210605:1611,127.27,164.88,28.94,12.57,2.28,0.0
20210605:1711,218.0,266.82,21.42,12.71,2.14,0.0
20210605:1811,363.08,437.99,14.13,13.72,1.66,0.0
20210605:1911,0.0,4.04,7.41,13.99,0.28,0.0
20210605:2011,0.0,0.32,1.58,13.27,0.41,0.0
20210605:2111,0.0,0.0,0.0,12.47,0.69,0.0
20210605:2211,0.0,0.0,0.0,11.79,0.69,0.0
20210605:2311,0.0,0.0,0.0,11.36,0.62,0.0
20210606:0011,0.0,0.0,0.0,10.77,0.62,0.0
20210606:0111,0.0,0.0,0.0,9.99,0.55,0.0
20210606:0211,0.0,0.0,0.0,9.41,0.14,0.0
20210606:0311,0.0,1.01,4.11,9.03,0.76,0.0
20210606:0411,0.3,6.43,10.37,8.73,0.9,0.0
20210606:0511,4.09,13.97,17.38,8.8,0.48,0.0
20210606:0611,23.23,41.25,24.81,9.26,0.28,0.0
20210606:0711,105.61,139.8,32.33,10.86,1.1,0.0
20210606:0811,119.35,156.38,39.5,11.87,1.31,0.0
20210606:0911,238.41,295.66,45.79,12.82,1.24,0.0
20210606:1011,171.12,216.95,50.47,12.61,1.66,0.0
20210606:1111,90.45,123.85,52.74,13.94,1.72,0.0
20210606:1211,97.25,132.08,52.09,14.37,1.72,0.0
20210606:1311,419.9,518.38,48.67,15.36,1.72,0.0
20210606:1411,590.17,736.45,43.19,15.7,1.93,0.0
20210606:1511,707.22,893.29,36.44,15.43,2.0,0.0
20210606:1611,736.87,932.81,29.06,15.24,2.0,0.0
20210606:1711,659.07,820.17,21.53,14.74,2.0,0.0
20210606:1811,553.62,676.27,14.24,14.12,1.93,0.0
20210606:1911,345.37,413.02,7.52,12.77,1.93,0.0
20210606:2011,0.0,0.32,1.69,10.98,1.72,0.0
20210606:2111,0.0,0.0,0.0,8.89,1.59,0.0
20210606:2211,0.0,0.0,0.0,7.15,1.66,0.0
20210606:2311,0.0,0.0,0.0,5.57,1.72,0.0
20210607:0011,0.0,0.0,0.0,4.26,1.66,0.0
20210607:0111,0.0,0.0,0.0,3.75,1.59,0.0
20210607:0211,0.0,0.0,0.0,3.31,1.72,0.0
20210607:0311,0.9,7.77,4.19,3.07,1.79,0.0
20210607:0411,395.3,453.79,10.44,3.48,1.72,0.0
20210607:0511,638.12,756.59,17.44,4.88,1.52,0.0
20210607:0611,612.52,738.58,24.88,7.38,1.17,0.0
20210607:0711,463.1,556.32,32.39,9.09,0.97,0.0
20210607:0811,281.47,344.12,39.57,11.41,0.76,0.0
20210607:0911,758.73,992.23,45.86,13.31,0.48,0.0
20210607:1011,734.91,937.49,50.55,14.35,1.59,0.0
20210607:1111,833.97,1098.68,52.83,14.98,1.17,0.0
20210607:1211,713.23,922.49,52.19,15.62,1.1,0.0
20210607:1311,686.95,884.67,48.78,16.11,1.17,0.0
20210607:1411,684.71,884.38,43.3,16.15,0.97,0.0
20210607:1511,515.06,644.72,36.54,16.04,1.03,0.0
20210607:1611,708.65,908.06,29.16,15.91,1.31,0.0
20210607:1711,614.53,770.44,21.64,15.52,1.38,0.0
20210607:1811,442.96,541.4,14.35,14.96,1.31,0.0
20210607:1911,424.61,510.07,7.63,13.39,1.93,0.0
20210607:2011,0.0,0.32,1.8,11.8,1.66,0.0
20210607:2111,0.0,0.0,0.0,9.8,1.52,0.0
20210607:2211,0.0,0.0,0.0,8.22,1.66,0.0
20210607:2311,0.0,0.0,0.0,6.86,1.66,0.0
20210608:0011,0.0,0.0,0.0,5.8,1.72,0.0
20210608:0111,0.0,0.0,0.0,5.12,1.72,0.0
20210608:0211,0.0,0.0,0.0,4.69,1.72,0.0
20210608:0311,293.7,338.53,4.25,4.34,1.66,0.0
20210608:0411,202.75,240.16,10.5,4.92,1.59,0.0
20210608:0511,329.48,386.89,17.5,7.23,1.52,0.0
20210608:0611,711.75,873.26,24.93,9.5,1.72,0.0
20210608:0711,774.02,960.28,32.45,9.3,1.72,0.0
20210608:0811,619.34,760.13,39.63,11.02,1.59,0.0
20210608:0911,629.71,782.32,45.93,12.48,1.52,0.0
20210608:1011,716.27,906.15,50.63,13.4,1.59,0.0
20210608:1111,638.61,799.85,52.92,14.2,1.79,0.0
20210608:1211,728.17,919.82,52.29,14.52,2.14,0.0
20210608:1311,836.43,1067.15,48.88,14.79,2.55,0.0
20210608:1411,816.61,1031.13,43.4,14.67,2.9,0.0
20210608:1511,795.07,998.24,36.64,14.6,2.97,0.0
20210608:1611,754.35,940.73,29.26,14.37,2.83,0.0
20210608:1711,680.15,837.98,21.74,14.04,2.69,0.0
20210608:1811,568.99,691.44,14.45,13.51,2.28,0.0
20210608:1911,428.6,513.03,7.73,12.58,1.93,0.0
20210608:2011,0.0,0.32,1.9,11.16,1.52,0.0
20210608:2111,0.0,0.0,0.0,8.96,1.45,0.0
20210608:2211,0.0,0.0,0.0,7.06,1.59,0.0
20210608:2311,0.0,0.0,0.0,5.48,1.72,0.0
20210609:0011,0.0,0.0,0.0,4.33,1.79,0.0
20210609:0111,0.0,0.0,0.0,3.45,1.79,0.0
20210609:0211,0.0,0.0,0.0,2.88,1.79,0.0
20210609:0311,291.91,333.69,4.31,2.55,1.72,0.0
20210609:0411,479.63,554.59,10.55,3.68,1.45,0.0
20210609:0511,604.78,721.03,17.55,6.46,1.38,0.0
20210609:0611,710.19,875.38,24.98,9.49,1.45,0.0
20210609:0711,785.94,988.16,32.5,10.27,1.45,0.0
20210609:0811,800.76,1022.18,39.68,11.66,1.31,0.0
20210609:0911,828.07,1070.06,45.99,12.67,1.31,0.0
20210609:1011,839.43,1085.47,50.7,13.51,1.59,0.0
20210609:1111,823.54,1057.73,53.01,14.17,1.93,0.0
20210609:1211,819.52,1049.08,52.38,14.71,2.21,0.0
20210609:1311,794.94,1011.75,48.97,14.91,2.34,0.0
20210609:1411,756.71,955.87,43.49,14.76,2.34,0.0
20210609:1511,726.18,912.15,36.74,14.84,2.34,0.0
20210609:1611,718.96,894.91,29.36,14.47,2.62,0.0
20210609:1711,694.17,854.53,21.83,13.7,2.76,0.0
20210609:1811,435.35,519.89,14.54,12.77,2.62,0.0
20210609:1911,1.67,9.61,7.83,11.57,2.34,0.0
20210609:2011,0.0,0.32,2.0,10.39,1.66,0.0
20210609:2111,0.0,0.0,0.0,9.18,1.66,0.0
20210609:2211,0.0,0.0,0.0,8.24,1.59,0.0
20210609:2311,0.0,0.0,0.0,7.74,1.45,0.0
20210610:0011,0.0,0.0,0.0,7.49,1.38,0.0
20210610:0111,0.0,0.0,0.0,7.29,1.31,0.0
20210610:0211,0.0,0.0,0.0,6.87,1.24,0.0
20210610:0311,0.0,1.86,4.37,6.6,1.17,0.0
20210610:0411,0.3,6.43,10.6,7.4,1.1,0.0
20210610:0511,15.07,30.34,17.59,8.39,1.31,0.0
20210610:0611,25.34,43.93,25.02,9.34,1.79,0.0
20210610:0711,108.88,142.67,32.54,9.85,1.79,0.0
20210610:0811,105.2,138.85,39.73,10.2,1.72,0.0
20210610:0911,99.57,132.97,46.05,11.23,1.72,0.0
20210610:1011,320.59,390.79,50.77,12.25,1.93,0.0
20210610:1111,364.42,444.71,53.09,13.72,2.55,0.0
20210610:1211,120.61,159.22,52.47,14.21,2.14,0.0
20210610:1311,101.33,136.81,49.06,14.55,2.21,0.0
20210610:1411,79.32,110.72,43.59,14.42,2.55,0.0
20210610:1511,89.55,122.78,36.83,14.6,3.03,0.0
20210610:1611,223.78,276.12,29.45,14.35,2.76,0.0
20210610:1711,64.25,92.49,21.92,13.86,2.28,0.0
20210610:1811,8.51,21.37,14.63,13.44,1.93,0.0
20210610:1911,0.0,4.05,7.92,12.51,1.52,0.0
20210610:2011,0.0,0.32,2.09,11.53,1.45,0.0
20210610:2111,0.0,0.0,0.0,10.48,1.31,0.0
20210610:2211,0.0,0.0,0.0,9.39,1.1,0.0
20210610:2311,0.0,0.0,0.0,8.81,0.76,0.0
20210611:0011,0.0,0.0,0.0,8.68,0.62,0.0
20210611:0111,0.0,0.0,0.0,8.32,0.55,0.0
20210611:0211,0.0,0.0,0.0,7.78,0.62,0.0
20210611:0311,0.0,2.33,4.42,7.99,0.69,0.0
20210611:0411,0.3,6.42,10.64,7.96,1.1,0.0
20210611:0511,5.54,16.38,17.63,9.09,1.59,0.0
20210611:0611,17.06,33.11,25.06,9.66,2.07,0.0
20210611:0711,42.72,65.76,32.58,10.77,2.34,0.0
20210611:0811,80.11,110.27,39.77,11.47,2.69,0.0
20210611:0911,97.31,130.44,46.09,11.86,2.83,0.0
20210611:1011,159.42,202.43,50.83,12.47,3.17,0.0
20210611:1111,196.25,245.25,53.16,12.98,3.52,0.0
20210611:1211,102.65,137.36,52.55,13.41,4.0,0.0
20210611:1311,75.08,105.18,49.15,13.47,3.72,0.0
20210611:1411,34.93,56.6,43.67,12.73,3.24,0.0
20210611:1511,121.69,158.45,36.92,12.01,3.1,0.0
20210611:1611,36.73,58.56,29.54,11.41,3.59,0.0
20210611:1711,95.91,127.22,22.01,10.68,3.72,0.0
20210611:1811,80.07,108.25,14.72,10.04,3.59,0.0
20210611:1911,4.76,15.2,8.0,9.4,3.03,0.0
20210611:2011,0.0,0.32,2.17,8.7,2.83,0.0
20210611:2111,0.0,0.0,0.0,8.23,2.83,0.0
20210611:2211,0.0,0.0,0.0,7.97,2.9,0.0
20210611:2311,0.0,0.0,0.0,7.57,2.97,0.0
20210612:0011,0.0,0.0,0.0,6.9,3.03,0.0
20210612:0111,0.0,0.0,0.0,6.12,3.24,0.0
20210612:0211,0.0,0.0,0.0,5.32,3.17,0.0
20210612:0311,0.0,1.86,4.46,4.47,3.17,0.0
20210612:0411,82.52,108.04,10.68,4.08,2.76,0.0
20210612:0511,21.9,38.82,17.66,4.37,3.45,0.0
20210612:0611,33.54,53.37,25.09,5.45,4.55,0.0
20210612:0711,216.67,257.73,32.61,6.19,5.1,0.0
20210612:0811,722.02,843.89,39.8,6.96,5.38,0.0
20210612:0911,420.71,488.89,46.14,7.38,5.52,0.0
20210612:1011,237.14,284.35,50.88,8.01,5.86,0.0
20210612:1111,465.29,543.07,53.22,8.25,5.93,0.0
20210612:1211,466.63,544.8,52.62,8.5,6.07,0.0
20210612:1311,607.65,709.97,49.23,8.66,6.14,0.0
20210612:1411,217.64,262.49,43.75,8.46,5.86,0.0
20210612:1511,368.53,429.3,37.0,7.94,5.17,0.0
20210612:1611,405.36,468.79,29.62,7.65,5.24,0.0
20210612:1711,62.01,87.35,22.09,7.26,4.83,0.0
20210612:1811,167.62,202.32,14.8,6.67,4.76,0.0
20210612:1911,51.45,73.63,8.08,5.87,3.24,0.0
20210612:2011,0.0,0.32,2.25,4.87,2.83,0.0
20210612:2111,0.0,0.0,0.0,4.05,2.69,0.0
20210612:2211,0.0,0.0,0.0,3.24,2.41,0.0
20210612:2311,0.0,0.0,0.0,2.87,2.28,0.0
20210613:0011,0.0,0.0,0.0,3.08,2.48,0.0
20210613:0111,0.0,0.0,0.0,3.13,2.62,0.0
20210613:0211,0.0,0.0,0.0,3.22,2.9,0.0
20210613:0311,0.0,1.86,4.49,2.98,3.03,0.0
20210613:0411,356.73,405.61,10.71,2.91,2.97,0.0
20210613:0511,304.27,349.17,17.69,3.4,2.97,0.0
20210613:0611,606.69,702.09,25.11,4.14,3.1,0.0
20210613:0711,793.02,949.76,32.63,5.49,2.76,0.0
20210613:0811,784.21,945.11,39.83,6.81,2.83,0.0
20210613:0911,840.98,1028.03,46.17,8.03,2.9,0.0
20210613:1011,230.5,279.97,50.92,9.09,3.24,0.0
20210613:1111,189.53,234.15,53.27,9.84,3.72,0.0
20210613:1211,148.86,188.12,52.68,10.27,4.28,0.0
20210613:1311,149.22,188.18,49.3,9.91,4.28,0.0
20210613:1411,158.92,198.71,43.82,9.49,4.07,0.0
20210613:1511,100.88,132.94,37.07,9.37,4.0,0.0
20210613:1611,114.12,147.7,29.69,9.51,4.0,0.0
20210613:1711,65.88,92.49,22.16,8.99,3.31,0.0
20210613:1811,35.05,55.77,14.88,8.43,2.55,0.0
20210613:1911,1.01,8.12,8.16,7.75,2.41,0.0
20210613:2011,0.0,0.32,2.33,7.67,2.07,0.0
20210613:2111,0.0,0.0,0.0,7.59,1.52,0.0
20210613:2211,0.0,0.0,0.0,7.74,1.72,0.0
20210613:2311,0.0,0.0,0.0,7.77,1.79,0.0
20210614:0011,0.0,0.0,0.0,7.92,1.93,0.0
20210614:0111,0.0,0.0,0.0,8.03,2.14,0.0
20210614:0211,0.0,0.0,0.0,8.19,2.34,0.0
20210614:0311,0.0,1.86,4.52,8.43,2.83,0.0
20210614:0411,0.29,6.42,10.73,8.71,2.62,0.0
20210614:0511,174.35,213.21,17.71,9.08,2.41,0.0
20210614:0611,14.08,29.04,25.13,9.59,2.0,0.0
20210614:0711,29.63,49.48,32.65,10.3,2.48,0.0
20210614:0811,38.32,60.26,39.86,10.32,2.41,0.0
20210614:0911,56.42,81.92,46.2,9.96,2.76,0.0
20210614:1011,71.42,99.46,50.96,9.69,2.55,0.0
20210614:1111,158.09,198.48,53.32,9.47,2.9,0.0
20210614:1211,95.39,126.88,52.74,9.08,2.48,0.0
20210614:1311,416.56,490.54,49.36,8.36,3.79,0.0
20210614:1411,387.58,452.34,43.89,7.28,4.34,0.0
20210614:1511,383.67,444.79,37.14,6.24,4.07,0.0
20210614:1611,301.01,349.87,29.76,6.18,4.62,0.0
20210614:1711,151.13,184.89,22.23,6.19,5.31,0.0
20210614:1811,27.99,46.6,14.95,5.83,5.03,0.0
20210614:1911,2.3,10.66,8.23,5.05,4.07,0.0
20210614:2011,0.0,0.64,2.39,4.13,4.41,0.0
20210614:2111,0.0,0.0,0.0,3.57,4.62,0.0
20210614:2211,0.0,0.0,0.0,3.49,4.76,0.0
20210614:2311,0.0,0.0,0.0,3.43,4.69,0.0
20210615:0011,0.0,0.0,0.0,3.5,4.28,0.0
20210615:0111,0.0,0.0,0.0,3.39,4.07,0.0
20210615:0211,0.0,0.0,0.0,3.31,4.0,0.0
20210615:0311,0.0,1.86,4.54,3.28,3.86,0.0
20210615:0411,0.55,6.95,10.75,3.33,2.83,0.0
20210615:0511,121.37,150.82,17.73,3.71,3.79,0.0
20210615:0611,281.34,325.43,25.15,4.14,3.72,0.0
20210615:0711,149.0,183.82,32.67,5.7,4.41,0.0
20210615:0811,341.31,397.8,39.87,6.57,4.41,0.0
20210615:0911,524.76,613.13,46.22,7.74,4.55,0.0
20210615:1011,528.13,618.81,50.99,7.72,4.41,0.0
20210615:1111,539.68,635.57,53.37,8.59,4.48,0.0
20210615:1211,582.28,688.01,52.8,8.97,4.48,0.0
20210615:1311,551.58,650.89,49.42,8.99,4.28,0.0
20210615:1411,697.68,830.05,43.96,8.85,4.21,0.0
20210615:1511,779.38,936.25,37.21,8.78,3.86,0.0
20210615:1611,804.03,968.2,29.83,8.51,3.66,0.0
20210615:1711,732.92,875.82,22.3,8.14,3.24,0.0
20210615:1811,428.72,498.59,15.01,7.57,2.9,0.0
20210615:1911,94.93,122.6,8.29,6.38,2.07,0.0
20210615:2011,0.0,1.91,2.45,5.55,1.52,0.0
20210615:2111,0.0,0.0,0.0,4.34,1.38,0.0
20210615:2211,0.0,0.0,0.0,3.48,1.38,0.0
20210615:2311,0.0,0.0,0.0,3.35,1.1,0.0
20210616:0011,0.0,0.0,0.0,3.3,0.97,0.0
20210616:0111,0.0,0.0,0.0,3.33,1.17,0.0
20210616:0211,0.0,0.0,0.0,3.38,1.24,0.0
20210616:0311,0.0,1.86,4.56,3.56,1.31,0.0
20210616:0411,0.32,6.41,10.76,3.9,1.38,0.0
20210616:0511,7.25,18.78,17.73,4.22,1.31,0.0
20210616:0611,245.93,290.17,25.15,4.64,1.17,0.0
20210616:0711,98.07,128.42,32.67,5.92,1.24,0.0
20210616:0811,166.99,206.58,39.88,7.09,1.72,0.0
20210616:0911,121.75,156.27,46.24,8.01,2.21,0.0
20210616:1011,92.48,123.66,51.02,9.44,2.69,0.0
20210616:1111,78.41,108.02,53.4,10.77,3.03,0.0
20210616:1211,142.75,182.89,52.84,12.2,3.59,0.0
20210616:1311,212.56,263.91,49.48,13.27,3.79,0.0
20210616:1411,192.17,240.53,44.01,13.68,3.79,0.0
20210616:1511,624.11,758.21,37.26,13.76,3.59,0.0
20210616:1611,605.87,734.89,29.88,13.58,3.24,0.0
20210616:1711,321.42,385.86,22.36,13.25,2.9,0.0
20210616:1811,88.77,119.6,15.07,12.82,2.55,0.0
20210616:1911,0.0,4.57,8.34,11.57,1.93,0.0
20210616:2011,0.0,0.64,2.51,10.47,1.72,0.0
20210616:2111,0.0,0.0,0.0,9.19,1.31,0.0
20210616:2211,0.0,0.0,0.0,7.91,0.97,0.0
20210616:2311,0.0,0.0,0.0,7.43,0.9,0.0
20210617:0011,0.0,0.0,0.0,6.89,0.9,0.0
20210617:0111,0.0,0.0,0.0,6.03,1.03,0.0
20210617:0211,0.0,0.0,0.0,5.47,0.97,0.0
20210617:0311,162.7,195.78,4.57,4.74,0.69,0.0
20210617:0411,449.1,527.26,10.77,4.57,0.34,0.0
20210617:0511,512.6,608.35,17.74,6.14,0.76,0.0
20210617:0611,694.93,847.79,25.15,7.43,1.24,0.0
20210617:0711,754.99,936.45,32.67,9.74,1.66,0.0
20210617:0811,749.65,926.55,39.89,11.61,2.48,0.0
20210617:0911,554.01,671.09,46.25,13.01,3.17,0.0
20210617:1011,160.93,204.93,51.04,13.46,3.45,0.0
20210617:1111,438.45,532.24,53.43,14.53,3.79,0.0
20210617:1211,150.81,194.28,52.88,14.84,3.79,0.0
20210617:1311,93.33,127.51,49.52,15.3,3.86,0.0
20210617:1411,144.25,187.29,44.06,15.84,3.79,0.0
20210617:1511,82.42,114.52,37.32,14.93,3.17,0.0
20210617:1611,60.27,88.03,29.94,14.35,2.76,0.0
20210617:1711,127.5,165.01,22.41,13.37,1.93,0.0
20210617:1811,5.67,16.81,15.12,12.4,1.45,0.0
20210617:1911,0.54,7.12,8.4,12.1,1.1,0.0
20210617:2011,0.0,0.64,2.56,11.6,0.83,0.0
20210617:2111,0.0,0.0,0.0,11.13,1.03,0.0
20210617:2211,0.0,0.0,0.0,10.81,1.03,0.0
20210617:2311,0.0,0.0,0.0,10.55,0.9,0.0
20210618:0011,0.0,0.0,0.0,10.27,0.76,0.0
20210618:0111,0.0,0.0,0.0,10.19,1.03,0.0
20210618:0211,0.0,0.0,0.0,10.02,0.97,0.0
20210618:0311,0.0,1.86,4.57,9.85,1.17,0.0
20210618:0411,0.49,6.94,10.77,10.45,1.31,0.0
20210618:0511,29.07,49.04,17.73,10.77,1.72,0.0
20210618:0611,84.51,115.23,25.15,11.29,1.86,0.0
20210618:0711,331.0,397.13,32.67,11.74,2.48,0.0
20210618:0811,605.27,731.34,39.88,11.67,2.97,0.0
20210618:0911,720.49,883.9,46.25,11.81,2.97,0.0
20210618:1011,740.93,914.53,51.05,12.47,3.03,0.0
20210618:1111,683.21,839.73,53.45,12.95,3.1,0.0
20210618:1211,841.18,1056.02,52.91,13.24,3.03,0.0
20210618:1311,784.93,980.04,49.56,13.32,2.9,0.0
20210618:1411,827.77,1042.69,44.11,13.36,2.69,0.0
20210618:1511,725.84,903.01,37.36,13.5,2.48,0.0
20210618:1611,728.55,907.84,29.99,13.45,2.28,0.0
20210618:1711,138.76,177.61,22.46,13.21,2.14,0.0
20210618:1811,12.53,27.26,15.17,12.79,1.86,0.0
20210618:1911,251.95,303.35,8.44,11.59,1.45,0.0
20210618:2011,0.0,0.64,2.6,10.77,0.62,0.0
20210618:2111,0.0,0.0,0.0,10.18,1.38,0.0
20210618:2211,0.0,0.0,0.0,8.99,1.17,0.0
20210618:2311,0.0,0.0,0.0,8.49,1.38,0.0
20210619:0011,0.0,0.0,0.0,8.24,1.38,0.0
20210619:0111,0.0,0.0,0.0,7.58,1.66,0.0
20210619:0211,0.0,0.0,0.0,7.36,1.38,0.0
20210619:0311,0.0,1.86,4.57,7.34,1.38,0.0
20210619:0411,0.29,6.41,10.76,7.49,1.24,0.0
20210619:0511,5.92,16.95,17.72,7.97,1.03,0.0
20210619:0611,31.28,51.25,25.14,8.21,1.03,0.0
20210619:0711,22.22,39.83,32.66,8.98,1.1,0.0
20210619:0811,25.67,44.36,39.88,9.64,1.1,0.0
20210619:0911,96.98,129.47,46.25,10.05,1.17,0.0
20210619:1011,53.44,78.67,51.05,10.04,0.28,0.0
20210619:1111,82.58,113.28,53.47,10.72,0.69,0.0
20210619:1211,95.91,128.66,52.94,10.51,0.83,0.0
20210619:1311,79.67,109.56,49.6,10.24,0.9,0.0
20210619:1411,103.57,137.21,44.15,10.19,0.97,0.0
20210619:1511,103.39,137.03,37.41,10.33,1.1,0.0
20210619:1611,103.1,136.4,30.03,10.31,1.24,0.0
20210619:1711,85.04,115.14,22.5,10.14,1.31,0.0
20210619:1811,154.67,192.5,15.21,10.4,1.66,0.0
20210619:1911,1.73,9.67,8.48,9.59,1.38,0.0
20210619:2011,0.0,0.64,2.63,8.8,1.38,0.0
20210619:2111,0.0,0.0,0.0,8.1,1.52,0.0
20210619:2211,0.0,0.0,0.0,7.18,1.59,0.0
20210619:2311,0.0,0.0,0.0,6.46,1.45,0.0
20210620:0011,0.0,0.0,0.0,5.98,1.52,0.0
20210620:0111,0.0,0.0,0.0,5.57,1.59,0.0
20210620:0211,0.0,0.0,0.0,5.38,1.66,0.0
20210620:0311,0.0,1.86,4.56,5.15,1.72,0.0
20210620:0411,0.31,6.4,10.75,5.51,1.38,0.0
20210620:0511,21.62,38.72,17.71,5.96,1.31,0.0
20210620:0611,89.97,119.4,25.12,6.83,1.31,0.0
20210620:0711,79.33,108.4,32.64,8.49,0.76,0.0
20210620:0811,500.63,602.72,39.86,9.72,1.52,0.0
20210620:0911,225.41,277.17,46.24,10.79,1.86,0.0
20210620:1011,351.76,426.25,51.05,11.81,2.21,0.0
20210620:1111,124.75,162.45,53.48,12.32,3.03,0.0
20210620:1211,140.17,180.3,52.96,12.53,3.24,0.0
20210620:1311,88.28,119.85,49.62,11.46,2.48,0.0
20210620:1411,57.75,83.82,44.18,10.87,2.34,0.0
20210620:1511,106.89,140.94,37.44,10.65,2.14,0.0
20210620:1611,60.89,87.41,30.06,10.33,2.07,0.0
20210620:1711,38.98,61.17,22.54,10.13,1.79,0.0
20210620:1811,81.1,109.8,15.24,10.1,1.66,0.0
20210620:1911,49.09,72.2,8.51,9.66,0.9,0.0
20210620:2011,0.0,0.64,2.66,9.34,1.24,0.0
20210620:2111,0.0,0.0,0.0,9.01,0.97,0.0
20210620:2211,0.0,0.0,0.0,8.79,0.97,0.0
20210620:2311,0.0,0.0,0.0,8.54,1.17,0.0
20210621:0011,0.0,0.0,0.0,8.2,1.45,0.0
20210621:0111,0.0,0.0,0.0,7.88,1.79,0.0
20210621:0211,0.0,0.0,0.0,7.4,2.07,0.0
20210621:0311,0.0,1.86,4.54,6.9,2.41,0.0
20210621:0411,0.51,6.93,10.73,6.76,2.34,0.0
20210621:0511,12.08,26.0,17.69,6.72,2.83,0.0
20210621:0611,49.93,73.45,25.1,7.19,3.1,0.0
20210621:0711,290.16,342.23,32.62,8.22,3.93,0.0
20210621:0811,781.36,939.01,39.84,9.41,4.14,0.0
20210621:0911,803.95,988.46,46.22,10.66,3.1,0.0
20210621:1011,749.79,928.63,51.04,12.21,2.76,0.0
20210621:1111,817.61,1033.88,53.48,13.31,2.41,0.0
20210621:1211,697.85,874.04,52.97,13.98,2.21,0.0
20210621:1311,633.9,791.2,49.64,14.32,1.93,0.0
20210621:1411,675.78,848.54,44.21,14.45,1.86,0.0
20210621:1511,672.26,831.94,37.47,14.21,2.62,0.0
20210621:1611,437.82,525.47,30.09,13.49,3.17,0.0
20210621:1711,156.62,196.6,22.57,12.31,3.17,0.0
20210621:1811,5.74,16.84,15.27,11.21,2.69,0.0
20210621:1911,12.68,27.07,8.54,10.43,2.48,0.0
20210621:2011,0.0,0.64,2.69,9.73,2.41,0.0
20210621:2111,0.0,0.0,0.0,8.94,2.41,0.0
20210621:2211,0.0,0.0,0.0,8.43,2.28,0.0
20210621:2311,0.0,0.0,0.0,7.99,1.93,0.0
20210622:0011,0.0,0.0,0.0,7.67,1.86,0.0
20210622:0111,0.0,0.0,0.0,7.39,1.79,0.0
20210622:0211,0.0,0.0,0.0,7.32,1.86,0.0
20210622:0311,0.0,1.86,4.52,7.44,1.72,0.0
20210622:0411,4.03,13.86,10.7,7.88,1.66,0.0
20210622:0511,4.07,13.9,17.66,8.46,1.52,0.0
20210622:0611,182.15,223.26,25.07,8.93,1.86,0.0
20210622:0711,254.07,306.09,32.59,9.78,2.14,0.0
20210622:0811,332.18,396.96,39.82,10.29,2.69,0.0
20210622:0911,236.26,288.91,46.2,10.96,2.69,0.0
20210622:1011,384.91,464.53,51.03,11.89,2.69,0.0
20210622:1111,612.5,753.56,53.47,12.64,2.28,0.0
20210622:1211,615.15,764.83,52.98,13.41,1.79,0.0
20210622:1311,680.21,857.38,49.66,13.4,1.45,0.0
20210622:1411,589.68,731.96,44.23,13.1,1.38,0.0
20210622:1511,404.7,492.44,37.49,13.15,1.52,0.0
20210622:1611,424.66,515.98,30.12,13.36,1.52,0.0
20210622:1711,234.25,287.2,22.59,13.13,1.38,0.0
20210622:1811,36.49,58.7,15.29,13.19,1.03,0.0
20210622:1911,5.31,16.31,8.56,13.04,0.76,0.0
20210622:2011,0.0,0.64,2.7,12.32,1.17,0.0
20210622:2111,0.0,0.0,0.0,10.82,1.03,0.0
20210622:2211,0.0,0.0,0.0,10.51,0.62,0.0
20210622:2311,0.0,0.0,0.0,9.74,0.34,0.0
20210623:0011,0.0,0.0,0.0,9.02,0.21,0.0
20210623:0111,0.0,0.0,0.0,8.43,0.34,0.0
20210623:0211,0.0,0.0,0.0,7.89,0.62,0.0
20210623:0311,0.0,1.85,4.49,7.11,0.83,0.0
20210623:0411,0.51,6.93,10.67,7.09,0.76,0.0
20210623:0511,17.18,33.23,17.63,8.56,0.69,0.0
20210623:0611,195.47,240.7,25.04,10.28,0.76,0.0
20210623:0711,496.85,607.12,32.56,10.62,0.55,0.0
20210623:0811,780.27,1003.27,39.78,12.44,1.03,0.0
20210623:0911,824.97,1067.34,46.17,13.55,1.45,0.0
20210623:1011,842.35,1094.07,51.01,14.41,1.66,0.0
20210623:1111,843.79,1095.68,53.46,15.14,1.86,0.0
20210623:1211,825.17,1070.48,52.97,15.84,1.93,0.0
20210623:1311,835.29,1089.53,49.67,16.24,1.86,0.0
20210623:1411,804.9,1044.72,44.24,16.5,1.86,0.0
20210623:1511,797.03,1032.2,37.51,16.52,1.86,0.0
20210623:1611,751.57,961.27,30.14,16.28,1.93,0.0
20210623:1711,669.18,842.56,22.61,15.88,1.79,0.0
20210623:1811,595.94,738.85,15.31,15.21,1.72,0.0
20210623:1911,428.85,518.96,8.57,14.32,1.72,0.0
20210623:2011,0.0,3.83,2.72,12.97,1.72,0.0
20210623:2111,0.0,0.0,0.0,11.34,1.59,0.0
20210623:2211,0.0,0.0,0.0,9.66,1.52,0.0
20210623:2311,0.0,0.0,0.0,8.15,1.59,0.0
20210624:0011,0.0,0.0,0.0,6.9,1.52,0.0
20210624:0111,0.0,0.0,0.0,6.11,1.45,0.0
20210624:0211,0.0,0.0,0.0,5.32,1.59,0.0
20210624:0311,44.42,64.93,4.46,4.91,1.52,0.0
20210624:0411,497.09,583.61,10.63,5.77,1.17,0.0
20210624:0511,607.01,737.29,17.59,8.46,0.9,0.0
20210624:0611,554.27,682.11,25.0,10.97,0.55,0.0
20210624:0711,738.1,944.0,32.52,12.77,0.9,0.0
20210624:0811,789.54,1020.62,39.75,14.03,1.24,0.0
20210624:0911,808.82,1047.98,46.14,15.06,1.59,0.0
20210624:1011,661.91,838.92,50.98,16.03,1.79,0.0
20210624:1111,659.99,842.76,53.44,16.71,1.59,0.0
20210624:1211,662.51,847.82,52.97,17.29,1.66,0.0
20210624:1311,211.82,269.94,49.67,17.55,1.79,0.0
20210624:1411,127.57,169.4,44.25,16.98,1.79,0.0
20210624:1511,140.65,184.3,37.52,16.87,2.14,0.0
20210624:1611,37.11,60.25,30.15,16.4,2.07,0.0
20210624:1711,8.51,21.51,22.62,15.94,1.79,0.0
20210624:1811,41.14,64.91,15.32,15.39,1.24,0.0
20210624:1911,4.37,14.8,8.58,14.78,0.9,0.0
20210624:2011,0.0,0.64,2.72,13.99,0.76,0.0
20210624:2111,0.0,0.0,0.0,12.62,0.76,0.0
20210624:2211,0.0,0.0,0.0,11.71,0.76,0.0
20210624:2311,0.0,0.0,0.0,10.53,0.83,0.0
20210625:0011,0.0,0.0,0.0,9.85,0.83,0.0
20210625:0111,0.0,0.0,0.0,8.93,0.97,0.0
20210625:0211,0.0,0.0,0.0,8.72,1.1,0.0
20210625:0311,0.0,1.85,4.42,8.86,1.03,0.0
20210625:0411,0.28,6.39,10.59,9.04,1.03,0.0
20210625:0511,240.26,289.99,17.54,10.01,0.9,0.0
20210625:0611,148.96,189.16,24.95,11.65,0.62,0.0
20210625:0711,565.51,710.56,32.48,13.1,0.28,0.0
20210625:0811,667.45,853.03,39.7,13.74,0.62,0.0
20210625:0911,513.13,639.5,46.1,14.65,1.03,0.0
20210625:1011,351.04,433.18,50.94,15.01,1.72,0.0
20210625:1111,602.05,751.12,53.42,14.63,1.86,0.0
20210625:1211,663.03,834.16,52.95,13.93,1.59,0.0
20210625:1311,528.56,657.24,49.66,14.36,1.31,0.0
20210625:1411,596.8,753.02,44.25,14.54,0.9,0.0
20210625:1511,135.17,177.67,37.53,15.74,0.9,0.0
20210625:1611,14.39,30.13,30.16,15.76,0.83,0.0
20210625:1711,20.01,37.81,22.63,14.6,0.55,0.0
20210625:1811,7.83,20.36,15.33,13.99,0.76,0.0
20210625:1911,400.52,492.21,8.59,14.92,0.41,0.0
20210625:2011,0.0,0.64,2.72,13.42,0.83,0.0
20210625:2111,0.0,0.0,0.0,12.1,0.97,0.0
20210625:2211,0.0,0.0,0.0,10.88,1.17,0.0
20210625:2311,0.0,0.0,0.0,9.42,1.45,0.0
20210626:0011,0.0,0.0,0.0,8.37,1.59,0.0
20210626:0111,0.0,0.0,0.0,7.6,1.66,0.0
20210626:0211,0.0,0.0,0.0,7.15,1.66,0.0
20210626:0311,0.0,1.85,4.37,7.03,1.45,0.0
20210626:0411,359.6,423.11,10.54,7.82,1.17,0.0
20210626:0511,443.81,532.3,17.49,10.21,0.97,0.0
20210626:0611,679.65,852.18,24.9,11.66,0.9,0.0
20210626:0711,738.49,947.17,32.43,12.67,0.76,0.0
20210626:0811,756.85,988.25,39.65,14.51,0.69,0.0
20210626:0911,680.05,871.93,46.05,16.07,1.24,0.0
20210626:1011,467.58,584.47,50.9,17.01,1.59,0.0
20210626:1111,429.19,537.89,53.38,17.86,1.66,0.0
20210626:1211,687.14,883.26,52.93,18.35,1.93,0.0
20210626:1311,627.84,795.04,49.65,18.35,2.34,0.0
20210626:1411,617.24,776.98,44.24,18.27,2.55,0.0
20210626:1511,592.46,740.81,37.53,18.37,2.76,0.0
20210626:1611,476.53,586.9,30.16,17.86,2.76,0.0
20210626:1711,262.56,323.56,22.63,16.74,2.41,0.0
20210626:1811,50.97,76.87,15.33,15.74,1.66,0.0
20210626:1911,4.96,15.83,8.58,15.21,1.93,0.0
20210626:2011,0.0,0.96,2.71,14.14,1.93,0.0
20210626:2111,0.0,0.0,0.0,12.95,1.93,0.0
20210626:2211,0.0,0.0,0.0,12.01,1.79,0.0
20210626:2311,0.0,0.0,0.0,11.43,1.59,0.0
20210627:0011,0.0,0.0,0.0,10.91,1.52,0.0
20210627:0111,0.0,0.0,0.0,10.51,1.52,0.0
20210627:0211,0.0,0.0,0.0,10.11,1.59,0.0
20210627:0311,0.0,1.85,4.32,9.96,1.66,0.0
20210627:0411,0.27,6.38,10.49,10.13,1.66,0.0
20210627:0511,6.17,17.49,17.44,10.43,1.79,0.0
20210627:0611,13.4,28.24,24.85,11.1,1.86,0.0
20210627:0711,226.61,278.1,32.37,11.82,1.59,0.0
20210627:0811,493.02,606.17,39.6,13.21,1.17,0.0
20210627:0911,516.74,642.1,46.0,14.87,1.38,0.0
20210627:1011,796.77,1035.34,50.85,16.13,1.66,0.0
20210627:1111,785.79,1023.32,53.34,17.1,1.72,0.0
20210627:1211,784.41,1028.52,52.9,17.82,1.59,0.0
20210627:1311,745.04,968.38,49.63,18.3,1.79,0.0
20210627:1411,770.25,1002.87,44.23,18.51,1.93,0.0
20210627:1511,757.63,982.9,37.52,18.47,1.93,0.0
20210627:1611,723.21,928.45,30.16,18.16,2.0,0.0
20210627:1711,632.16,793.67,22.63,17.65,2.21,0.0
20210627:1811,573.94,710.96,15.32,16.89,2.21,0.0
20210627:1911,437.02,531.72,8.57,15.59,1.86,0.0
20210627:2011,0.0,3.84,2.69,14.17,1.86,0.0
20210627:2111,0.0,0.0,0.0,12.47,1.79,0.0
20210627:2211,0.0,0.0,0.0,10.95,1.66,0.0
20210627:2311,0.0,0.0,0.0,9.64,1.52,0.0
20210628:0011,0.0,0.0,0.0,8.57,1.52,0.0
20210628:0111,0.0,0.0,0.0,7.81,1.52,0.0
20210628:0211,0.0,0.0,0.0,7.16,1.52,0.0
20210628:0311,0.5,6.93,4.26,6.89,1.45,0.0
20210628:0411,3.41,12.76,10.43,7.33,1.24,0.0
20210628:0511,290.54,345.98,17.38,8.97,1.1,0.0
20210628:0611,559.89,683.84,24.78,10.84,1.03,0.0
20210628:0711,754.49,961.08,32.31,12.82,1.24,0.0
20210628:0811,792.45,1033.96,39.54,14.47,1.03,0.0
20210628:0911,782.1,1033.6,45.94,15.92,0.83,0.0
20210628:1011,809.96,1082.23,50.8,17.26,0.97,0.0
20210628:1111,827.58,1100.93,53.3,18.39,1.52,0.0
20210628:1211,820.4,1087.31,52.86,19.15,1.79,0.0
20210628:1311,815.68,1083.68,49.6,19.5,1.72,0.0
20210628:1411,783.6,1038.4,44.22,19.72,1.59,0.0
20210628:1511,760.22,1000.21,37.51,19.74,1.66,0.0
20210628:1611,727.96,947.61,30.15,19.45,1.72,0.0
20210628:1711,664.66,850.0,22.62,18.85,1.79,0.0
20210628:1811,467.51,578.83,15.31,18.03,1.79,0.0
20210628:1911,406.3,497.24,8.56,16.45,1.52,0.0
20210628:2011,0.0,4.16,2.67,15.17,1.45,0.0
20210628:2111,0.0,0.0,0.0,13.36,1.38,0.0
20210628:2211,0.0,0.0,0.0,11.52,1.38,0.0
20210628:2311,0.0,0.0,0.0,10.01,1.52,0.0
20210629:0011,0.0,0.0,0.0,8.8,1.66,0.0
20210629:0111,0.0,0.0,0.0,7.88,1.66,0.0
20210629:0211,0.0,0.0,0.0,7.32,1.79,0.0
20210629:0311,0.4,6.68,4.2,6.99,1.66,0.0
20210629:0411,462.83,544.96,10.36,7.63,1.45,0.0
20210629:0511,185.92,227.1,17.31,9.42,1.45,0.0
20210629:0611,617.22,757.65,24.72,11.76,1.52,0.0
20210629:0711,680.44,862.86,32.24,14.08,1.1,0.0
20210629:0811,743.65,968.14,39.47,15.71,0.97,0.0
20210629:0911,694.19,904.17,45.88,16.97,0.9,0.0
20210629:1011,596.19,766.09,50.74,17.95,1.03,0.0
20210629:1111,795.29,1052.63,53.24,18.76,1.52,0.0
20210629:1211,766.67,1005.5,52.82,19.4,1.86,0.0
20210629:1311,786.57,1041.56,49.57,19.75,1.66,0.0
20210629:1411,765.68,1013.9,44.19,19.76,1.45,0.0
20210629:1511,715.36,929.4,37.49,19.57,1.79,0.0
20210629:1611,707.04,912.63,30.13,19.41,1.93,0.0
20210629:1711,645.7,821.54,22.6,18.96,1.93,0.0
20210629:1811,546.9,684.39,15.29,18.51,1.79,0.0
20210629:1911,368.17,454.47,8.53,17.71,1.1,0.0
20210629:2011,0.0,2.88,2.65,16.36,1.59,0.0
20210629:2111,0.0,0.0,0.0,14.9,1.79,0.0
20210629:2211,0.0,0.0,0.0,13.63,2.21,0.0
20210629:2311,0.0,0.0,0.0,12.59,2.21,0.0
20210630:0011,0.0,0.0,0.0,11.74,2.07,0.0
20210630:0111,0.0,0.0,0.0,11.5,1.66,0.0
20210630:0211,0.0,0.0,0.0,11.29,1.79,0.0
20210630:0311,0.0,1.34,4.13,11.03,1.59,0.0
20210630:0411,0.26,6.37,10.29,10.76,1.72,0.0
20210630:0511,13.43,28.3,17.24,10.61,1.72,0.0
20210630:0611,53.84,79.23,24.65,10.62,1.86,0.0
20210630:0711,101.12,134.6,32.17,11.21,1.79,0.0
20210630:0811,148.5,189.29,39.4,11.61,2.07,0.0
20210630:0911,133.26,172.6,45.81,12.58,2.34,0.0
20210630:1011,342.17,417.2,50.67,13.11,2.28,0.0
20210630:1111,401.29,490.85,53.19,13.77,2.14,0.0
20210630:1211,507.87,628.26,52.77,15.04,2.0,0.0
20210630:1311,601.51,751.13,49.53,15.51,2.07,0.0
20210630:1411,710.64,901.41,44.16,15.74,2.0,0.0
20210630:1511,694.41,879.36,37.47,15.98,1.93,0.0
20210630:1611,705.27,891.03,30.11,16.22,2.14,0.0
20210630:1711,375.77,458.05,22.58,16.16,2.28,0.0
20210630:1811,592.57,730.84,15.27,15.74,2.28,0.0
20210630:1911,287.61,347.9,8.5,14.92,2.55,0.0
20210630:2011,0.0,0.96,2.61,13.63,2.14,0.0
20210630:2111,0.0,0.0,0.0,12.28,1.66,0.0
20210630:2211,0.0,0.0,0.0,10.89,1.1,0.0
20210630:2311,0.0,0.0,0.0,10.64,0.9,0.0
20210701:0011,0.0,0.0,0.0,8.95,1.31,0.0
20210701:0111,0.0,0.0,0.0,7.65,1.59,0.0
20210701:0211,0.0,0.0,0.0,6.56,1.66,0.0
20210701:0311,0.68,7.34,4.05,5.84,1.66,0.0
20210701:0411,471.96,553.93,10.22,6.48,1.31,0.0
20210701:0511,596.0,724.26,17.16,9.3,1.03,0.0
20210701:0611,686.93,860.74,24.57,12.0,1.1,0.0
20210701:0711,757.86,946.01,32.09,12.54,2.21,0.0
20210701:0811,706.35,872.31,39.32,13.5,2.9,0.0
20210701:0911,735.76,912.88,45.73,14.23,3.24,0.0
20210701:1011,738.08,915.96,50.6,14.93,3.66,0.0
20210701:1111,740.33,919.22,53.12,15.03,3.72,0.0
20210701:1211,754.16,938.65,52.71,15.22,3.72,0.0
20210701:1311,717.21,895.79,49.49,15.58,3.17,0.0
20210701:1411,521.51,641.64,44.13,16.18,2.9,0.0
20210701:1511,288.9,356.35,37.43,16.43,2.76,0.0
20210701:1611,70.06,100.58,30.08,16.38,2.69,0.0
20210701:1711,39.08,62.68,22.55,15.89,2.34,0.0
20210701:1811,10.85,25.06,15.23,15.47,2.0,0.0
20210701:1911,21.25,39.13,8.47,14.56,1.79,0.0
20210701:2011,0.0,0.64,2.57,14.06,1.31,0.0
20210701:2111,0.0,0.0,0.0,13.54,1.17,0.0
20210701:2211,0.0,0.0,0.0,13.07,1.52,0.0
20210701:2311,0.0,0.0,0.0,12.55,1.59,0.0
20210702:0011,0.0,0.0,0.0,11.9,1.66,0.0
20210702:0111,0.0,0.0,0.0,11.33,1.52,0.0
20210702:0211,0.0,0.0,0.0,10.35,1.72,0.0
20210702:0311,0.0,1.0,3.97,9.4,1.45,0.0
20210702:0411,0.07,5.83,10.13,9.53,1.24,0.0
20210702:0511,5.73,16.84,17.08,11.71,1.17,0.0
20210702:0611,104.15,138.29,24.49,12.89,2.34,0.0
20210702:0711,254.15,311.05,32.01,14.22,2.97,0.0
20210702:0811,405.5,492.44,39.24,15.29,3.24,0.0
20210702:0911,531.61,652.35,45.65,16.52,3.52,0.0
20210702:1011,691.66,865.92,50.52,17.42,3.52,0.0
20210702:1111,429.69,531.29,53.05,18.16,3.59,0.0
20210702:1211,322.22,401.38,52.65,18.77,3.72,0.0
20210702:1311,447.46,555.05,49.44,19.16,3.59,0.0
20210702:1411,221.42,281.2,44.08,19.2,3.31,0.0
20210702:1511,114.76,154.87,37.4,18.62,2.97,0.0
20210702:1611,108.49,146.78,30.04,18.05,2.76,0.0
20210702:1711,36.76,60.08,22.51,17.28,2.34,0.0
20210702:1811,9.62,23.31,15.2,16.52,1.72,0.0
20210702:1911,0.53,7.16,8.43,15.79,0.9,0.0
20210702:2011,0.0,0.64,2.52,15.28,1.24,0.0
20210702:2111,0.0,0.0,0.0,14.48,1.17,0.0
20210702:2211,0.0,0.0,0.0,13.61,1.03,0.0
20210702:2311,0.0,0.0,0.0,13.08,1.03,0.0
20210703:0011,0.0,0.0,0.0,12.5,1.1,0.0
20210703:0111,0.0,0.0,0.0,11.93,1.24,0.0
20210703:0211,0.0,0.0,0.0,11.68,1.17,0.0
20210703:0311,0.0,1.0,3.89,11.08,1.31,0.0
20210703:0411,0.06,5.83,10.05,11.24,1.24,0.0
20210703:0511,3.25,12.63,16.99,12.26,0.9,0.0
20210703:0611,19.46,36.88,24.4,13.5,0.9,0.0
20210703:0711,53.42,80.04,31.92,15.11,2.34,0.0
20210703:0811,77.48,108.96,39.16,15.63,3.52,0.0
20210703:0911,413.46,505.08,45.56,15.65,3.03,0.0
20210703:1011,413.23,506.47,50.44,15.94,3.1,0.0
20210703:1111,512.68,632.84,52.97,16.2,2.83,0.0
20210703:1211,614.36,769.05,52.58,17.07,2.69,0.0
20210703:1311,411.86,509.82,49.38,17.43,2.62,0.0
20210703:1411,319.92,397.35,44.03,17.89,2.62,0.0
20210703:1511,591.05,736.93,37.35,17.86,2.76,0.0
20210703:1611,443.66,544.35,30.0,17.23,2.62,0.0
20210703:1711,381.9,467.71,22.47,16.98,2.14,0.0
20210703:1811,368.61,449.48,15.15,16.2,1.86,0.0
20210703:1911,82.94,114.21,8.38,16.7,1.24,0.0
20210703:2011,0.0,0.64,2.47,16.17,0.9,0.0
20210703:2111,0.0,0.0,0.0,15.09,0.62,0.0
20210703:2211,0.0,0.0,0.0,14.83,0.69,0.0
20210703:2311,0.0,0.0,0.0,13.8,0.97,0.0
20210704:0011,0.0,0.0,0.0,11.81,1.1,0.0
20210704:0111,0.0,0.0,0.0,9.99,1.31,0.0
20210704:0211,0.0,0.0,0.0,9.75,1.31,0.0
20210704:0311,0.0,2.0,3.79,9.7,1.17,0.0
20210704:0411,1.92,10.06,9.95,10.15,0.9,0.0
20210704:0511,292.98,354.95,16.9,12.43,0.83,0.0
20210704:0611,410.05,499.54,24.31,13.52,1.03,0.0
20210704:0711,118.79,156.99,31.83,14.84,2.21,0.0
20210704:0811,128.43,168.73,39.06,15.51,3.03,0.0
20210704:0911,207.56,261.84,45.47,16.5,3.38,0.0
20210704:1011,590.37,732.56,50.35,17.04,3.24,0.0
20210704:1111,802.05,1006.99,52.88,16.5,3.93,0.0
20210704:1211,213.62,268.24,52.5,15.58,3.66,0.0
20210704:1311,119.02,157.73,49.31,15.23,3.03,0.0
20210704:1411,182.47,231.91,43.98,15.92,3.38,0.0
20210704:1511,410.0,497.49,37.3,14.84,2.9,0.0
20210704:1611,296.9,360.97,29.96,14.6,2.9,0.0
20210704:1711,213.56,263.11,22.43,14.27,2.83,0.0
20210704:1811,124.8,161.04,15.1,13.83,2.69,0.0
20210704:1911,41.42,63.98,8.32,13.47,2.28,0.0
20210704:2011,0.0,1.92,2.41,12.92,1.93,0.0
20210704:2111,0.0,0.0,0.0,12.19,1.72,0.0
20210704:2211,0.0,0.0,0.0,12.06,1.72,0.0
20210704:2311,0.0,0.0,0.0,11.8,1.86,0.0
20210705:0011,0.0,0.0,0.0,11.61,1.59,0.0
20210705:0111,0.0,0.0,0.0,11.59,1.59,0.0
20210705:0211,0.0,0.0,0.0,11.55,1.59,0.0
20210705:0311,0.0,1.0,3.69,11.47,1.59,0.0
20210705:0411,5.11,15.88,9.86,11.59,1.72,0.0
20210705:0511,5.34,16.21,16.8,11.71,1.72,0.0
20210705:0611,73.92,103.23,24.21,11.9,1.72,0.0
20210705:0711,186.87,234.18,31.73,13.53,1.79,0.0
20210705:0811,60.87,88.38,38.96,13.31,2.28,0.0
20210705:0911,74.6,104.97,45.37,13.91,2.21,0.0
20210705:1011,84.29,116.54,50.25,14.23,2.62,0.0
20210705:1111,86.49,119.38,52.79,14.94,3.45,0.0
20210705:1211,55.47,82.32,52.42,14.66,3.52,0.0
20210705:1311,78.5,109.73,49.24,14.39,2.9,0.0
20210705:1411,54.87,81.53,43.91,14.49,3.03,0.0
20210705:1511,186.97,234.83,37.25,13.98,2.69,0.0
20210705:1611,173.68,218.36,29.9,13.93,3.1,0.0
20210705:1711,47.11,71.86,22.37,13.22,2.83,0.0
20210705:1811,89.4,120.44,15.05,13.12,2.69,0.0
20210705:1911,0.0,4.61,8.26,12.81,2.07,0.0
20210705:2011,0.0,0.32,2.34,12.41,2.0,0.0
20210705:2111,0.0,0.0,0.0,12.02,2.0,0.0
20210705:2211,0.0,0.0,0.0,11.82,1.86,0.0
20210705:2311,0.0,0.0,0.0,12.06,2.21,0.0
20210706:0011,0.0,0.0,0.0,11.52,2.21,0.0
20210706:0111,0.0,0.0,0.0,11.09,2.07,0.0
20210706:0211,0.0,0.0,0.0,10.85,2.0,0.0
20210706:0311,0.0,1.0,3.59,10.56,2.07,0.0
20210706:0411,0.05,5.82,9.75,10.62,1.79,0.0
20210706:0511,7.62,19.81,16.7,11.06,1.59,0.0
20210706:0611,53.38,79.01,24.11,11.63,1.72,0.0
20210706:0711,60.4,87.29,31.63,11.79,2.48,0.0
20210706:0811,160.46,202.87,38.86,12.0,2.76,0.0
20210706:0911,152.32,194.05,45.27,12.13,2.69,0.0
20210706:1011,229.92,284.46,50.14,13.01,2.9,0.0
20210706:1111,757.89,938.31,52.69,13.93,3.59,0.0
20210706:1211,265.69,326.58,52.33,14.65,4.76,0.0
20210706:1311,169.08,214.99,49.16,14.73,4.55,0.0
20210706:1411,86.22,118.6,43.85,14.48,4.76,0.0
20210706:1511,147.54,188.33,37.19,13.16,4.62,0.0
20210706:1611,37.52,59.67,29.84,12.13,4.41,0.0
20210706:1711,8.8,21.56,22.31,11.05,3.79,0.0
20210706:1811,4.07,14.0,14.98,10.09,2.55,0.0
20210706:1911,0.0,4.61,8.2,9.67,2.21,0.0
20210706:2011,0.0,0.32,2.27,9.37,1.66,0.0
20210706:2111,0.0,0.0,0.0,9.22,1.66,0.0
20210706:2211,0.0,0.0,0.0,9.22,1.86,0.0
20210706:2311,0.0,0.0,0.0,9.29,1.72,0.0
20210707:0011,0.0,0.0,0.0,9.35,1.52,0.0
20210707:0111,0.0,0.0,0.0,9.46,1.59,0.0
20210707:0211,0.0,0.0,0.0,9.49,1.93,0.0
20210707:0311,0.0,1.0,3.48,9.36,2.07,0.0
20210707:0411,0.69,7.4,9.64,9.38,2.14,0.0
20210707:0511,26.54,45.59,16.59,9.47,2.07,0.0
20210707:0611,9.23,22.09,24.0,9.62,2.07,0.0
20210707:0711,41.25,63.79,31.52,9.94,1.86,0.0
20210707:0811,339.48,407.24,38.75,10.52,2.0,0.0
20210707:0911,362.31,437.59,45.16,11.73,2.14,0.0
20210707:1011,252.34,309.24,50.04,12.06,2.76,0.0
20210707:1111,285.81,349.95,52.58,12.97,2.69,0.0
20210707:1211,453.24,546.31,52.23,12.38,3.24,0.0
20210707:1311,69.09,97.74,49.08,12.45,3.45,0.0
20210707:1411,94.86,127.67,43.77,12.07,3.03,0.0
20210707:1511,81.89,112.62,37.12,12.24,3.31,0.0
20210707:1611,81.36,111.66,29.78,11.52,3.17,0.0
20210707:1711,76.57,105.48,22.25,10.75,2.9,0.0
20210707:1811,100.16,131.31,14.92,10.54,2.41,0.0
20210707:1911,147.96,183.37,8.12,10.12,2.76,0.0
20210707:2011,0.0,2.25,2.19,9.32,2.21,0.0
20210707:2111,0.0,0.0,0.0,8.52,1.93,0.0
20210707:2211,0.0,0.0,0.0,8.16,1.79,0.0
20210707:2311,0.0,0.0,0.0,8.21,1.52,0.0
20210708:0011,0.0,0.0,0.0,8.16,1.38,0.0
20210708:0111,0.0,0.0,0.0,8.19,1.31,0.0
20210708:0211,0.0,0.0,0.0,8.23,1.66,0.0
20210708:0311,0.0,3.65,3.37,8.32,1.79,0.0
20210708:0411,23.41,41.04,9.53,8.3,1.66,0.0
20210708:0511,119.68,152.26,16.48,8.48,1.72,0.0
20210708:0611,78.92,107.58,23.89,8.96,2.34,0.0
20210708:0711,80.54,110.68,31.41,10.74,1.45,0.0
20210708:0811,295.84,357.94,38.64,11.05,1.66,0.0
20210708:0911,213.81,264.44,45.04,11.19,1.66,0.0
20210708:1011,105.06,139.81,49.92,12.06,1.86,0.0
20210708:1111,202.29,252.74,52.47,12.33,1.93,0.0
20210708:1211,222.6,276.54,52.13,12.88,2.34,0.0
20210708:1311,87.88,120.04,48.98,12.79,2.55,0.0
20210708:1411,228.91,281.73,43.69,12.49,3.03,0.0
20210708:1511,114.72,150.31,37.04,11.58,2.69,0.0
20210708:1611,212.14,259.41,29.71,11.23,2.62,0.0
20210708:1711,8.36,20.91,22.18,11.2,2.41,0.0
20210708:1811,122.84,157.09,14.84,11.02,2.14,0.0
20210708:1911,350.08,414.45,8.04,10.62,2.0,0.0
20210708:2011,0.0,2.89,2.1,10.03,1.86,0.0
20210708:2111,0.0,0.0,0.0,9.24,1.59,0.0
20210708:2211,0.0,0.0,0.0,9.08,1.52,0.0
20210708:2311,0.0,0.0,0.0,9.23,1.66,0.0
20210709:0011,0.0,0.0,0.0,9.02,1.38,0.0
20210709:0111,0.0,0.0,0.0,8.84,1.52,0.0
20210709:0211,0.0,0.0,0.0,8.61,1.66,0.0
20210709:0311,0.0,0.66,3.25,8.48,1.38,0.0
20210709:0411,0.0,5.28,9.41,8.5,1.45,0.0
20210709:0511,12.18,26.36,16.36,8.8,1.24,0.0
20210709:0611,27.07,46.14,23.77,9.23,1.31,0.0
20210709:0711,73.7,102.58,31.3,10.56,1.66,0.0
20210709:0811,175.13,219.51,38.52,11.42,1.93,0.0
20210709:0911,344.75,416.33,44.92,11.54,2.14,0.0
20210709:1011,113.91,150.15,49.8,12.52,2.55,0.0
20210709:1111,137.78,178.18,52.35,13.16,2.83,0.0
20210709:1211,574.74,704.34,52.02,13.48,2.62,0.0
20210709:1311,657.61,815.9,48.88,13.92,2.41,0.0
20210709:1411,359.54,439.59,43.6,14.49,2.14,0.0
20210709:1511,120.27,158.53,36.96,14.02,1.93,0.0
20210709:1611,71.81,101.38,29.63,13.23,2.41,0.0
20210709:1711,38.15,60.77,22.1,12.63,1.24,0.0
20210709:1811,98.59,130.85,14.76,12.25,0.83,0.0
20210709:1911,0.0,4.1,7.96,12.27,1.17,0.0
20210709:2011,0.0,0.32,2.01,11.8,0.9,0.0
20210709:2111,0.0,0.0,0.0,10.96,0.76,0.0
20210709:2211,0.0,0.0,0.0,9.92,1.1,0.0
20210709:2311,0.0,0.0,0.0,8.67,1.31,0.0
20210710:0011,0.0,0.0,0.0,8.25,1.31,0.0
20210710:0111,0.0,0.0,0.0,7.28,1.38,0.0
20210710:0211,0.0,0.0,0.0,6.39,1.52,0.0
20210710:0311,0.0,2.99,3.12,5.83,1.59,0.0
20210710:0411,9.34,22.16,9.29,6.69,1.38,0.0
20210710:0511,240.26,287.8,16.24,9.01,1.31,0.0
20210710:0611,578.06,702.9,23.65,10.7,1.38,0.0
20210710:0711,688.62,856.98,31.18,11.48,1.38,0.0
20210710:0811,333.96,407.4,38.4,13.06,1.31,0.0
20210710:0911,379.01,462.49,44.8,13.97,2.07,0.0
20210710:1011,184.07,233.43,49.67,14.16,1.86,0.0
20210710:1111,172.06,219.43,52.23,13.46,1.1,0.0
20210710:1211,163.99,210.21,51.9,13.88,1.24,0.0
20210710:1311,189.43,240.31,48.78,14.39,1.38,0.0
20210710:1411,195.28,246.66,43.5,14.52,1.59,0.0
20210710:1511,79.2,111.08,36.87,15.17,1.59,0.0
20210710:1611,28.98,49.61,29.54,14.96,1.1,0.0
20210710:1711,16.71,33.33,22.01,15.03,1.24,0.0
20210710:1811,111.41,146.57,14.67,14.58,1.59,0.0
20210710:1911,242.14,294.47,7.86,13.74,1.72,0.0
20210710:2011,0.0,0.32,1.91,12.95,1.59,0.0
20210710:2111,0.0,0.0,0.0,11.57,1.86,0.0
20210710:2211,0.0,0.0,0.0,10.51,1.79,0.0
20210710:2311,0.0,0.0,0.0,9.85,1.59,0.0
20210711:0011,0.0,0.0,0.0,9.49,1.45,0.0
20210711:0111,0.0,0.0,0.0,9.22,1.45,0.0
20210711:0211,0.0,0.0,0.0,9.22,1.31,0.0
20210711:0311,0.0,0.66,2.99,9.04,1.38,0.0
20210711:0411,8.84,21.62,9.16,9.28,1.79,0.0
20210711:0511,11.28,25.14,16.11,9.5,1.86,0.0
20210711:0611,45.86,69.47,23.53,10.1,2.28,0.0
20210711:0711,132.06,169.46,31.05,11.31,2.83,0.0
20210711:0811,244.2,298.88,38.27,12.54,2.69,0.0
20210711:0911,390.53,471.97,44.67,13.22,2.97,0.0
20210711:1011,228.88,284.56,49.54,14.16,3.03,0.0
20210711:1111,402.93,492.9,52.1,15.07,2.97,0.0
20210711:1211,382.13,468.08,51.78,15.36,3.03,0.0
20210711:1311,416.89,509.89,48.67,15.61,3.1,0.0
20210711:1411,382.82,467.73,43.4,15.8,3.1,0.0
20210711:1511,263.17,324.24,36.78,15.55,3.1,0.0
20210711:1611,667.28,823.92,29.45,15.07,2.97,0.0
20210711:1711,600.28,733.9,21.92,14.5,2.69,0.0
20210711:1811,488.52,588.88,14.58,13.83,2.48,0.0
20210711:1911,338.26,405.04,7.77,12.99,2.0,0.0
20210711:2011,0.0,0.32,1.8,11.83,1.72,0.0
20210711:2111,0.0,0.0,0.0,10.48,1.66,0.0
20210711:2211,0.0,0.0,0.0,9.21,1.66,0.0
20210711:2311,0.0,0.0,0.0,8.11,1.59,0.0
20210712:0011,0.0,0.0,0.0,7.15,1.59,0.0
20210712:0111,0.0,0.0,0.0,6.38,1.52,0.0
20210712:0211,0.0,0.0,0.0,5.83,1.45,0.0
20210712:0311,0.0,3.64,2.86,5.31,1.59,0.0
20210712:0411,351.44,408.26,9.03,5.77,1.52,0.0
20210712:0511,536.44,641.46,15.98,8.31,1.17,0.0
20210712:0611,641.48,796.97,23.4,11.05,0.83,0.0
20210712:0711,420.64,510.33,30.92,11.37,0.76,0.0
20210712:0811,709.57,897.5,38.14,13.68,1.45,0.0
20210712:0911,760.2,964.19,44.53,14.96,2.21,0.0
20210712:1011,741.62,940.0,49.4,15.79,2.41,0.0
20210712:1111,760.22,972.73,51.96,16.53,2.28,0.0
20210712:1211,762.83,979.45,51.65,16.88,2.21,0.0
20210712:1311,634.58,797.08,48.55,16.96,2.48,0.0
20210712:1411,493.8,609.54,43.3,16.78,2.62,0.0
20210712:1511,386.33,472.97,36.68,16.49,2.76,0.0
20210712:1611,396.44,483.83,29.36,16.55,2.76,0.0
20210712:1711,618.53,764.85,21.82,16.31,2.69,0.0
20210712:1811,344.6,418.05,14.48,15.95,2.48,0.0
20210712:1911,105.01,138.62,7.66,15.24,2.07,0.0
20210712:2011,0.0,0.32,1.69,13.9,1.72,0.0
20210712:2111,0.0,0.0,0.0,12.63,1.52,0.0
20210712:2211,0.0,0.0,0.0,11.56,1.38,0.0
20210712:2311,0.0,0.0,0.0,10.94,0.97,0.0
20210713:0011,0.0,0.0,0.0,11.07,0.76,0.0
20210713:0111,0.0,0.0,0.0,10.86,0.69,0.0
20210713:0211,0.0,0.0,0.0,10.44,0.83,0.0
20210713:0311,0.0,0.66,2.71,10.06,0.83,0.0
20210713:0411,1.14,8.42,8.89,9.64,0.9,0.0
20210713:0511,2.92,11.96,15.85,10.63,0.55,0.0
20210713:0611,385.34,468.08,23.26,12.5,0.69,0.0
20210713:0711,141.2,182.32,30.78,13.95,1.52,0.0
20210713:0811,172.19,219.24,38.0,14.75,1.93,0.0
20210713:0911,212.02,267.22,44.39,15.81,2.14,0.0
20210713:1011,706.91,897.41,49.26,16.68,2.28,0.0
20210713:1111,699.8,895.36,51.82,17.59,2.07,0.0
20210713:1211,776.84,1011.41,51.52,18.18,1.93,0.0
20210713:1311,662.18,850.82,48.42,18.48,1.72,0.0
20210713:1411,488.84,613.17,43.18,18.77,1.93,0.0
20210713:1511,412.97,512.84,36.57,18.42,2.07,0.0
20210713:1611,192.8,245.3,29.25,18.27,2.21,0.0
20210713:1711,63.67,93.39,21.72,18.06,2.14,0.0
20210713:1811,20.14,38.49,14.37,17.66,1.72,0.0
20210713:1911,0.0,5.12,7.55,16.79,1.17,0.0
20210713:2011,0.0,0.32,1.57,16.08,1.03,0.0
20210713:2111,0.0,0.0,0.0,14.71,0.97,0.0
20210713:2211,0.0,0.0,0.0,14.1,1.03,0.0
20210713:2311,0.0,0.0,0.0,13.37,1.17,0.0
20210714:0011,0.0,0.0,0.0,13.09,1.03,0.0
20210714:0111,0.0,0.0,0.0,12.22,1.17,0.0
20210714:0211,0.0,0.0,0.0,11.09,1.45,0.0
20210714:0311,0.0,0.66,2.57,10.57,1.45,0.0
20210714:0411,0.0,4.74,8.75,10.9,1.24,0.0
20210714:0511,3.53,13.14,15.71,12.51,0.83,0.0
20210714:0611,68.21,97.9,23.12,15.06,0.76,0.0
20210714:0711,98.23,133.62,30.65,15.16,0.97,0.0
20210714:0811,181.63,232.18,37.86,15.84,0.9,0.0
20210714:0911,90.96,125.61,44.25,15.75,0.69,0.0
20210714:1011,63.13,92.3,49.11,15.87,0.69,0.0
20210714:1111,58.71,86.89,51.67,15.7,0.76,0.0
20210714:1211,165.19,213.73,51.37,15.87,0.97,0.0
20210714:1311,384.89,478.84,48.29,15.94,1.1,0.0
20210714:1411,322.73,402.84,43.06,16.82,1.03,0.0
20210714:1511,267.48,334.81,36.46,17.17,1.17,0.0
20210714:1611,480.16,600.29,29.14,17.38,1.1,0.0
20210714:1711,141.64,184.54,21.61,17.47,1.24,0.0
20210714:1811,32.33,54.3,14.26,17.37,1.24,0.0
20210714:1911,66.21,94.58,7.43,17.01,1.1,0.0
20210714:2011,0.0,0.32,1.45,16.28,1.17,0.0
20210714:2111,0.0,0.0,0.0,14.79,1.38,0.0
20210714:2211,0.0,0.0,0.0,13.33,1.52,0.0
20210714:2311,0.0,0.0,0.0,12.13,1.38,0.0
20210715:0011,0.0,0.0,0.0,11.29,1.38,0.0
20210715:0111,0.0,0.0,0.0,11.32,1.31,0.0
20210715:0211,0.0,0.0,0.0,11.66,1.31,0.0
20210715:0311,0.0,0.66,2.42,11.88,1.31,0.0
20210715:0411,185.59,227.71,8.6,11.88,1.72,0.0
20210715:0511,350.88,419.1,15.56,12.16,2.14,0.0
20210715:0611,528.43,638.05,22.98,12.59,2.28,0.0
20210715:0711,506.37,614.74,30.5,13.7,2.34,0.0
20210715:0811,714.78,888.46,37.72,14.92,3.03,0.0
20210715:0911,785.29,985.67,44.1,15.98,3.52,0.0
20210715:1011,814.54,1026.47,48.96,16.72,3.86,0.0
20210715:1111,830.97,1053.74,51.51,17.42,3.86,0.0
20210715:1211,825.27,1052.74,51.22,17.98,3.59,0.0
20210715:1311,792.42,1010.51,48.15,18.29,3.38,0.0
20210715:1411,774.62,987.41,42.93,18.45,3.24,0.0
20210715:1511,755.55,960.18,36.34,18.44,3.17,0.0
20210715:1611,710.61,894.6,29.03,18.14,3.17,0.0
20210715:1711,640.07,796.44,21.5,17.57,2.97,0.0
20210715:1811,501.57,612.83,14.14,16.74,2.69,0.0
20210715:1911,305.71,370.61,7.31,15.64,2.28,0.0
20210715:2011,0.0,0.0,0.0,14.03,2.34,0.0
20210715:2111,0.0,0.0,0.0,12.34,2.21,0.0
20210715:2211,0.0,0.0,0.0,10.93,2.07,0.0
20210715:2311,0.0,0.0,0.0,9.78,2.07,0.0
20210716:0011,0.0,0.0,0.0,8.81,1.93,0.0
20210716:0111,0.0,0.0,0.0,7.94,1.86,0.0
20210716:0211,0.0,0.0,0.0,7.18,1.86,0.0
20210716:0311,0.0,0.66,2.26,6.57,1.79,0.0
20210716:0411,247.98,292.01,8.45,6.78,1.66,0.0
20210716:0511,491.8,585.7,15.42,8.84,1.31,0.0
20210716:0611,637.25,790.49,22.83,11.86,1.1,0.0
20210716:0711,712.07,914.4,30.35,14.42,0.9,0.0
20210716:0811,741.74,975.11,37.57,16.16,0.69,0.0
20210716:0911,759.93,1004.06,43.94,17.45,0.97,0.0
20210716:1011,780.84,1030.8,48.8,18.52,1.45,0.0
20210716:1111,800.32,1051.98,51.35,19.45,2.07,0.0
20210716:1211,808.55,1057.9,51.07,20.01,2.55,0.0
20210716:1311,784.33,1014.68,48.01,20.19,3.03,0.0
20210716:1411,772.96,992.09,42.8,19.91,3.31,0.0
20210716:1511,742.23,941.69,36.21,19.28,3.52,0.0
20210716:1611,686.59,858.58,28.91,18.35,3.59,0.0
20210716:1711,558.6,685.76,21.38,17.48,3.38,0.0
20210716:1811,331.55,402.26,14.02,16.51,3.03,0.0
20210716:1911,298.35,360.32,7.18,15.21,2.76,0.0
20210716:2011,0.0,0.0,0.0,13.85,2.41,0.0
20210716:2111,0.0,0.0,0.0,12.48,2.21,0.0
20210716:2211,0.0,0.0,0.0,11.26,2.07,0.0
20210716:2311,0.0,0.0,0.0,10.42,2.07,0.0
20210717:0011,0.0,0.0,0.0,9.75,2.14,0.0
20210717:0111,0.0,0.0,0.0,9.15,2.14,0.0
20210717:0211,0.0,0.0,0.0,8.64,2.14,0.0
20210717:0311,0.0,0.33,2.1,8.22,2.14,0.0
20210717:0411,0.67,7.35,8.29,8.43,1.93,0.0
20210717:0511,200.01,241.6,15.26,9.45,2.55,0.0
20210717:0611,452.87,536.21,22.68,10.66,2.83,0.0
20210717:0711,598.24,720.79,30.2,11.95,3.03,0.0
20210717:0811,750.31,930.01,37.41,13.4,2.97,0.0
20210717:0911,782.71,976.37,43.78,14.61,3.38,0.0
20210717:1011,775.08,968.47,48.63,15.56,3.66,0.0
20210717:1111,808.87,1013.12,51.19,16.18,4.07,0.0
20210717:1211,631.15,775.15,50.91,16.47,4.55,0.0
20210717:1311,318.38,389.94,47.86,16.38,4.97,0.0
20210717:1411,119.42,158.18,42.66,16.12,5.59,0.0
20210717:1511,178.42,224.9,36.08,14.91,4.55,0.0
20210717:1611,313.52,376.78,28.78,13.81,4.21,0.0
20210717:1711,173.98,215.94,21.25,12.79,3.93,0.0
20210717:1811,9.88,23.31,13.89,11.96,3.52,0.0
20210717:1911,0.0,4.61,7.04,11.02,3.45,0.0
20210717:2011,0.0,0.0,0.0,10.06,3.52,0.0
20210717:2111,0.0,0.0,0.0,9.5,3.38,0.0
20210717:2211,0.0,0.0,0.0,9.28,3.17,0.0
20210717:2311,0.0,0.0,0.0,8.86,3.24,0.0
20210718:0011,0.0,0.0,0.0,8.02,3.79,0.0
20210718:0111,0.0,0.0,0.0,7.47,3.72,0.0
20210718:0211,0.0,0.0,0.0,6.78,3.31,0.0
20210718:0311,0.0,0.33,1.94,6.41,2.83,0.0
20210718:0411,0.0,4.72,8.13,6.35,2.14,0.0
20210718:0511,11.79,25.63,15.11,7.02,2.83,0.0
20210718:0611,89.77,119.06,22.53,7.89,3.38,0.0
20210718:0711,306.01,361.49,30.05,9.15,3.66,0.0
20210718:0811,276.48,330.87,37.25,10.16,3.86,0.0
20210718:0911,507.99,603.5,43.62,10.92,4.07,0.0
20210718:1011,347.4,416.59,48.46,11.9,4.34,0.0
20210718:1111,256.83,313.0,51.01,12.09,4.41,0.0
20210718:1211,467.97,560.4,50.74,12.64,4.55,0.0
20210718:1311,240.58,295.24,47.7,13.05,4.48,0.0
20210718:1411,292.08,353.23,42.51,12.89,4.41,0.0
20210718:1511,547.45,653.56,35.94,12.47,4.28,0.0
20210718:1611,395.11,469.41,28.64,12.52,4.14,0.0
20210718:1711,247.75,298.24,21.11,12.16,3.86,0.0
20210718:1811,427.95,505.45,13.75,11.43,3.24,0.0
20210718:1911,12.82,27.15,6.9,10.11,2.9,0.0
20210718:2011,0.0,0.0,0.0,9.27,2.55,0.0
20210718:2111,0.0,0.0,0.0,8.25,2.21,0.0
20210718:2211,0.0,0.0,0.0,7.37,2.0,0.0
20210718:2311,0.0,0.0,0.0,6.59,1.86,0.0
20210719:0011,0.0,0.0,0.0,5.83,1.72,0.0
20210719:0111,0.0,0.0,0.0,5.15,1.72,0.0
20210719:0211,0.0,0.0,0.0,4.53,1.66,0.0
20210719:0311,0.0,0.33,1.77,3.98,1.59,0.0
20210719:0411,118.36,147.08,7.97,4.12,1.45,0.0
20210719:0511,161.64,196.97,14.94,6.09,1.17,0.0
20210719:0611,476.21,569.26,22.37,8.4,0.9,0.0
20210719:0711,700.93,872.44,29.89,9.49,0.97,0.0
20210719:0811,751.64,943.86,37.09,11.21,1.52,0.0
20210719:0911,798.35,1006.68,43.45,12.71,2.21,0.0
20210719:1011,819.1,1039.97,48.28,13.91,2.41,0.0
20210719:1111,808.44,1028.62,50.84,14.96,2.55,0.0
20210719:1211,848.18,1085.43,50.57,15.74,2.83,0.0
20210719:1311,806.42,1024.61,47.54,16.07,2.97,0.0
20210719:1411,797.29,1008.04,42.36,16.13,3.17,0.0
20210719:1511,759.51,951.17,35.8,15.74,3.24,0.0
20210719:1611,700.8,866.12,28.5,15.19,3.31,0.0
20210719:1711,637.6,776.36,20.97,14.3,3.38,0.0
20210719:1811,291.97,349.51,13.61,13.11,3.31,0.0
20210719:1911,400.44,473.09,6.75,11.68,2.97,0.0
20210719:2011,0.0,0.0,0.0,10.3,2.83,0.0
20210719:2111,0.0,0.0,0.0,8.88,2.69,0.0
20210719:2211,0.0,0.0,0.0,7.79,2.55,0.0
20210719:2311,0.0,0.0,0.0,6.91,2.41,0.0
20210720:0011,0.0,0.0,0.0,6.49,2.48,0.0
20210720:0111,0.0,0.0,0.0,6.18,2.48,0.0
20210720:0211,0.0,0.0,0.0,5.89,2.41,0.0
20210720:0311,0.0,0.33,1.6,5.69,2.28,0.0
20210720:0411,0.0,4.19,7.8,6.34,2.69,0.0
20210720:0511,12.6,26.79,14.78,7.27,2.41,0.0
20210720:0611,89.72,119.39,22.21,8.53,2.9,0.0
20210720:0711,143.64,181.07,29.72,9.61,2.83,0.0
20210720:0811,384.4,456.95,36.92,10.52,3.03,0.0
20210720:0911,451.95,540.87,43.27,11.87,3.38,0.0
20210720:1011,530.33,643.19,48.1,13.26,3.17,0.0
20210720:1111,368.09,448.97,50.65,14.27,2.97,0.0
20210720:1211,389.74,476.03,50.39,14.86,3.03,0.0
20210720:1311,503.5,616.17,47.37,15.34,3.1,0.0
20210720:1411,556.09,681.77,42.2,15.67,3.24,0.0
20210720:1511,395.98,480.67,35.65,15.41,3.24,0.0
20210720:1611,560.56,681.73,28.36,15.17,3.38,0.0
20210720:1711,490.81,590.81,20.83,14.6,3.38,0.0
20210720:1811,341.26,408.65,13.46,13.83,2.97,0.0
20210720:1911,11.06,24.85,6.59,12.76,2.55,0.0
20210720:2011,0.0,0.0,0.0,11.44,2.21,0.0
20210720:2111,0.0,0.0,0.0,10.19,2.0,0.0
20210720:2211,0.0,0.0,0.0,9.03,1.93,0.0
20210720:2311,0.0,0.0,0.0,7.85,1.79,0.0
20210721:0011,0.0,0.0,0.0,6.9,1.79,0.0
20210721:0111,0.0,0.0,0.0,6.11,1.72,0.0
20210721:0211,0.0,0.0,0.0,5.57,1.72,0.0
20210721:0311,0.0,0.33,1.42,5.11,1.66,0.0
20210721:0411,6.53,17.81,7.63,5.24,1.38,0.0
20210721:0511,277.74,328.33,14.61,7.14,0.9,0.0
20210721:0611,531.57,647.56,22.04,10.05,0.62,0.0
20210721:0711,706.06,884.54,29.56,11.36,1.17,0.0
20210721:0811,764.54,964.06,36.75,12.85,1.86,0.0
20210721:0911,778.29,985.67,43.1,13.94,2.14,0.0
20210721:1011,799.73,1021.53,47.92,14.96,2.21,0.0
20210721:1111,805.78,1036.98,50.46,16.05,2.21,0.0
20210721:1211,801.1,1035.56,50.2,17.23,2.28,0.0
20210721:1311,0.0,0.0,0.0,17.76,2.34,0.0
20210721:1411,773.44,995.86,42.04,17.99,2.41,0.0
20210721:1511,740.55,946.39,35.49,18.21,2.55,0.0
20210721:1611,688.6,870.38,28.2,18.13,2.62,0.0
20210721:1711,610.38,759.94,20.68,17.82,2.69,0.0
20210721:1811,439.46,536.65,13.3,17.06,2.41,0.0
20210721:1911,192.58,239.19,6.43,15.94,2.14,0.0
20210721:2011,0.0,0.0,0.0,14.33,2.0,0.0
20210721:2111,0.0,0.0,0.0,12.6,1.86,0.0
20210721:2211,0.0,0.0,0.0,11.16,1.79,0.0
20210721:2311,0.0,0.0,0.0,9.99,1.79,0.0
20210722:0011,0.0,0.0,0.0,9.12,1.79,0.0
20210722:0111,0.0,0.0,0.0,8.44,1.79,0.0
20210722:0211,0.0,0.0,0.0,7.86,1.79,0.0
20210722:0311,0.0,0.0,0.0,7.34,1.79,0.0
20210722:0411,46.51,68.34,7.45,7.39,1.72,0.0
20210722:0511,369.97,435.57,14.44,8.55,1.66,0.0
20210722:0611,610.92,742.13,21.87,10.46,1.66,0.0
20210722:0711,715.46,900.68,29.38,13.69,1.66,0.0
20210722:0811,753.52,963.43,36.57,15.7,1.86,0.0
20210722:0911,762.85,978.24,42.91,17.3,2.34,0.0
20210722:1011,789.95,1021.86,47.73,18.61,2.55,0.0
20210722:1111,796.26,1036.16,50.27,19.66,2.62,0.0
20210722:1211,792.69,1035.83,50.01,20.5,2.62,0.0
20210722:1311,770.7,1005.25,47.01,21.06,2.69,0.0
20210722:1411,760.09,988.32,41.87,21.35,2.83,0.0
20210722:1511,739.08,954.77,35.33,21.35,2.97,0.0
20210722:1611,687.53,878.74,28.05,21.08,2.97,0.0
20210722:1711,609.22,767.66,20.52,20.44,2.83,0.0
20210722:1811,438.95,542.42,13.14,19.57,2.48,0.0
20210722:1911,112.42,148.68,6.27,18.18,2.21,0.0
20210722:2011,0.0,0.0,0.0,16.5,2.07,0.0
20210722:2111,0.0,0.0,0.0,14.78,2.0,0.0
20210722:2211,0.0,0.0,0.0,13.19,1.86,0.0
20210722:2311,0.0,0.0,0.0,11.73,1.86,0.0
20210723:0011,0.0,0.0,0.0,10.55,1.86,0.0
20210723:0111,0.0,0.0,0.0,9.64,1.86,0.0
20210723:0211,0.0,0.0,0.0,8.99,1.86,0.0
20210723:0311,0.0,0.0,0.0,8.58,1.72,0.0
20210723:0411,38.35,59.1,7.27,8.79,1.45,0.0
20210723:0511,299.77,359.49,14.26,10.8,0.9,0.0
20210723:0611,540.84,666.01,21.69,13.61,1.17,0.0
20210723:0711,672.38,842.96,29.21,15.15,1.93,0.0
20210723:0811,735.55,933.85,36.4,16.15,2.21,0.0
20210723:0911,757.28,972.44,42.73,17.14,2.14,0.0
20210723:1011,775.15,1009.28,47.53,18.23,1.93,0.0
20210723:1111,773.04,1017.85,50.07,19.19,1.66,0.0
20210723:1211,731.37,967.15,49.81,20.2,1.38,0.0
20210723:1311,656.74,864.57,46.82,20.91,1.1,0.0
20210723:1411,568.04,738.66,41.69,21.26,0.97,0.0
20210723:1511,396.95,504.06,35.16,21.24,1.1,0.0
20210723:1611,539.05,690.58,27.88,21.21,1.31,0.0
20210723:1711,519.01,661.57,20.35,20.62,1.1,0.0
20210723:1811,331.72,416.79,12.97,19.72,0.34,0.0
20210723:1911,47.35,72.53,6.09,18.98,0.41,0.0
20210723:2011,0.0,0.0,0.0,17.37,0.14,0.0
20210723:2111,0.0,0.0,0.0,16.45,0.07,0.0
20210723:2211,0.0,0.0,0.0,15.66,0.07,0.0
20210723:2311,0.0,0.0,0.0,14.88,0.28,0.0
20210724:0011,0.0,0.0,0.0,14.21,0.55,0.0
20210724:0111,0.0,0.0,0.0,13.62,0.55,0.0
20210724:0211,0.0,0.0,0.0,13.2,0.48,0.0
20210724:0311,0.0,0.0,0.0,12.73,0.62,0.0
20210724:0411,2.08,10.46,7.08,12.43,0.62,0.0
20210724:0511,250.36,305.68,14.08,12.92,0.55,0.0
20210724:0611,514.48,635.54,21.52,14.32,0.97,0.0
20210724:0711,661.18,839.76,29.03,16.15,1.38,0.0
20210724:0811,726.24,931.37,36.21,17.4,1.93,0.0
20210724:0911,758.23,978.19,42.54,18.41,2.28,0.0
20210724:1011,767.95,993.0,47.33,19.23,2.55,0.0
20210724:1111,777.99,1009.2,49.86,19.89,2.69,0.0
20210724:1211,780.05,1015.4,49.61,20.47,2.69,0.0
20210724:1311,755.82,982.58,46.63,20.76,2.62,0.0
20210724:1411,736.89,957.79,41.51,21.01,2.48,0.0
20210724:1511,703.48,906.21,34.99,20.95,2.62,0.0
20210724:1611,642.47,817.53,27.71,20.81,2.69,0.0
20210724:1711,539.14,675.03,20.18,20.25,2.55,0.0
20210724:1811,312.77,386.18,12.8,19.61,2.55,0.0
20210724:1911,49.37,74.56,5.91,18.12,2.28,0.0
20210724:2011,0.0,0.0,0.0,16.52,1.93,0.0
20210724:2111,0.0,0.0,0.0,15.21,1.66,0.0
20210724:2211,0.0,0.0,0.0,13.97,1.45,0.0
20210724:2311,0.0,0.0,0.0,12.55,1.38,0.0
20210725:0011,0.0,0.0,0.0,11.51,1.31,0.0
20210725:0111,0.0,0.0,0.0,11.06,1.17,0.0
20210725:0211,0.0,0.0,0.0,10.74,1.17,0.0
20210725:0311,0.0,0.0,0.0,10.17,1.24,0.0
20210725:0411,37.91,58.7,6.89,9.68,1.31,0.0
20210725:0511,336.89,403.91,13.9,10.97,0.83,0.0
20210725:0611,543.92,673.51,21.34,13.77,0.9,0.0
20210725:0711,684.01,870.53,28.85,15.52,1.31,0.0
20210725:0811,743.69,951.57,36.02,16.89,2.07,0.0
20210725:0911,773.18,989.91,42.34,18.03,2.76,0.0
20210725:1011,785.67,1005.33,47.13,19.12,3.38,0.0
20210725:1111,713.68,904.83,49.65,19.7,3.72,0.0
20210725:1211,603.11,756.58,49.4,19.91,3.79,0.0
20210725:1311,243.88,308.61,46.43,19.88,4.0,0.0
20210725:1411,584.24,723.63,41.32,19.14,4.34,0.0
20210725:1511,574.09,708.93,34.8,18.82,4.14,0.0
20210725:1611,468.24,573.76,27.53,18.4,3.66,0.0
20210725:1711,307.97,376.95,20.01,17.8,3.31,0.0
20210725:1811,147.93,189.43,12.62,17.2,2.97,0.0
20210725:1911,71.32,99.82,5.73,15.96,1.86,0.0
20210725:2011,0.0,0.0,0.0,15.01,1.31,0.0
20210725:2111,0.0,0.0,0.0,14.18,1.17,0.0
20210725:2211,0.0,0.0,0.0,12.91,1.24,0.0
20210725:2311,0.0,0.0,0.0,11.97,1.38,0.0
20210726:0011,0.0,0.0,0.0,11.0,1.59,0.0
20210726:0111,0.0,0.0,0.0,10.4,1.59,0.0
20210726:0211,0.0,0.0,0.0,9.95,1.59,0.0
20210726:0311,0.0,0.0,0.0,9.51,1.66,0.0
20210726:0411,0.87,7.84,6.7,9.66,1.59,0.0
20210726:0511,14.8,30.27,13.71,10.97,1.31,0.0
20210726:0611,128.72,167.02,21.15,14.24,1.52,0.0
20210726:0711,310.94,378.56,28.66,15.91,3.38,0.0
20210726:0811,370.13,449.6,35.83,16.82,4.62,0.0
20210726:0911,213.73,268.77,42.14,17.25,4.62,0.0
20210726:1011,133.6,175.84,46.92,17.17,4.34,0.0
20210726:1111,161.49,208.85,49.43,17.44,4.34,0.0
20210726:1211,163.98,211.76,49.18,17.45,4.28,0.0
20210726:1311,402.91,494.52,46.22,17.66,4.07,0.0
20210726:1411,166.43,214.4,41.12,17.66,4.28,0.0
20210726:1511,121.96,162.35,34.62,17.91,4.62,0.0
20210726:1611,64.46,93.97,27.35,17.09,4.34,0.0
20210726:1711,18.47,35.82,19.82,15.79,3.93,0.0
20210726:1811,4.25,14.52,12.44,14.73,3.03,0.0
20210726:1911,0.0,2.55,5.54,13.88,2.48,0.0
20210726:2011,0.0,0.0,0.0,13.26,1.66,0.0
20210726:2111,0.0,0.0,0.0,12.79,1.59,0.0
20210726:2211,0.0,0.0,0.0,12.38,1.59,0.0
20210726:2311,0.0,0.0,0.0,12.25,1.38,0.0
20210727:0011,0.0,0.0,0.0,12.13,1.1,0.0
20210727:0111,0.0,0.0,0.0,12.11,1.1,0.0
20210727:0211,0.0,0.0,0.0,12.07,1.24,0.0
20210727:0311,0.0,0.0,0.0,12.04,1.24,0.0
20210727:0411,0.0,3.13,6.51,12.07,1.1,0.0
20210727:0511,2.21,10.68,13.52,12.16,1.17,0.0
20210727:0611,6.8,18.57,20.96,12.28,1.1,0.0
20210727:0711,37.25,59.7,28.47,13.27,1.66,0.0
20210727:0811,76.77,107.52,35.64,13.74,1.72,0.0
20210727:0911,108.86,145.31,41.94,13.83,1.66,0.0
20210727:1011,112.42,149.98,46.7,14.33,1.31,0.0
20210727:1111,47.53,72.84,49.21,14.75,1.52,0.0
20210727:1211,99.49,134.91,48.96,14.93,2.21,0.0
20210727:1311,138.92,180.93,46.01,14.53,1.86,0.0
20210727:1411,181.98,231.01,40.92,14.43,1.45,0.0
20210727:1511,75.92,107.03,34.42,14.6,1.03,0.0
20210727:1611,97.31,131.85,27.16,14.43,1.24,0.0
20210727:1711,68.71,97.75,19.64,14.08,1.31,0.0
20210727:1811,36.12,58.05,12.24,13.65,1.03,0.0
20210727:1911,0.34,6.63,5.34,13.22,0.97,0.0
20210727:2011,0.0,0.0,0.0,12.8,1.03,0.0
20210727:2111,0.0,0.0,0.0,12.42,0.97,0.0
20210727:2211,0.0,0.0,0.0,11.53,1.1,0.0
20210727:2311,0.0,0.0,0.0,11.77,1.1,0.0
20210728:0011,0.0,0.0,0.0,11.76,1.03,0.0
20210728:0111,0.0,0.0,0.0,11.74,0.97,0.0
20210728:0211,0.0,0.0,0.0,11.86,1.24,0.0
20210728:0311,0.0,0.0,0.0,11.77,1.17,0.0
20210728:0411,11.82,25.84,6.31,11.74,1.17,0.0
20210728:0511,2.84,11.86,13.33,11.9,1.1,0.0
20210728:0611,81.5,111.99,20.77,12.39,1.1,0.0
20210728:0711,38.55,61.14,28.28,12.43,1.1,0.0
20210728:0811,112.64,148.8,35.44,12.38,1.45,0.0
20210728:0911,274.61,336.38,41.73,12.84,1.86,0.0
20210728:1011,185.49,234.04,46.49,13.32,1.93,0.0
20210728:1111,47.65,72.83,48.99,14.49,2.41,0.0
20210728:1211,36.15,58.69,48.74,15.01,2.83,0.0
20210728:1311,87.86,120.9,45.79,14.71,3.03,0.0
20210728:1411,325.16,397.11,40.71,14.41,2.41,0.0
20210728:1511,51.18,76.76,34.22,13.48,2.55,0.0
20210728:1611,55.26,81.72,26.97,13.42,2.41,0.0
20210728:1711,33.2,54.66,19.44,13.22,2.34,0.0
20210728:1811,0.98,8.12,12.05,12.39,2.0,0.0
20210728:1911,0.0,5.6,5.14,11.31,1.52,0.0
20210728:2011,0.0,0.0,0.0,10.75,1.24,0.0
20210728:2111,0.0,0.0,0.0,10.2,1.24,0.0
20210728:2211,0.0,0.0,0.0,9.93,1.24,0.0
20210728:2311,0.0,0.0,0.0,9.86,1.1,0.0
20210729:0011,0.0,0.0,0.0,9.86,1.17,0.0
20210729:0111,0.0,0.0,0.0,9.85,1.24,0.0
20210729:0211,0.0,0.0,0.0,9.84,1.17,0.0
20210729:0311,0.0,0.0,0.0,9.78,1.31,0.0
20210729:0411,0.0,3.13,6.1,9.95,1.03,0.0
20210729:0511,3.2,12.45,13.13,10.01,1.17,0.0
20210729:0611,7.72,19.88,20.58,10.36,1.17,0.0
20210729:0711,33.0,53.84,28.09,10.81,1.72,0.0
20210729:0811,57.93,83.94,35.24,10.45,1.72,0.0
20210729:0911,118.31,154.41,41.52,10.36,0.83,0.0
20210729:1011,152.67,194.79,46.26,10.61,0.34,0.0
20210729:1111,381.71,465.73,48.76,11.29,0.9,0.0
20210729:1211,234.98,290.38,48.51,11.29,1.1,0.0
20210729:1311,311.62,380.19,45.57,11.47,1.1,0.0
20210729:1411,174.33,219.7,40.5,11.59,1.1,0.0
20210729:1511,86.93,118.6,34.02,11.78,1.45,0.0
20210729:1611,36.23,58.04,26.77,11.56,1.66,0.0
20210729:1711,12.73,27.32,19.24,11.22,1.86,0.0
20210729:1811,6.09,17.4,11.84,11.03,2.14,0.0
20210729:1911,0.0,1.86,4.93,10.14,2.0,0.0
20210729:2011,0.0,0.0,0.0,9.77,2.07,0.0
20210729:2111,0.0,0.0,0.0,9.51,2.14,0.0
20210729:2211,0.0,0.0,0.0,9.37,2.14,0.0
20210729:2311,0.0,0.0,0.0,9.4,2.14,0.0
20210730:0011,0.0,0.0,0.0,9.18,2.14,0.0
20210730:0111,0.0,0.0,0.0,9.14,2.14,0.0
20210730:0211,0.0,0.0,0.0,9.28,2.21,0.0
20210730:0311,0.0,0.0,0.0,9.33,2.21,0.0
20210730:0411,0.0,3.13,5.9,9.59,2.55,0.0
20210730:0511,16.14,31.99,12.93,10.08,2.97,0.0
20210730:0611,41.41,64.24,20.38,10.92,3.45,0.0
20210730:0711,408.01,484.51,27.89,11.91,3.52,0.0
20210730:0811,563.09,678.47,35.03,13.33,3.66,0.0
20210730:0911,701.07,866.14,41.3,14.86,3.45,0.0
20210730:1011,715.37,893.65,46.03,15.96,3.24,0.0
20210730:1111,741.37,934.44,48.52,16.78,3.17,0.0
20210730:1211,781.22,994.01,48.27,17.62,3.17,0.0
20210730:1311,770.02,981.66,45.34,17.81,2.97,0.0
20210730:1411,763.85,973.15,40.28,18.01,2.97,0.0
20210730:1511,693.37,874.73,33.81,17.93,2.83,0.0
20210730:1611,663.14,830.85,26.56,17.59,2.76,0.0
20210730:1711,541.42,665.89,19.04,16.95,2.62,0.0
20210730:1811,387.78,470.91,11.64,16.16,2.21,0.0
20210730:1911,2.03,10.43,4.72,14.98,2.21,0.0
20210730:2011,0.0,0.0,0.0,13.24,2.14,0.0
20210730:2111,0.0,0.0,0.0,11.74,1.93,0.0
20210730:2211,0.0,0.0,0.0,10.5,1.79,0.0
20210730:2311,0.0,0.0,0.0,9.6,1.66,0.0
20210731:0011,0.0,0.0,0.0,8.89,1.66,0.0
20210731:0111,0.0,0.0,0.0,8.57,1.66,0.0
20210731:0211,0.0,0.0,0.0,8.41,1.72,0.0
20210731:0311,0.0,0.0,0.0,8.07,1.66,0.0
20210731:0411,0.0,3.13,5.69,7.69,1.59,0.0
20210731:0511,366.72,429.79,12.73,7.77,1.66,0.0
20210731:0611,616.94,738.66,20.18,8.15,1.86,0.0
20210731:0711,545.3,656.93,27.68,10.11,1.66,0.0
20210731:0811,738.18,926.45,34.83,11.9,1.59,0.0
20210731:0911,780.8,999.42,41.08,13.3,1.45,0.0
20210731:1011,779.28,1007.07,45.8,14.32,1.31,0.0
20210731:1111,745.53,961.89,48.28,15.06,1.31,0.0
20210731:1211,658.62,835.19,48.03,15.77,1.66,0.0
20210731:1311,575.89,716.72,45.1,15.92,2.21,0.0
20210731:1411,349.3,428.03,40.05,15.66,2.55,0.0
20210731:1511,522.95,637.57,33.59,14.94,2.83,0.0
20210731:1611,621.96,763.11,26.35,14.26,2.62,0.0
20210731:1711,475.81,571.05,18.83,13.67,2.97,0.0
20210731:1811,457.44,545.56,11.42,12.77,2.76,0.0
20210731:1911,1.18,8.56,4.5,11.61,2.48,0.0
20210731:2011,0.0,0.0,0.0,10.64,2.41,0.0
20210731:2111,0.0,0.0,0.0,9.72,2.28,0.0
20210731:2211,0.0,0.0,0.0,9.23,2.21,0.0
20210731:2311,0.0,0.0,0.0,8.46,2.14,0.0
20210801:0011,0.0,0.0,0.0,8.13,2.28,0.0
20210801:0111,0.0,0.0,0.0,8.06,2.41,0.0
20210801:0211,0.0,0.0,0.0,8.07,2.41,0.0
20210801:0311,0.0,0.0,0.0,8.07,2.41,0.0
20210801:0411,0.0,4.69,5.48,8.06,2.9,0.0
20210801:0511,38.71,59.85,12.52,8.12,3.17,0.0
20210801:0611,87.74,116.77,19.97,8.25,2.97,0.0
20210801:0711,212.98,257.7,27.48,9.19,2.69,0.0
20210801:0811,464.87,550.37,34.61,9.35,2.69,0.0
20210801:0911,224.07,272.72,40.86,9.45,2.62,0.0
20210801:1011,127.36,163.75,45.57,9.81,2.76,0.0
20210801:1111,256.95,311.32,48.03,9.29,2.28,0.0
20210801:1211,209.43,257.42,47.78,10.07,2.9,0.0
20210801:1311,182.1,227.02,44.86,11.02,2.97,0.0
20210801:1411,109.11,143.96,39.82,11.55,2.48,0.0
20210801:1511,104.89,139.28,33.37,11.74,1.86,0.0
20210801:1611,118.81,154.7,26.13,11.48,1.24,0.0
20210801:1711,115.16,149.53,18.61,10.97,0.55,0.0
20210801:1811,84.6,113.97,11.2,11.02,0.28,0.0
20210801:1911,0.0,1.49,4.27,10.84,0.34,0.0
20210801:2011,0.0,0.0,0.0,10.29,0.69,0.0
20210801:2111,0.0,0.0,0.0,8.76,0.69,0.0
20210801:2211,0.0,0.0,0.0,7.89,0.9,0.0
20210801:2311,0.0,0.0,0.0,7.97,0.76,0.0
20210802:0011,0.0,0.0,0.0,8.1,0.69,0.0
20210802:0111,0.0,0.0,0.0,7.68,0.69,0.0
20210802:0211,0.0,0.0,0.0,7.48,0.62,0.0
20210802:0311,0.0,0.0,0.0,7.19,0.62,0.0
20210802:0411,56.34,79.31,5.26,7.03,0.55,0.0
20210802:0511,425.49,505.21,12.31,7.24,0.34,0.0
20210802:0611,583.66,717.2,19.77,8.38,0.14,0.0
20210802:0711,615.61,751.14,27.27,8.48,0.9,0.0
20210802:0811,657.18,813.9,34.4,9.56,0.9,0.0
20210802:0911,711.48,893.12,40.63,10.45,1.03,0.0
20210802:1011,698.21,873.4,45.33,11.31,1.38,0.0
20210802:1111,732.05,922.88,47.78,12.1,1.52,0.0
20210802:1211,782.94,998.59,47.53,12.63,1.52,0.0
20210802:1311,755.38,954.13,44.61,13.07,1.86,0.0
20210802:1411,727.73,911.49,39.59,13.63,2.21,0.0
20210802:1511,727.13,909.03,33.14,13.58,2.21,0.0
20210802:1611,698.11,864.05,25.91,13.27,2.34,0.0
20210802:1711,620.79,756.02,18.39,12.63,2.34,0.0
20210802:1811,250.55,301.05,10.98,11.44,1.86,0.0
20210802:1911,0.0,3.35,4.04,10.6,0.83,0.0
20210802:2011,0.0,0.0,0.0,9.48,0.62,0.0
20210802:2111,0.0,0.0,0.0,8.64,0.76,0.0
20210802:2211,0.0,0.0,0.0,8.03,0.69,0.0
20210802:2311,0.0,0.0,0.0,7.48,0.83,0.0
20210803:0011,0.0,0.0,0.0,7.01,0.9,0.0
20210803:0111,0.0,0.0,0.0,6.72,0.9,0.0
20210803:0211,0.0,0.0,0.0,5.72,1.1,0.0
20210803:0311,0.0,0.0,0.0,5.23,1.17,0.0
20210803:0411,23.73,40.47,5.04,5.03,1.17,0.0
20210803:0511,413.26,482.34,12.1,6.14,1.31,0.0
20210803:0611,627.3,758.76,19.56,7.12,0.97,0.0
20210803:0711,540.5,647.1,27.06,7.74,1.17,0.0
20210803:0811,639.04,781.34,34.18,8.71,1.17,0.0
20210803:0911,706.19,887.15,40.4,9.63,0.76,0.0
20210803:1011,642.29,804.74,45.08,10.51,0.62,0.0
20210803:1111,218.93,271.71,47.53,10.78,0.69,0.0
20210803:1211,172.44,217.93,47.27,11.39,0.97,0.0
20210803:1311,62.56,89.99,44.36,11.73,1.17,0.0
20210803:1411,74.0,103.61,39.34,12.06,1.24,0.0
20210803:1511,142.62,183.25,32.91,12.41,1.24,0.0
20210803:1611,217.06,267.62,25.68,12.53,1.1,0.0
20210803:1711,14.88,30.48,18.16,12.38,1.1,0.0
20210803:1811,12.13,26.59,10.75,11.7,0.76,0.0
20210803:1911,0.0,1.11,3.8,11.37,1.1,0.0
20210803:2011,0.0,0.0,0.0,9.96,0.9,0.0
20210803:2111,0.0,0.0,0.0,9.4,0.76,0.0
20210803:2211,0.0,0.0,0.0,9.14,0.69,0.0
20210803:2311,0.0,0.0,0.0,8.56,0.69,0.0
20210804:0011,0.0,0.0,0.0,7.99,0.83,0.0
20210804:0111,0.0,0.0,0.0,7.37,0.9,0.0
20210804:0211,0.0,0.0,0.0,6.82,0.9,0.0
20210804:0311,0.0,0.0,0.0,5.64,0.97,0.0
20210804:0411,10.99,23.89,4.82,4.72,1.03,0.0
20210804:0511,344.57,401.75,11.88,5.02,0.69,0.0
20210804:0611,648.22,797.59,19.35,7.21,0.34,0.0
20210804:0711,701.91,885.36,26.84,9.28,0.34,0.0
20210804:0811,725.57,908.42,33.96,10.64,1.24,0.0
20210804:0911,641.1,788.43,40.17,11.93,2.0,0.0
20210804:1011,555.2,678.76,44.83,12.85,2.21,0.0
20210804:1111,504.58,616.31,47.27,13.39,2.28,0.0
20210804:1211,480.68,586.91,47.01,13.61,2.28,0.0
20210804:1311,445.78,543.66,44.11,13.85,2.21,0.0
20210804:1411,440.39,536.86,39.1,14.3,2.21,0.0
20210804:1511,212.48,264.28,32.67,14.21,2.21,0.0
20210804:1611,12.95,27.87,25.45,13.87,2.0,0.0
20210804:1711,22.4,40.83,17.93,13.65,1.86,0.0
20210804:1811,2.64,11.55,10.51,13.31,1.66,0.0
20210804:1911,0.37,6.68,3.56,12.12,1.31,0.0
20210804:2011,0.0,0.0,0.0,11.15,1.24,0.0
20210804:2111,0.0,0.0,0.0,9.83,1.03,0.0
20210804:2211,0.0,0.0,0.0,9.7,0.9,0.0
20210804:2311,0.0,0.0,0.0,9.35,0.9,0.0
20210805:0011,0.0,0.0,0.0,9.07,0.76,0.0
20210805:0111,0.0,0.0,0.0,8.76,0.76,0.0
20210805:0211,0.0,0.0,0.0,8.31,0.9,0.0
20210805:0311,0.0,0.0,0.0,7.42,0.83,0.0
20210805:0411,126.15,156.96,4.59,7.05,0.76,0.0
20210805:0511,402.19,473.07,11.66,6.74,0.76,0.0
20210805:0611,418.22,495.52,19.13,8.13,1.03,0.0
20210805:0711,292.43,348.74,26.63,9.15,1.66,0.0
20210805:0811,452.71,541.82,33.73,10.02,1.72,0.0
20210805:0911,520.88,628.54,39.93,11.07,2.14,0.0
20210805:1011,738.14,914.12,44.58,11.82,2.48,0.0
20210805:1111,767.79,954.73,47.0,12.32,2.69,0.0
20210805:1211,747.42,924.91,46.74,12.64,2.97,0.0
20210805:1311,785.56,973.92,43.84,12.9,3.24,0.0
20210805:1411,723.84,889.83,38.84,12.96,3.24,0.0
20210805:1511,661.38,806.12,32.43,12.94,3.17,0.0
20210805:1611,278.71,335.58,25.21,12.67,3.24,0.0
20210805:1711,239.07,288.37,17.69,12.01,3.03,0.0
20210805:1811,13.77,28.86,10.27,11.24,2.62,0.0
20210805:1911,0.0,3.71,3.31,10.34,2.28,0.0
20210805:2011,0.0,0.0,0.0,9.55,1.93,0.0
20210805:2111,0.0,0.0,0.0,8.9,1.59,0.0
20210805:2211,0.0,0.0,0.0,8.29,1.45,0.0
20210805:2311,0.0,0.0,0.0,8.05,1.45,0.0
20210806:0011,0.0,0.0,0.0,7.49,1.52,0.0
20210806:0111,0.0,0.0,0.0,6.95,1.38,0.0
20210806:0211,0.0,0.0,0.0,6.22,1.24,0.0
20210806:0311,0.0,0.0,0.0,5.83,1.17,0.0
20210806:0411,0.0,2.08,4.37,5.51,1.38,0.0
20210806:0511,11.23,24.8,11.44,6.39,1.24,0.0
20210806:0611,36.34,57.47,18.91,8.08,1.38,0.0
20210806:0711,44.35,67.53,26.41,9.87,2.21,0.0
20210806:0811,418.84,497.85,33.5,10.86,2.97,0.0
20210806:0911,508.79,606.87,39.69,11.97,4.0,0.0
20210806:1011,294.44,355.78,44.32,12.63,4.69,0.0
20210806:1111,443.24,529.96,46.73,12.92,4.9,0.0
20210806:1211,436.99,522.11,46.47,12.44,4.55,0.0
20210806:1311,152.03,193.61,43.58,12.92,4.9,0.0
20210806:1411,355.78,424.86,38.59,12.67,4.9,0.0
20210806:1511,732.38,885.25,32.18,12.64,4.62,0.0
20210806:1611,76.89,106.48,24.96,12.21,4.83,0.0
20210806:1711,530.47,624.22,17.44,10.82,4.14,0.0
20210806:1811,475.97,555.06,10.02,10.21,4.34,0.0
20210806:1911,0.24,6.3,3.06,9.71,3.52,0.0
20210806:2011,0.0,0.0,0.0,9.2,3.17,0.0
20210806:2111,0.0,0.0,0.0,9.14,2.69,0.0
20210806:2211,0.0,0.0,0.0,8.8,3.38,0.0
20210806:2311,0.0,0.0,0.0,8.87,3.52,0.0
20210807:0011,0.0,0.0,0.0,8.65,3.38,0.0
20210807:0111,0.0,0.0,0.0,8.64,4.0,0.0
20210807:0211,0.0,0.0,0.0,8.46,3.72,0.0
20210807:0311,0.0,0.0,0.0,8.03,3.86,0.0
20210807:0411,0.0,2.08,4.14,8.19,3.93,0.0
20210807:0511,5.29,15.94,11.22,8.11,3.93,0.0
20210807:0611,23.67,41.61,18.69,8.33,3.93,0.0
20210807:0711,50.74,74.77,26.18,8.83,4.28,0.0
20210807:0811,56.33,81.47,33.27,9.32,4.55,0.0
20210807:0911,70.37,97.9,39.45,9.45,4.83,0.0
20210807:1011,137.6,174.95,44.06,10.01,4.9,0.0
20210807:1111,157.67,197.45,46.46,9.7,4.9,0.0
20210807:1211,152.54,192.68,46.19,10.53,3.79,0.0
20210807:1311,133.33,171.33,43.3,11.39,3.93,0.0
20210807:1411,120.99,156.91,38.32,11.18,4.41,0.0
20210807:1511,274.2,327.66,31.92,10.68,4.28,0.0
20210807:1611,41.12,63.5,24.71,9.62,3.45,0.0
20210807:1711,27.33,46.57,17.19,9.82,2.48,0.0
20210807:1811,104.01,134.14,9.77,9.46,2.97,0.0
20210807:1911,0.0,1.85,2.8,8.82,2.62,0.0
20210807:2011,0.0,0.0,0.0,8.4,2.14,0.0
20210807:2111,0.0,0.0,0.0,8.27,2.0,0.0
20210807:2211,0.0,0.0,0.0,7.81,1.72,0.0
20210807:2311,0.0,0.0,0.0,7.8,1.24,0.0
20210808:0011,0.0,0.0,0.0,7.74,1.24,0.0
20210808:0111,0.0,0.0,0.0,7.75,1.03,0.0
20210808:0211,0.0,0.0,0.0,7.57,0.9,0.0
20210808:0311,0.0,0.0,0.0,7.74,0.9,0.0
20210808:0411,0.0,3.44,3.9,7.72,1.03,0.0
20210808:0511,6.77,18.29,10.99,7.84,0.97,0.0
20210808:0611,35.74,56.78,18.47,8.21,1.03,0.0
20210808:0711,590.81,711.65,25.96,9.14,1.66,0.0
20210808:0811,660.31,804.18,33.04,9.6,1.86,0.0
20210808:0911,471.95,566.58,39.2,10.21,1.86,0.0
20210808:1011,533.94,648.27,43.8,10.99,1.79,0.0
20210808:1111,520.0,629.78,46.18,10.98,2.0,0.0
20210808:1211,358.07,433.67,45.91,11.32,1.72,0.0
20210808:1311,190.25,238.45,43.03,12.07,1.52,0.0
20210808:1411,287.71,350.97,38.05,12.54,1.72,0.0
20210808:1511,645.37,795.14,31.66,13.01,2.14,0.0
20210808:1611,609.85,741.41,24.46,12.58,2.48,0.0
20210808:1711,357.23,425.76,16.94,12.19,2.48,0.0
20210808:1811,55.14,79.78,9.51,11.56,2.14,0.0
20210808:1911,0.0,4.8,2.54,10.81,1.59,0.0
20210808:2011,0.0,0.0,0.0,9.77,1.03,0.0
20210808:2111,0.0,0.0,0.0,8.74,0.97,0.0
20210808:2211,0.0,0.0,0.0,8.25,1.03,0.0
20210808:2311,0.0,0.0,0.0,8.27,0.9,0.0
20210809:0011,0.0,0.0,0.0,8.05,0.9,0.0
20210809:0111,0.0,0.0,0.0,6.42,1.03,0.0
20210809:0211,0.0,0.0,0.0,6.11,0.97,0.0
20210809:0311,0.0,0.0,0.0,6.45,0.97,0.0
20210809:0411,0.0,1.14,3.67,6.94,0.97,0.0
20210809:0511,10.34,23.6,10.77,7.21,1.24,0.0
20210809:0611,9.57,22.44,18.24,7.49,1.52,0.0
20210809:0711,66.55,93.6,25.73,9.02,1.72,0.0
20210809:0811,133.04,170.45,32.8,10.62,2.48,0.0
20210809:0911,76.07,105.36,38.95,11.01,2.76,0.0
20210809:1011,60.99,87.91,43.53,11.61,2.9,0.0
20210809:1111,203.07,252.09,45.9,11.89,2.97,0.0
20210809:1211,204.83,254.18,45.62,11.86,2.76,0.0
20210809:1311,55.2,81.36,42.74,12.6,2.62,0.0
20210809:1411,101.22,135.48,37.78,12.86,3.03,0.0
20210809:1511,349.76,419.98,31.39,12.74,2.9,0.0
20210809:1611,203.64,250.04,24.2,12.12,2.48,0.0
20210809:1711,21.04,38.74,16.68,11.8,2.55,0.0
20210809:1811,75.97,103.63,9.25,11.47,2.14,0.0
20210809:1911,0.0,1.11,2.27,10.57,1.38,0.0
20210809:2011,0.0,0.0,0.0,9.89,1.31,0.0
20210809:2111,0.0,0.0,0.0,9.15,1.24,0.0
20210809:2211,0.0,0.0,0.0,8.83,0.97,0.0
20210809:2311,0.0,0.0,0.0,9.01,1.03,0.0
20210810:0011,0.0,0.0,0.0,8.98,0.9,0.0
20210810:0111,0.0,0.0,0.0,8.97,0.55,0.0
20210810:0211,0.0,0.0,0.0,8.85,0.41,0.0
20210810:0311,0.0,0.0,0.0,8.68,0.62,0.0
20210810:0411,0.0,1.14,3.43,8.25,0.62,0.0
20210810:0511,11.5,25.36,10.53,8.27,0.55,0.0
20210810:0611,109.25,141.2,18.01,8.29,0.48,0.0
20210810:0711,204.67,250.96,25.5,9.7,0.48,0.0
20210810:0811,420.28,506.86,32.56,10.58,1.03,0.0
20210810:0911,593.94,729.2,38.69,11.93,1.66,0.0
20210810:1011,664.06,826.08,43.26,12.92,1.86,0.0
20210810:1111,665.42,831.54,45.62,13.82,1.93,0.0
20210810:1211,689.55,868.94,45.33,14.1,1.72,0.0
20210810:1311,575.25,717.98,42.46,14.71,1.45,0.0
20210810:1411,432.03,532.02,37.5,14.82,1.31,0.0
20210810:1511,402.27,493.08,31.12,14.92,1.38,0.0
20210810:1611,454.79,556.18,23.93,14.9,1.59,0.0
20210810:1711,383.09,464.95,16.41,14.2,1.31,0.0
20210810:1811,250.45,305.19,8.98,13.69,0.9,0.0
20210810:1911,0.0,1.84,2.0,12.58,1.45,0.0
20210810:2011,0.0,0.0,0.0,11.35,1.52,0.0
20210810:2111,0.0,0.0,0.0,10.15,1.59,0.0
20210810:2211,0.0,0.0,0.0,9.03,1.52,0.0
20210810:2311,0.0,0.0,0.0,8.07,1.45,0.0
20210811:0011,0.0,0.0,0.0,7.36,1.45,0.0
20210811:0111,0.0,0.0,0.0,6.93,1.45,0.0
20210811:0211,0.0,0.0,0.0,6.5,1.52,0.0
20210811:0311,0.0,0.0,0.0,5.93,1.45,0.0
20210811:0411,0.0,3.05,3.19,5.53,1.52,0.0
20210811:0511,270.11,316.57,10.3,6.11,1.24,0.0
20210811:0611,559.13,672.01,17.78,8.27,1.03,0.0
20210811:0711,675.67,839.9,25.26,10.39,0.97,0.0
20210811:0811,728.72,938.33,32.32,12.29,0.48,0.0
20210811:0911,718.84,929.94,38.44,13.56,0.55,0.0
20210811:1011,366.22,452.07,42.99,14.49,1.03,0.0
20210811:1111,551.65,689.76,45.33,15.02,1.31,0.0
20210811:1211,516.76,642.67,45.03,15.28,1.52,0.0
20210811:1311,291.81,361.16,42.16,15.42,1.86,0.0
20210811:1411,63.17,91.91,37.22,15.37,2.28,0.0
20210811:1511,316.29,386.16,30.85,14.99,2.21,0.0
20210811:1611,642.47,792.81,23.66,14.35,2.34,0.0
20210811:1711,536.62,653.27,16.15,14.07,2.07,0.0
20210811:1811,258.46,312.5,8.71,13.43,1.79,0.0
20210811:1911,0.0,1.84,1.72,12.92,1.66,0.0
20210811:2011,0.0,0.0,0.0,11.88,1.38,0.0
20210811:2111,0.0,0.0,0.0,10.28,1.17,0.0
20210811:2211,0.0,0.0,0.0,9.82,0.97,0.0
20210811:2311,0.0,0.0,0.0,9.16,0.97,0.0
20210812:0011,0.0,0.0,0.0,8.61,1.1,0.0
20210812:0111,0.0,0.0,0.0,8.17,1.17,0.0
20210812:0211,0.0,0.0,0.0,8.27,0.97,0.0
20210812:0311,0.0,0.0,0.0,8.36,0.83,0.0
20210812:0411,0.0,0.76,2.94,7.72,0.9,0.0
20210812:0511,309.47,367.12,10.07,8.24,0.41,0.0
20210812:0611,36.07,57.37,17.55,8.84,0.28,0.0
20210812:0711,80.24,110.29,25.03,10.67,0.69,0.0
20210812:0811,116.19,152.59,32.08,11.94,1.17,0.0
20210812:0911,399.03,483.95,38.18,13.03,1.93,0.0
20210812:1011,342.35,417.33,42.71,14.29,2.76,0.0
20210812:1111,252.36,313.06,45.03,15.12,2.97,0.0
20210812:1211,162.1,208.31,44.73,15.54,3.1,0.0
20210812:1311,150.58,194.38,41.87,15.05,3.03,0.0
20210812:1411,39.91,63.17,36.93,14.21,2.62,0.0
20210812:1511,98.58,132.7,30.57,13.23,2.21,0.0
20210812:1611,61.01,88.4,23.38,13.1,2.55,0.0
20210812:1711,22.31,40.58,15.87,12.73,1.79,0.0
20210812:1811,5.21,16.06,8.43,12.47,1.93,0.0
20210812:1911,0.0,0.37,1.44,11.91,1.72,0.0
20210812:2011,0.0,0.0,0.0,11.29,1.52,0.0
20210812:2111,0.0,0.0,0.0,10.72,1.38,0.0
20210812:2211,0.0,0.0,0.0,10.36,1.38,0.0
20210812:2311,0.0,0.0,0.0,10.03,1.45,0.0
20210813:0011,0.0,0.0,0.0,9.75,1.45,0.0
20210813:0111,0.0,0.0,0.0,9.3,1.38,0.0
20210813:0211,0.0,0.0,0.0,8.84,1.45,0.0
20210813:0311,0.0,0.0,0.0,7.81,1.38,0.0
20210813:0411,0.0,0.76,2.7,7.84,1.24,0.0
20210813:0511,0.81,7.66,9.83,8.93,1.52,0.0
20210813:0611,55.03,79.76,17.32,9.05,1.66,0.0
20210813:0711,106.03,139.41,24.79,10.72,2.0,0.0
20210813:0811,127.73,165.24,31.83,11.85,2.41,0.0
20210813:0911,325.07,392.48,37.91,12.38,2.69,0.0
20210813:1011,154.13,196.53,42.43,12.64,2.9,0.0
20210813:1111,313.24,380.02,44.73,12.74,3.17,0.0
20210813:1211,238.57,293.71,44.43,12.51,2.76,0.0
20210813:1311,150.11,191.79,41.57,12.43,2.69,0.0
20210813:1411,161.73,204.71,36.64,12.25,2.41,0.0
20210813:1511,56.22,82.46,30.28,12.13,1.86,0.0
20210813:1611,461.48,551.0,23.1,11.48,2.34,0.0
20210813:1711,33.97,54.67,15.59,9.36,2.14,0.0
20210813:1811,2.37,10.88,8.15,8.93,1.79,0.0
20210813:1911,0.0,0.0,0.0,7.95,1.93,0.0
20210813:2011,0.0,0.0,0.0,7.57,2.14,0.0
20210813:2111,0.0,0.0,0.0,7.13,2.0,0.0
20210813:2211,0.0,0.0,0.0,6.37,1.93,0.0
20210813:2311,0.0,0.0,0.0,6.18,2.0,0.0
20210814:0011,0.0,0.0,0.0,6.05,2.07,0.0
20210814:0111,0.0,0.0,0.0,6.23,2.21,0.0
20210814:0211,0.0,0.0,0.0,6.35,2.07,0.0
20210814:0311,0.0,0.0,0.0,6.29,2.21,0.0
20210814:0411,0.0,0.76,2.45,6.11,2.14,0.0
20210814:0511,3.91,13.55,9.59,6.56,2.14,0.0
20210814:0611,20.65,37.57,17.08,7.35,2.83,0.0
20210814:0711,53.18,77.57,24.55,8.2,2.34,0.0
20210814:0811,276.67,330.15,31.58,9.21,2.69,0.0
20210814:0911,97.58,129.41,37.65,9.48,3.03,0.0
20210814:1011,295.2,353.57,42.14,9.93,3.45,0.0
20210814:1111,247.07,298.63,44.43,9.6,3.72,0.0
20210814:1211,195.43,240.53,44.12,9.9,4.0,0.0
20210814:1311,115.27,149.76,41.26,10.04,4.14,0.0
20210814:1411,104.09,136.91,36.34,9.97,4.28,0.0
20210814:1511,140.48,177.63,29.99,10.17,4.48,0.0
20210814:1611,62.63,89.08,22.82,10.05,4.41,0.0
20210814:1711,60.72,86.18,15.31,9.73,4.21,0.0
20210814:1811,15.22,30.32,7.87,9.06,3.59,0.0
20210814:1911,0.0,0.0,0.0,8.11,2.76,0.0
20210814:2011,0.0,0.0,0.0,7.45,2.9,0.0
20210814:2111,0.0,0.0,0.0,7.14,2.97,0.0
20210814:2211,0.0,0.0,0.0,6.61,2.9,0.0
20210814:2311,0.0,0.0,0.0,6.48,2.83,0.0
20210815:0011,0.0,0.0,0.0,6.13,2.97,0.0
20210815:0111,0.0,0.0,0.0,5.82,2.97,0.0
20210815:0211,0.0,0.0,0.0,5.62,2.34,0.0
20210815:0311,0.0,0.0,0.0,5.57,2.28,0.0
20210815:0411,0.0,2.28,2.2,5.62,2.55,0.0
20210815:0511,18.04,33.77,9.35,5.77,2.83,0.0
20210815:0611,25.88,44.15,16.84,6.6,2.97,0.0
20210815:0711,94.58,124.75,24.31,8.06,3.24,0.0
20210815:0811,238.5,286.08,31.32,9.02,3.52,0.0
20210815:0911,208.29,254.4,37.38,9.77,3.38,0.0
20210815:1011,234.09,284.78,41.85,9.77,2.69,0.0
20210815:1111,252.72,306.75,44.13,10.38,3.03,0.0
20210815:1211,308.21,369.49,43.81,10.31,3.45,0.0
20210815:1311,203.15,248.85,40.95,9.53,3.38,0.0
20210815:1411,165.3,206.12,36.03,9.64,2.97,0.0
20210815:1511,197.57,241.53,29.7,9.98,3.1,0.0
20210815:1611,155.37,193.53,22.53,10.16,3.03,0.0
20210815:1711,155.13,191.84,15.02,9.74,2.69,0.0
20210815:1811,198.39,238.13,7.57,9.0,2.34,0.0
20210815:1911,0.0,0.0,0.0,8.04,1.86,0.0
20210815:2011,0.0,0.0,0.0,7.35,1.66,0.0
20210815:2111,0.0,0.0,0.0,6.87,1.31,0.0
20210815:2211,0.0,0.0,0.0,6.5,1.24,0.0
20210815:2311,0.0,0.0,0.0,5.73,1.38,0.0
20210816:0011,0.0,0.0,0.0,5.13,1.38,0.0
20210816:0111,0.0,0.0,0.0,4.67,1.45,0.0
20210816:0211,0.0,0.0,0.0,4.39,1.52,0.0
20210816:0311,0.0,0.0,0.0,4.25,1.59,0.0
20210816:0411,0.0,1.14,1.95,4.12,1.66,0.0
20210816:0511,19.73,35.84,9.1,4.68,1.52,0.0
20210816:0611,267.54,315.22,16.6,6.83,1.52,0.0
20210816:0711,443.37,520.34,24.06,7.91,2.28,0.0
20210816:0811,254.34,304.66,31.07,8.82,2.41,0.0
20210816:0911,177.67,220.02,37.1,9.09,2.34,0.0
20210816:1011,205.73,252.81,41.56,9.81,2.48,0.0
20210816:1111,171.14,214.03,43.82,9.91,2.21,0.0
20210816:1211,121.17,157.58,43.49,10.99,2.48,0.0
20210816:1311,220.55,271.55,40.64,11.58,2.55,0.0
20210816:1411,247.83,301.94,35.73,11.93,2.83,0.0
20210816:1511,488.78,584.18,29.4,12.12,3.1,0.0
20210816:1611,638.09,767.71,22.23,11.91,3.38,0.0
20210816:1711,609.5,729.21,14.73,11.7,3.31,0.0
20210816:1811,133.54,167.67,7.28,11.0,2.62,0.0
20210816:1911,0.0,0.0,0.0,10.49,1.93,0.0
20210816:2011,0.0,0.0,0.0,9.31,1.93,0.0
20210816:2111,0.0,0.0,0.0,8.39,1.93,0.0
20210816:2211,0.0,0.0,0.0,7.65,1.86,0.0
20210816:2311,0.0,0.0,0.0,6.83,1.79,0.0
20210817:0011,0.0,0.0,0.0,6.35,1.72,0.0
20210817:0111,0.0,0.0,0.0,5.74,1.86,0.0
20210817:0211,0.0,0.0,0.0,5.22,1.79,0.0
20210817:0311,0.0,0.0,0.0,4.84,1.72,0.0
20210817:0411,0.0,0.38,1.69,4.86,1.66,0.0
20210817:0511,525.05,613.96,8.85,5.21,1.38,0.0
20210817:0611,673.42,818.69,16.35,7.0,1.03,0.0
20210817:0711,730.39,897.47,23.81,7.98,1.38,0.0
20210817:0811,764.63,954.31,30.81,10.17,1.59,0.0
20210817:0911,730.98,904.07,36.83,11.9,2.41,0.0
20210817:1011,668.45,818.93,41.27,13.4,3.24,0.0
20210817:1111,780.27,973.39,43.51,14.19,3.24,0.0
20210817:1211,779.11,973.21,43.17,14.46,3.24,0.0
20210817:1311,792.99,992.82,40.32,14.84,3.31,0.0
20210817:1411,764.0,950.51,35.42,15.34,3.66,0.0
20210817:1511,746.72,927.5,29.09,15.74,3.66,0.0
20210817:1611,655.39,807.14,21.93,15.76,3.24,0.0
20210817:1711,582.69,712.51,14.43,15.21,2.62,0.0
20210817:1811,390.67,469.11,6.98,14.07,2.07,0.0
20210817:1911,0.0,0.0,0.0,12.08,2.41,0.0
20210817:2011,0.0,0.0,0.0,10.34,2.34,0.0
20210817:2111,0.0,0.0,0.0,9.24,2.07,0.0
20210817:2211,0.0,0.0,0.0,8.32,2.0,0.0
20210817:2311,0.0,0.0,0.0,7.55,1.93,0.0
20210818:0011,0.0,0.0,0.0,7.22,1.79,0.0
20210818:0111,0.0,0.0,0.0,7.04,1.59,0.0
20210818:0211,0.0,0.0,0.0,6.86,1.66,0.0
20210818:0311,0.0,0.0,0.0,6.65,1.79,0.0
20210818:0411,0.0,0.38,1.44,6.69,1.66,0.0
20210818:0511,0.57,7.06,8.61,6.64,2.0,0.0
20210818:0611,239.75,283.01,16.11,6.89,2.34,0.0
20210818:0711,330.4,386.86,23.56,7.83,2.9,0.0
20210818:0811,159.38,197.71,30.55,8.49,3.38,0.0
20210818:0911,53.29,77.99,36.55,9.48,3.79,0.0
20210818:1011,178.76,222.07,40.97,10.25,3.52,0.0
20210818:1111,206.07,252.68,43.19,9.8,3.52,0.0
20210818:1211,359.1,427.56,42.85,10.3,3.66,0.0
20210818:1311,126.96,163.33,40.0,10.28,3.72,0.0
20210818:1411,75.8,104.78,35.1,10.79,4.34,0.0
20210818:1511,80.2,109.89,28.78,10.82,4.41,0.0
20210818:1611,72.0,100.06,21.63,10.74,4.41,0.0
20210818:1711,122.64,155.72,14.13,10.33,4.07,0.0
20210818:1811,103.15,132.61,6.67,9.39,3.17,0.0
20210818:1911,0.0,0.0,0.0,8.09,3.03,0.0
20210818:2011,0.0,0.0,0.0,7.04,2.83,0.0
20210818:2111,0.0,0.0,0.0,6.37,2.62,0.0
20210818:2211,0.0,0.0,0.0,5.84,2.41,0.0
20210818:2311,0.0,0.0,0.0,5.51,2.34,0.0
20210819:0011,0.0,0.0,0.0,5.19,2.28,0.0
20210819:0111,0.0,0.0,0.0,4.94,2.28,0.0
20210819:0211,0.0,0.0,0.0,4.91,2.14,0.0
20210819:0311,0.0,0.0,0.0,4.8,2.21,0.0
20210819:0411,0.0,0.0,0.0,4.57,2.21,0.0
20210819:0511,268.66,310.96,8.36,4.61,2.14,0.0
20210819:0611,471.88,541.61,15.86,5.33,3.38,0.0
20210819:0711,537.77,622.98,23.31,7.0,4.07,0.0
20210819:0811,577.13,676.27,30.28,8.43,4.14,0.0
20210819:0911,368.27,434.63,36.27,9.49,3.79,0.0
20210819:1011,322.62,385.38,40.67,10.36,3.52,0.0
20210819:1111,356.33,426.3,42.87,10.97,3.38,0.0
20210819:1211,368.05,440.52,42.52,11.06,3.17,0.0
20210819:1311,395.73,472.38,39.67,11.27,3.31,0.0
20210819:1411,286.37,343.76,34.78,10.79,3.17,0.0
20210819:1511,506.64,601.08,28.47,10.87,3.38,0.0
20210819:1611,674.34,809.28,21.32,10.78,3.45,0.0
20210819:1711,441.17,517.56,13.82,10.19,3.31,0.0
20210819:1811,275.81,324.22,6.37,9.29,2.9,0.0
20210819:1911,0.0,0.0,0.0,8.02,2.69,0.0
20210819:2011,0.0,0.0,0.0,6.97,2.41,0.0
20210819:2111,0.0,0.0,0.0,6.11,2.21,0.0
20210819:2211,0.0,0.0,0.0,5.39,2.07,0.0
20210819:2311,0.0,0.0,0.0,4.75,1.93,0.0
20210820:0011,0.0,0.0,0.0,4.45,1.86,0.0
20210820:0111,0.0,0.0,0.0,4.16,1.72,0.0
20210820:0211,0.0,0.0,0.0,4.14,1.66,0.0
20210820:0311,0.0,0.0,0.0,4.17,1.72,0.0
20210820:0411,0.0,0.0,0.0,4.02,1.66,0.0
20210820:0511,129.24,158.25,8.1,4.05,2.62,0.0
20210820:0611,145.66,177.82,15.61,4.95,2.69,0.0
20210820:0711,330.51,384.82,23.06,6.9,3.17,0.0
20210820:0811,534.32,627.1,30.02,8.2,3.38,0.0
20210820:0911,622.25,742.1,35.99,9.33,3.24,0.0
20210820:1011,719.21,873.61,40.36,10.3,3.1,0.0
20210820:1111,701.86,854.71,42.55,10.75,2.97,0.0
20210820:1211,727.52,891.68,42.19,11.24,2.9,0.0
20210820:1311,672.28,818.82,39.34,11.48,2.9,0.0
20210820:1411,358.04,428.84,34.46,11.63,2.76,0.0
20210820:1511,496.04,593.24,28.16,11.54,2.69,0.0
20210820:1611,490.2,584.39,21.01,11.41,2.62,0.0
20210820:1711,592.88,712.96,13.51,10.97,2.28,0.0
20210820:1811,324.41,383.15,6.05,10.29,1.93,0.0
20210820:1911,0.0,0.0,0.0,8.83,1.93,0.0
20210820:2011,0.0,0.0,0.0,7.64,1.79,0.0
20210820:2111,0.0,0.0,0.0,6.46,1.66,0.0
20210820:2211,0.0,0.0,0.0,5.53,1.59,0.0
20210820:2311,0.0,0.0,0.0,4.98,1.45,0.0
20210821:0011,0.0,0.0,0.0,4.41,1.52,0.0
20210821:0111,0.0,0.0,0.0,3.99,1.52,0.0
20210821:0211,0.0,0.0,0.0,3.49,1.52,0.0
20210821:0311,0.0,0.0,0.0,2.98,1.52,0.0
20210821:0411,0.0,0.0,0.0,2.22,1.59,0.0
20210821:0511,455.16,520.09,7.85,2.15,1.52,0.0
20210821:0611,647.33,771.8,15.36,4.24,1.03,0.0
20210821:0711,727.97,886.92,22.8,4.65,0.9,0.0
20210821:0811,751.36,945.24,29.75,6.99,0.41,0.0
20210821:0911,738.71,934.91,35.7,9.28,0.62,0.0
20210821:1011,642.32,790.5,40.05,11.14,1.72,0.0
20210821:1111,683.12,853.01,42.23,12.41,1.66,0.0
20210821:1211,664.77,834.93,41.85,13.37,1.45,0.0
20210821:1311,576.09,718.91,39.0,14.17,1.24,0.0
20210821:1411,570.59,712.64,34.13,14.19,1.03,0.0
20210821:1511,623.89,784.72,27.83,14.51,1.1,0.0
20210821:1611,545.99,678.39,20.7,14.33,0.9,0.0
20210821:1711,448.74,547.99,13.19,13.72,0.83,0.0
20210821:1811,321.72,387.03,5.74,12.65,0.9,0.0
20210821:1911,0.0,0.0,0.0,11.37,0.76,0.0
20210821:2011,0.0,0.0,0.0,11.12,0.55,0.0
20210821:2111,0.0,0.0,0.0,10.22,0.48,0.0
20210821:2211,0.0,0.0,0.0,9.45,0.55,0.0
20210821:2311,0.0,0.0,0.0,8.76,0.69,0.0
20210822:0011,0.0,0.0,0.0,8.24,0.9,0.0
20210822:0111,0.0,0.0,0.0,7.72,0.97,0.0
20210822:0211,0.0,0.0,0.0,7.28,1.03,0.0
20210822:0311,0.0,0.0,0.0,6.95,1.03,0.0
20210822:0411,0.0,0.0,0.0,6.63,0.9,0.0
20210822:0511,415.18,485.11,7.6,6.01,0.9,0.0
20210822:0611,626.68,761.11,15.11,6.62,0.55,0.0
20210822:0711,692.68,871.66,22.54,8.99,0.28,0.0
20210822:0811,744.52,947.15,29.48,10.87,0.76,0.0
20210822:0911,756.91,963.94,35.41,12.17,1.17,0.0
20210822:1011,757.61,971.16,39.74,13.14,1.17,0.0
20210822:1111,805.18,1049.17,41.9,13.92,1.1,0.0
20210822:1211,766.97,996.1,41.52,14.75,1.1,0.0
20210822:1311,745.58,966.84,38.67,15.33,1.1,0.0
20210822:1411,726.73,939.06,33.8,15.84,1.17,0.0
20210822:1511,685.34,877.24,27.51,15.88,1.17,0.0
20210822:1611,662.95,846.85,20.38,15.6,0.9,0.0
20210822:1711,489.26,604.92,12.88,15.22,0.83,0.0
20210822:1811,175.25,218.44,5.42,14.34,0.69,0.0
20210822:1911,0.0,0.0,0.0,12.67,1.17,0.0
20210822:2011,0.0,0.0,0.0,11.39,1.03,0.0
20210822:2111,0.0,0.0,0.0,10.54,1.03,0.0
20210822:2211,0.0,0.0,0.0,9.46,1.17,0.0
20210822:2311,0.0,0.0,0.0,8.43,1.31,0.0
20210823:0011,0.0,0.0,0.0,7.8,1.31,0.0
20210823:0111,0.0,0.0,0.0,7.12,1.31,0.0
20210823:0211,0.0,0.0,0.0,6.09,1.52,0.0
20210823:0311,0.0,0.0,0.0,5.02,1.59,0.0
20210823:0411,0.0,0.0,0.0,4.24,1.66,0.0
20210823:0511,335.9,386.72,7.34,4.27,1.52,0.0
20210823:0611,586.63,697.62,14.85,6.24,1.24,0.0
20210823:0711,680.48,845.18,22.28,9.02,0.69,0.0
20210823:0811,730.59,939.21,29.21,11.61,0.41,0.0
20210823:0911,779.39,1019.39,35.12,13.39,0.62,0.0
20210823:1011,768.42,997.57,39.43,14.73,1.1,0.0
20210823:1111,807.36,1055.84,41.57,15.72,1.38,0.0
20210823:1211,782.86,1021.09,41.17,16.45,1.45,0.0
20210823:1311,777.71,1017.33,38.32,16.9,1.38,0.0
20210823:1411,767.47,997.87,33.46,17.17,1.59,0.0
20210823:1511,740.35,948.55,27.18,17.15,2.0,0.0
20210823:1611,623.6,780.64,20.05,16.78,2.0,0.0
20210823:1711,542.8,670.83,12.55,16.06,1.66,0.0
20210823:1811,12.73,27.29,5.09,14.99,1.72,0.0
20210823:1911,0.0,0.0,0.0,13.76,1.66,0.0
20210823:2011,0.0,0.0,0.0,11.84,1.59,0.0
20210823:2111,0.0,0.0,0.0,10.14,1.59,0.0
20210823:2211,0.0,0.0,0.0,9.14,1.45,0.0
20210823:2311,0.0,0.0,0.0,8.2,1.45,0.0
20210824:0011,0.0,0.0,0.0,7.54,1.52,0.0
20210824:0111,0.0,0.0,0.0,6.99,1.59,0.0
20210824:0211,0.0,0.0,0.0,6.27,1.66,0.0
20210824:0311,0.0,0.0,0.0,5.86,1.66,0.0
20210824:0411,0.0,0.0,0.0,5.48,1.72,0.0
20210824:0511,402.24,465.14,7.08,5.47,1.59,0.0
20210824:0611,606.25,727.08,14.59,7.2,1.17,0.0
20210824:0711,672.11,833.19,22.02,10.45,1.03,0.0
20210824:0811,427.18,522.05,28.93,13.22,0.9,0.0
20210824:0911,763.44,992.74,34.83,15.14,1.03,0.0
20210824:1011,524.42,655.11,39.12,16.27,1.45,0.0
20210824:1111,537.75,672.32,41.23,17.01,1.86,0.0
20210824:1211,332.75,413.37,40.83,17.92,2.48,0.0
20210824:1311,373.7,461.95,37.98,18.34,2.97,0.0
20210824:1411,264.97,329.81,33.12,18.29,3.31,0.0
20210824:1511,83.4,116.78,26.85,17.46,3.52,0.0
20210824:1611,84.22,116.62,19.72,16.54,3.45,0.0
20210824:1711,27.17,47.14,12.23,15.24,3.31,0.0
20210824:1811,0.0,5.51,4.76,13.85,3.31,0.0
20210824:1911,0.0,0.0,0.0,12.59,3.1,0.0
20210824:2011,0.0,0.0,0.0,11.61,3.17,0.0
20210824:2111,0.0,0.0,0.0,10.94,3.31,0.0
20210824:2211,0.0,0.0,0.0,10.6,3.52,0.0
20210824:2311,0.0,0.0,0.0,10.53,3.79,0.0
20210825:0011,0.0,0.0,0.0,10.33,3.31,0.0
20210825:0111,0.0,0.0,0.0,10.14,3.38,0.0
20210825:0211,0.0,0.0,0.0,9.88,3.52,0.0
20210825:0311,0.0,0.0,0.0,9.73,3.52,0.0
20210825:0411,0.0,0.0,0.0,9.7,3.79,0.0
20210825:0511,272.8,320.83,6.82,9.74,3.38,0.0
20210825:0611,617.45,734.1,14.34,9.95,3.1,0.0
20210825:0711,715.19,861.02,21.76,11.31,3.86,0.0
20210825:0811,759.53,923.02,28.66,12.19,4.07,0.0
20210825:0911,778.81,950.78,34.53,13.07,4.41,0.0
20210825:1011,707.01,860.17,38.8,13.76,4.48,0.0
20210825:1111,739.63,904.24,40.89,14.21,4.62,0.0
20210825:1211,720.51,878.9,40.48,14.51,4.83,0.0
20210825:1311,764.65,934.94,37.63,14.62,5.03,0.0
20210825:1411,778.64,951.43,32.78,14.43,5.03,0.0
20210825:1511,764.46,931.7,26.51,13.99,4.76,0.0
20210825:1611,706.87,855.22,19.39,13.53,4.41,0.0
20210825:1711,540.62,642.17,11.9,12.7,3.93,0.0
20210825:1811,2.61,11.42,4.43,11.66,3.45,0.0
20210825:1911,0.0,0.0,0.0,11.14,3.31,0.0
20210825:2011,0.0,0.0,0.0,10.11,3.03,0.0
20210825:2111,0.0,0.0,0.0,9.25,2.83,0.0
20210825:2211,0.0,0.0,0.0,8.41,2.76,0.0
20210825:2311,0.0,0.0,0.0,7.64,2.55,0.0
20210826:0011,0.0,0.0,0.0,7.08,2.55,0.0
20210826:0111,0.0,0.0,0.0,6.59,2.48,0.0
20210826:0211,0.0,0.0,0.0,6.11,2.62,0.0
20210826:0311,0.0,0.0,0.0,5.9,2.83,0.0
20210826:0411,0.0,0.0,0.0,5.48,2.9,0.0
20210826:0511,375.69,429.86,6.56,5.42,3.1,0.0
20210826:0611,650.51,763.89,14.08,6.33,2.9,0.0
20210826:0711,732.9,866.77,21.49,8.1,4.21,0.0
20210826:0811,790.97,945.96,28.38,9.19,4.48,0.0
20210826:0911,822.33,989.77,34.23,10.55,5.03,0.0
20210826:1011,804.75,973.14,38.48,11.65,5.03,0.0
20210826:1111,677.15,813.2,40.55,12.74,5.24,0.0
20210826:1211,723.85,875.52,40.13,12.88,4.9,0.0
20210826:1311,703.25,851.19,37.28,12.97,4.55,0.0
20210826:1411,532.18,635.22,32.43,13.18,4.62,0.0
20210826:1511,331.68,395.37,26.17,12.79,4.41,0.0
20210826:1611,232.3,280.0,19.06,12.0,4.21,0.0
20210826:1711,248.14,295.65,11.56,11.07,3.66,0.0
20210826:1811,1.76,9.71,4.1,10.06,3.03,0.0
20210826:1911,0.0,0.0,0.0,9.54,2.76,0.0
20210826:2011,0.0,0.0,0.0,8.96,2.69,0.0
20210826:2111,0.0,0.0,0.0,8.52,2.69,0.0
20210826:2211,0.0,0.0,0.0,8.33,2.83,0.0
20210826:2311,0.0,0.0,0.0,8.29,2.9,0.0
20210827:0011,0.0,0.0,0.0,8.21,3.03,0.0
20210827:0111,0.0,0.0,0.0,8.07,2.9,0.0
20210827:0211,0.0,0.0,0.0,7.84,2.69,0.0
20210827:0311,0.0,0.0,0.0,7.64,2.62,0.0
20210827:0411,0.0,0.0,0.0,7.4,2.69,0.0
20210827:0511,46.23,67.74,6.29,7.43,2.9,0.0
20210827:0611,39.16,60.36,13.81,7.55,3.03,0.0
20210827:0711,58.05,83.04,21.22,8.1,4.0,0.0
20210827:0811,80.59,109.59,28.1,9.1,4.07,0.0
20210827:0911,91.65,122.85,33.93,10.25,4.14,0.0
20210827:1011,106.63,140.61,38.15,11.14,3.93,0.0
20210827:1111,297.02,358.0,40.21,11.59,3.66,0.0
20210827:1211,435.75,522.24,39.77,12.33,3.45,0.0
20210827:1311,555.19,670.81,36.92,12.99,3.24,0.0
20210827:1411,247.03,302.34,32.08,13.48,3.03,0.0
20210827:1511,653.82,799.29,25.83,13.42,2.9,0.0
20210827:1611,625.55,760.84,18.72,13.21,2.76,0.0
20210827:1711,365.98,435.96,11.23,12.6,2.41,0.0
20210827:1811,1.13,8.43,3.76,11.52,2.0,0.0
20210827:1911,0.0,0.0,0.0,9.63,1.59,0.0
20210827:2011,0.0,0.0,0.0,8.47,0.9,0.0
20210827:2111,0.0,0.0,0.0,7.72,1.03,0.0
20210827:2211,0.0,0.0,0.0,6.84,1.31,0.0
20210827:2311,0.0,0.0,0.0,6.25,1.38,0.0
20210828:0011,0.0,0.0,0.0,6.0,1.38,0.0
20210828:0111,0.0,0.0,0.0,5.5,1.45,0.0
20210828:0211,0.0,0.0,0.0,4.98,1.52,0.0
20210828:0311,0.0,0.0,0.0,4.64,1.66,0.0
20210828:0411,0.0,0.0,0.0,4.44,1.72,0.0
20210828:0511,223.79,261.58,6.03,4.57,1.59,0.0
20210828:0611,540.15,636.35,13.55,5.91,1.31,0.0
20210828:0711,649.96,784.57,20.96,7.6,1.45,0.0
20210828:0811,698.37,857.48,27.81,8.71,1.38,0.0
20210828:0911,776.71,975.05,33.63,9.92,1.38,0.0
20210828:1011,766.71,974.63,37.83,11.81,1.24,0.0
20210828:1111,770.19,983.68,39.86,13.3,1.45,0.0
20210828:1211,752.18,958.46,39.42,14.49,1.72,0.0
20210828:1311,687.02,869.43,36.56,15.32,1.72,0.0
20210828:1411,701.61,893.51,31.73,16.02,1.66,0.0
20210828:1511,720.79,918.47,25.48,16.24,1.79,0.0
20210828:1611,341.85,417.64,18.38,16.45,1.93,0.0
20210828:1711,270.8,330.79,10.89,16.13,2.0,0.0
20210828:1811,1.08,8.42,3.42,14.95,1.72,0.0
20210828:1911,0.0,0.0,0.0,14.24,0.69,0.0
20210828:2011,0.0,0.0,0.0,13.48,0.62,0.0
20210828:2111,0.0,0.0,0.0,12.12,0.83,0.0
20210828:2211,0.0,0.0,0.0,11.1,0.9,0.0
20210828:2311,0.0,0.0,0.0,10.06,1.03,0.0
20210829:0011,0.0,0.0,0.0,8.89,1.24,0.0
20210829:0111,0.0,0.0,0.0,7.47,1.45,0.0
20210829:0211,0.0,0.0,0.0,6.78,1.52,0.0
20210829:0311,0.0,0.0,0.0,6.42,1.59,0.0
20210829:0411,0.0,0.0,0.0,6.16,1.59,0.0
20210829:0511,187.25,222.9,5.76,5.94,1.59,0.0
20210829:0611,535.35,633.17,13.29,7.03,1.38,0.0
20210829:0711,649.86,803.87,20.68,10.32,0.9,0.0
20210829:0811,713.69,912.85,27.53,13.16,0.76,0.0
20210829:0911,764.69,995.9,33.32,14.72,0.9,0.0
20210829:1011,764.99,1004.26,37.5,15.97,0.9,0.0
20210829:1111,755.63,999.57,39.51,16.94,0.76,0.0
20210829:1211,742.19,983.53,39.06,17.78,0.76,0.0
20210829:1311,717.56,945.6,36.2,18.46,0.9,0.0
20210829:1411,710.86,933.49,31.37,18.86,1.03,0.0
20210829:1511,591.93,756.95,25.13,19.0,1.17,0.0
20210829:1611,475.3,594.29,18.03,18.89,1.38,0.0
20210829:1711,237.7,296.4,10.54,18.47,1.17,0.0
20210829:1811,0.2,6.3,3.07,17.65,1.1,0.0
20210829:1911,0.0,0.0,0.0,16.28,0.28,0.0
20210829:2011,0.0,0.0,0.0,15.11,0.21,0.0
20210829:2111,0.0,0.0,0.0,14.05,0.55,0.0
20210829:2211,0.0,0.0,0.0,13.14,0.76,0.0
20210829:2311,0.0,0.0,0.0,12.45,0.9,0.0
20210830:0011,0.0,0.0,0.0,11.75,0.97,0.0
20210830:0111,0.0,0.0,0.0,11.11,1.03,0.0
20210830:0211,0.0,0.0,0.0,10.55,1.03,0.0
20210830:0311,0.0,0.0,0.0,10.01,1.17,0.0
20210830:0411,0.0,0.0,0.0,9.62,1.1,0.0
20210830:0511,223.33,267.23,5.49,9.45,1.1,0.0
20210830:0611,551.47,668.66,13.02,10.1,0.9,0.0
20210830:0711,650.94,823.65,20.41,11.48,0.21,0.0
20210830:0811,685.64,880.05,27.24,14.21,0.62,0.0
20210830:0911,746.04,963.09,33.02,15.96,1.38,0.0
20210830:1011,759.42,986.8,37.17,17.05,1.52,0.0
20210830:1111,738.24,964.06,39.16,18.3,1.45,0.0
20210830:1211,679.96,881.42,38.7,18.88,1.45,0.0
20210830:1311,733.61,958.0,35.84,19.32,1.66,0.0
20210830:1411,730.97,952.76,31.01,19.49,1.72,0.0
20210830:1511,669.78,860.01,24.78,19.29,1.79,0.0
20210830:1611,477.09,594.58,17.69,19.02,1.72,0.0
20210830:1711,267.26,330.31,10.2,18.16,1.59,0.0
20210830:1811,0.2,6.29,2.72,17.01,1.45,0.0
20210830:1911,0.0,0.0,0.0,15.38,1.93,0.0
20210830:2011,0.0,0.0,0.0,13.47,1.86,0.0
20210830:2111,0.0,0.0,0.0,11.63,1.66,0.0
20210830:2211,0.0,0.0,0.0,10.24,1.59,0.0
20210830:2311,0.0,0.0,0.0,9.37,1.59,0.0
20210831:0011,0.0,0.0,0.0,8.65,1.66,0.0
20210831:0111,0.0,0.0,0.0,8.01,1.72,0.0
20210831:0211,0.0,0.0,0.0,7.57,1.66,0.0
20210831:0311,0.0,0.0,0.0,7.45,1.59,0.0
20210831:0411,0.0,0.0,0.0,7.28,1.59,0.0
20210831:0511,259.11,302.82,5.22,6.47,1.59,0.0
20210831:0611,94.02,122.53,12.75,7.11,1.45,0.0
20210831:0711,626.61,773.24,20.14,10.13,0.76,0.0
20210831:0811,721.58,931.57,26.95,13.14,0.48,0.0
20210831:0911,748.81,991.87,32.71,15.43,0.34,0.0
20210831:1011,760.42,1007.42,36.83,17.01,0.76,0.0
20210831:1111,754.53,994.41,38.81,18.2,1.17,0.0
20210831:1211,738.17,969.56,38.33,19.02,1.38,0.0
20210831:1311,754.56,988.37,35.47,19.65,1.79,0.0
20210831:1411,754.44,981.43,30.65,19.97,2.21,0.0
20210831:1511,684.87,876.36,24.43,19.81,2.34,0.0
20210831:1611,635.68,802.89,17.33,19.35,2.41,0.0
20210831:1711,488.4,601.25,9.85,18.34,2.41,0.0
20210831:1811,0.0,3.77,2.37,16.84,2.34,0.0
20210831:1911,0.0,0.0,0.0,15.72,2.14,0.0
20210831:2011,0.0,0.0,0.0,13.84,2.0,0.0
20210831:2111,0.0,0.0,0.0,12.24,1.79,0.0
20210831:2211,0.0,0.0,0.0,10.92,1.66,0.0
20210831:2311,0.0,0.0,0.0,9.99,1.59,0.0
20210901:0011,0.0,0.0,0.0,9.19,1.59,0.0
20210901:0111,0.0,0.0,0.0,8.45,1.66,0.0
20210901:0211,0.0,0.0,0.0,7.85,1.66,0.0
20210901:0311,0.0,0.0,0.0,7.55,1.59,0.0
20210901:0411,0.0,0.0,0.0,7.23,1.59,0.0
20210901:0511,242.97,285.45,4.95,7.04,1.52,0.0
20210901:0611,540.51,643.79,12.48,7.96,1.24,0.0
20210901:0711,653.92,809.06,19.86,10.49,0.97,0.0
20210901:0811,718.13,913.29,26.66,13.43,1.1,0.0
20210901:0911,767.54,989.04,32.39,15.42,1.52,0.0
20210901:1011,785.58,1011.27,36.5,16.77,2.14,0.0
20210901:1111,779.95,1000.14,38.45,17.74,2.62,0.0
20210901:1211,776.49,991.27,37.96,18.39,3.1,0.0
20210901:1311,783.06,993.18,35.1,18.63,3.72,0.0
20210901:1411,759.86,956.06,30.29,18.36,3.93,0.0
20210901:1511,717.15,892.69,24.07,17.75,4.0,0.0
20210901:1611,656.24,807.63,16.98,16.95,3.79,0.0
20210901:1711,463.46,558.83,9.5,15.96,3.24,0.0
20210901:1811,0.0,3.34,2.02,14.7,2.55,0.0
20210901:1911,0.0,0.0,0.0,13.53,2.28,0.0
20210901:2011,0.0,0.0,0.0,12.19,2.0,0.0
20210901:2111,0.0,0.0,0.0,10.78,1.79,0.0
20210901:2211,0.0,0.0,0.0,9.58,1.59,0.0
20210901:2311,0.0,0.0,0.0,8.66,1.59,0.0
20210902:0011,0.0,0.0,0.0,7.83,1.59,0.0
20210902:0111,0.0,0.0,0.0,7.24,1.59,0.0
20210902:0211,0.0,0.0,0.0,6.5,1.66,0.0
20210902:0311,0.0,0.0,0.0,5.88,1.72,0.0
20210902:0411,0.0,0.0,0.0,5.39,1.72,0.0
20210902:0511,135.65,165.32,4.68,5.05,1.79,0.0
20210902:0611,82.96,109.64,12.21,5.98,1.59,0.0
20210902:0711,213.47,257.55,19.58,8.86,1.66,0.0
20210902:0811,599.55,729.11,26.37,11.55,2.0,0.0
20210902:0911,734.47,913.12,32.08,13.68,2.69,0.0
20210902:1011,797.81,1000.66,36.16,15.47,3.45,0.0
20210902:1111,797.76,1000.84,38.09,16.76,4.0,0.0
20210902:1211,796.31,999.18,37.59,17.43,4.28,0.0
20210902:1311,789.49,988.01,34.73,17.72,4.55,0.0
20210902:1411,775.34,966.51,29.92,17.59,4.62,0.0
20210902:1511,714.05,881.46,23.71,17.13,4.48,0.0
20210902:1611,646.13,788.8,16.62,16.32,4.21,0.0
20210902:1711,443.6,530.67,9.14,15.07,3.66,0.0
20210902:1811,0.0,2.08,1.66,13.4,3.24,0.0
20210902:1911,0.0,0.0,0.0,11.48,2.9,0.0
20210902:2011,0.0,0.0,0.0,9.93,2.62,0.0
20210902:2111,0.0,0.0,0.0,8.61,2.34,0.0
20210902:2211,0.0,0.0,0.0,7.87,2.28,0.0
20210902:2311,0.0,0.0,0.0,7.01,2.28,0.0
20210903:0011,0.0,0.0,0.0,6.6,2.34,0.0
20210903:0111,0.0,0.0,0.0,6.55,2.48,0.0
20210903:0211,0.0,0.0,0.0,6.41,2.41,0.0
20210903:0311,0.0,0.0,0.0,6.23,2.41,0.0
20210903:0411,0.0,0.0,0.0,6.24,2.28,0.0
20210903:0511,12.95,26.63,4.41,6.25,2.21,0.0
20210903:0611,101.29,130.03,11.94,6.76,2.48,0.0
20210903:0711,327.9,383.31,19.3,7.9,2.9,0.0
20210903:0811,644.43,767.31,26.08,8.92,3.1,0.0
20210903:0911,794.31,969.88,31.77,10.04,3.17,0.0
20210903:1011,798.84,984.77,35.82,11.41,3.1,0.0
20210903:1111,786.83,977.88,37.73,12.41,2.83,0.0
20210903:1211,774.38,968.46,37.22,13.32,2.62,0.0
20210903:1311,779.52,979.41,34.36,14.33,2.69,0.0
20210903:1411,759.05,950.49,29.55,14.45,2.69,0.0
20210903:1511,726.21,901.47,23.34,14.2,2.76,0.0
20210903:1611,654.91,802.26,16.27,13.81,2.69,0.0
20210903:1711,488.49,585.09,8.78,13.09,2.48,0.0
20210903:1811,0.0,0.83,1.3,11.78,2.14,0.0
20210903:1911,0.0,0.0,0.0,10.77,1.31,0.0
20210903:2011,0.0,0.0,0.0,9.45,1.24,0.0
20210903:2111,0.0,0.0,0.0,8.29,1.03,0.0
20210903:2211,0.0,0.0,0.0,7.91,0.97,0.0
20210903:2311,0.0,0.0,0.0,7.27,1.1,0.0
20210904:0011,0.0,0.0,0.0,7.36,1.24,0.0
20210904:0111,0.0,0.0,0.0,7.46,1.45,0.0
20210904:0211,0.0,0.0,0.0,7.49,1.52,0.0
20210904:0311,0.0,0.0,0.0,7.59,1.79,0.0
20210904:0411,0.0,0.0,0.0,7.54,1.86,0.0
20210904:0511,0.23,6.22,4.14,7.25,1.86,0.0
20210904:0611,12.29,26.3,11.67,7.12,1.93,0.0
20210904:0711,37.61,58.66,19.02,7.0,2.28,0.0
20210904:0811,75.77,103.38,25.78,7.12,2.48,0.0
20210904:0911,70.3,97.19,31.45,7.45,2.83,0.0
20210904:1011,52.67,76.84,35.48,7.81,2.69,0.0
20210904:1111,52.88,77.28,37.37,8.35,2.41,0.0
20210904:1211,52.43,76.92,36.84,8.88,2.34,0.0
20210904:1311,64.32,91.09,33.98,9.53,2.55,0.0
20210904:1411,44.9,68.2,29.18,10.08,2.55,0.0
20210904:1511,49.3,73.62,22.98,10.52,2.55,0.0
20210904:1611,31.2,51.52,15.9,10.44,2.55,0.0
20210904:1711,1.61,9.41,8.42,10.36,2.14,0.0
20210904:1811,0.0,0.0,0.0,9.91,1.59,0.0
20210904:1911,0.0,0.0,0.0,9.14,1.45,0.0
20210904:2011,0.0,0.0,0.0,8.57,1.24,0.0
20210904:2111,0.0,0.0,0.0,8.53,1.24,0.0
20210904:2211,0.0,0.0,0.0,8.33,1.1,0.0
20210904:2311,0.0,0.0,0.0,8.31,1.1,0.0
20210905:0011,0.0,0.0,0.0,8.16,1.17,0.0
20210905:0111,0.0,0.0,0.0,7.5,1.24,0.0
20210905:0211,0.0,0.0,0.0,7.09,1.17,0.0
20210905:0311,0.0,0.0,0.0,6.3,1.03,0.0
20210905:0411,0.0,0.0,0.0,5.76,0.97,0.0
20210905:0511,0.0,2.22,3.86,5.13,1.03,0.0
20210905:0611,35.92,56.09,11.39,5.98,0.97,0.0
20210905:0711,171.36,209.68,18.74,7.5,0.97,0.0
20210905:0811,398.37,472.03,25.48,8.87,1.66,0.0
20210905:0911,156.07,196.06,31.13,10.26,2.83,0.0
20210905:1011,322.06,386.08,35.13,11.17,3.03,0.0
20210905:1111,410.32,491.73,37.01,11.84,2.97,0.0
20210905:1211,326.16,394.04,36.47,12.83,3.1,0.0
20210905:1311,181.76,228.07,33.6,13.36,3.24,0.0
20210905:1411,122.81,160.53,28.8,13.68,3.31,0.0
20210905:1511,164.9,207.13,22.61,13.54,3.31,0.0
20210905:1611,55.2,80.97,15.54,12.82,3.1,0.0
20210905:1711,87.39,116.49,8.06,11.88,2.62,0.0
20210905:1811,0.0,0.0,0.0,10.76,2.07,0.0
20210905:1911,0.0,0.0,0.0,9.43,1.59,0.0
20210905:2011,0.0,0.0,0.0,8.48,1.38,0.0
20210905:2111,0.0,0.0,0.0,7.62,1.45,0.0
20210905:2211,0.0,0.0,0.0,6.84,1.52,0.0
20210905:2311,0.0,0.0,0.0,6.74,1.59,0.0
20210906:0011,0.0,0.0,0.0,6.69,1.72,0.0
20210906:0111,0.0,0.0,0.0,6.82,2.07,0.0
20210906:0211,0.0,0.0,0.0,6.71,1.93,0.0
20210906:0311,0.0,0.0,0.0,6.61,1.72,0.0
20210906:0411,0.0,0.0,0.0,6.52,1.52,0.0
20210906:0511,0.0,2.22,3.58,6.55,1.38,0.0
20210906:0611,12.76,26.95,11.11,7.04,1.52,0.0
20210906:0711,51.0,74.86,18.46,8.15,2.28,0.0
20210906:0811,44.47,67.36,25.18,8.92,2.62,0.0
20210906:0911,113.43,147.61,30.81,9.82,2.9,0.0
20210906:1011,269.68,325.93,34.79,10.66,2.41,0.0
20210906:1111,260.57,317.96,36.64,11.78,2.14,0.0
20210906:1211,135.39,175.01,36.09,12.6,2.55,0.0
20210906:1311,149.59,191.07,33.22,12.87,2.9,0.0
20210906:1411,92.98,125.8,28.42,12.82,2.97,0.0
20210906:1511,310.21,372.15,22.24,12.74,2.83,0.0
20210906:1611,112.02,145.77,15.17,12.51,2.62,0.0
20210906:1711,6.93,18.77,7.7,11.94,2.34,0.0
20210906:1811,0.0,0.0,0.0,10.93,2.07,0.0
20210906:1911,0.0,0.0,0.0,9.5,1.66,0.0
20210906:2011,0.0,0.0,0.0,8.89,1.38,0.0
20210906:2111,0.0,0.0,0.0,8.32,1.38,0.0
20210906:2211,0.0,0.0,0.0,7.89,1.38,0.0
20210906:2311,0.0,0.0,0.0,7.58,1.31,0.0
20210907:0011,0.0,0.0,0.0,7.27,1.24,0.0
20210907:0111,0.0,0.0,0.0,7.28,1.45,0.0
20210907:0211,0.0,0.0,0.0,7.31,1.59,0.0
20210907:0311,0.0,0.0,0.0,7.45,1.52,0.0
20210907:0411,0.0,0.0,0.0,7.7,1.52,0.0
20210907:0511,0.78,7.56,3.31,7.99,1.59,0.0
20210907:0611,16.48,32.21,10.84,8.51,1.72,0.0
20210907:0711,19.41,36.21,18.17,9.58,2.14,0.0
20210907:0811,108.17,141.63,24.88,10.43,2.41,0.0
20210907:0911,114.88,150.18,30.48,11.44,3.31,0.0
20210907:1011,169.62,213.51,34.44,12.68,3.66,0.0
20210907:1111,141.88,183.12,36.27,14.17,4.21,0.0
20210907:1211,204.8,255.79,35.71,15.08,4.48,0.0
20210907:1311,406.25,490.0,32.84,15.61,4.55,0.0
20210907:1411,461.25,555.16,28.05,15.44,4.28,0.0
20210907:1511,101.82,136.33,21.86,14.89,3.72,0.0
20210907:1611,56.01,82.25,14.8,14.33,3.17,0.0
20210907:1711,1.55,9.37,7.33,13.48,2.83,0.0
20210907:1811,0.0,0.0,0.0,12.6,2.21,0.0
20210907:1911,0.0,0.0,0.0,11.97,2.07,0.0
20210907:2011,0.0,0.0,0.0,11.63,2.0,0.0
20210907:2111,0.0,0.0,0.0,11.4,1.79,0.0
20210907:2211,0.0,0.0,0.0,11.16,1.72,0.0
20210907:2311,0.0,0.0,0.0,10.94,2.0,0.0
20210908:0011,0.0,0.0,0.0,10.75,2.21,0.0
20210908:0111,0.0,0.0,0.0,10.88,2.48,0.0
20210908:0211,0.0,0.0,0.0,11.02,2.69,0.0
20210908:0311,0.0,0.0,0.0,11.0,2.83,0.0
20210908:0411,0.0,0.0,0.0,11.04,2.76,0.0
20210908:0511,0.56,7.11,3.03,10.96,2.9,0.0
20210908:0611,101.37,132.22,10.56,11.24,2.76,0.0
20210908:0711,599.7,718.01,17.88,11.94,3.31,0.0
20210908:0811,321.77,384.54,24.58,13.05,4.07,0.0
20210908:0911,367.77,442.85,30.16,14.54,3.86,0.0
20210908:1011,368.52,447.81,34.09,15.53,3.45,0.0
20210908:1111,254.32,315.99,35.9,16.54,3.17,0.0
20210908:1211,273.28,339.5,35.33,17.24,2.9,0.0
20210908:1311,548.7,679.12,32.45,17.63,2.9,0.0
20210908:1411,598.84,743.68,27.66,17.65,2.9,0.0
20210908:1511,662.21,827.53,21.49,17.36,2.76,0.0
20210908:1611,561.06,689.21,14.43,16.77,2.69,0.0
20210908:1711,300.06,363.36,6.96,15.83,2.28,0.0
20210908:1811,0.0,0.0,0.0,14.37,2.0,0.0
20210908:1911,0.0,0.0,0.0,13.37,1.59,0.0
20210908:2011,0.0,0.0,0.0,11.93,1.59,0.0
20210908:2111,0.0,0.0,0.0,10.58,1.66,0.0
20210908:2211,0.0,0.0,0.0,9.59,1.45,0.0
20210908:2311,0.0,0.0,0.0,8.85,1.52,0.0
20210909:0011,0.0,0.0,0.0,8.77,1.66,0.0
20210909:0111,0.0,0.0,0.0,8.72,1.66,0.0
20210909:0211,0.0,0.0,0.0,8.67,1.72,0.0
20210909:0311,0.0,0.0,0.0,8.51,1.72,0.0
20210909:0411,0.0,0.0,0.0,8.41,1.72,0.0
20210909:0511,0.0,2.67,2.75,8.6,1.72,0.0
20210909:0611,223.23,266.5,10.28,9.12,2.0,0.0
20210909:0711,327.3,389.03,17.6,10.97,2.21,0.0
20210909:0811,223.17,273.04,24.28,12.57,2.34,0.0
20210909:0911,656.87,811.65,29.83,14.29,2.48,0.0
20210909:1011,660.23,825.4,33.74,15.85,2.34,0.0
20210909:1111,576.5,719.31,35.53,17.16,2.28,0.0
20210909:1211,557.87,699.72,34.94,18.12,2.07,0.0
20210909:1311,524.66,660.06,32.06,18.65,1.66,0.0
20210909:1411,198.98,254.18,27.28,18.82,1.31,0.0
20210909:1511,179.18,229.94,21.11,18.82,0.97,0.0
20210909:1611,243.64,305.2,14.06,18.39,0.55,0.0
20210909:1711,123.73,162.04,6.59,17.89,0.55,0.0
20210909:1811,0.0,0.0,0.0,16.78,0.55,0.0
20210909:1911,0.0,0.0,0.0,16.33,0.28,0.0
20210909:2011,0.0,0.0,0.0,15.68,0.41,0.0
20210909:2111,0.0,0.0,0.0,15.08,0.55,0.0
20210909:2211,0.0,0.0,0.0,14.19,0.76,0.0
20210909:2311,0.0,0.0,0.0,13.13,1.03,0.0
20210910:0011,0.0,0.0,0.0,12.52,1.03,0.0
20210910:0111,0.0,0.0,0.0,12.01,1.1,0.0
20210910:0211,0.0,0.0,0.0,11.47,1.1,0.0
20210910:0311,0.0,0.0,0.0,11.09,1.17,0.0
20210910:0411,0.0,0.0,0.0,10.44,1.17,0.0
20210910:0511,0.0,4.89,2.47,10.03,1.24,0.0
20210910:0611,95.84,125.86,10.0,10.44,1.17,0.0
20210910:0711,150.26,188.83,17.31,11.57,1.59,0.0
20210910:0811,249.6,303.71,23.97,12.18,1.59,0.0
20210910:0911,253.77,309.89,29.5,12.67,2.0,0.0
20210910:1011,266.82,326.47,33.39,13.4,2.34,0.0
20210910:1111,296.27,363.0,35.16,14.47,2.34,0.0
20210910:1211,106.48,143.25,34.55,15.28,2.48,0.0
20210910:1311,97.2,132.54,31.67,15.77,2.55,0.0
20210910:1411,87.37,120.78,26.9,15.74,2.55,0.0
20210910:1511,51.44,77.76,20.73,15.69,2.83,0.0
20210910:1611,140.42,179.29,13.69,14.95,2.48,0.0
20210910:1711,14.08,29.15,6.22,14.07,2.41,0.0
20210910:1811,0.0,0.0,0.0,13.33,2.0,0.0
20210910:1911,0.0,0.0,0.0,12.77,1.52,0.0
20210910:2011,0.0,0.0,0.0,12.27,1.24,0.0
20210910:2111,0.0,0.0,0.0,11.7,1.17,0.0
20210910:2211,0.0,0.0,0.0,11.2,1.1,0.0
20210910:2311,0.0,0.0,0.0,11.17,1.1,0.0
20210911:0011,0.0,0.0,0.0,11.12,0.97,0.0
20210911:0111,0.0,0.0,0.0,10.96,1.03,0.0
20210911:0211,0.0,0.0,0.0,10.95,1.03,0.0
20210911:0311,0.0,0.0,0.0,10.83,0.9,0.0
20210911:0411,0.0,0.0,0.0,10.83,0.97,0.0
20210911:0511,0.0,0.89,2.19,10.84,1.31,0.0
20210911:0611,1.2,8.55,9.72,10.96,1.17,0.0
20210911:0711,14.42,29.7,17.02,11.59,1.31,0.0
20210911:0811,63.33,90.9,23.66,11.92,1.45,0.0
20210911:0911,68.65,97.28,29.17,12.13,1.59,0.0
20210911:1011,107.38,142.56,33.03,12.32,2.21,0.0
20210911:1111,165.15,209.55,34.78,12.71,1.86,0.0
20210911:1211,146.25,188.32,34.17,13.45,2.0,0.0
20210911:1311,80.84,112.11,31.28,13.36,2.14,0.0
20210911:1411,99.54,133.52,26.51,12.85,1.79,0.0
20210911:1511,47.12,71.66,20.35,12.57,1.52,0.0
20210911:1611,40.67,63.34,13.31,12.11,1.45,0.0
20210911:1711,1.26,8.7,5.84,11.7,1.1,0.0
20210911:1811,0.0,0.0,0.0,11.12,1.1,0.0
20210911:1911,0.0,0.0,0.0,10.83,0.9,0.0
20210911:2011,0.0,0.0,0.0,10.63,0.9,0.0
20210911:2111,0.0,0.0,0.0,10.57,0.9,0.0
20210911:2211,0.0,0.0,0.0,10.53,0.97,0.0
20210911:2311,0.0,0.0,0.0,10.51,0.83,0.0
20210912:0011,0.0,0.0,0.0,10.42,0.9,0.0
20210912:0111,0.0,0.0,0.0,10.36,0.9,0.0
20210912:0211,0.0,0.0,0.0,10.3,1.03,0.0
20210912:0311,0.0,0.0,0.0,10.23,1.17,0.0
20210912:0411,0.0,0.0,0.0,10.17,1.17,0.0
20210912:0511,0.0,0.44,1.9,10.06,1.31,0.0
20210912:0611,97.96,128.01,9.43,10.27,1.38,0.0
20210912:0711,172.75,213.83,16.72,11.09,1.31,0.0
20210912:0811,343.46,412.75,23.35,11.78,1.52,0.0
20210912:0911,313.76,380.45,28.84,12.64,1.59,0.0
20210912:1011,333.2,405.65,32.68,13.55,1.79,0.0
20210912:1111,259.08,319.28,34.4,14.09,2.07,0.0
20210912:1211,357.8,434.7,33.78,14.08,2.41,0.0
20210912:1311,420.24,508.68,30.89,14.41,2.76,0.0
20210912:1411,216.69,268.24,26.12,14.7,2.83,0.0
20210912:1511,424.38,510.66,19.97,14.53,2.9,0.0
20210912:1611,419.7,503.79,12.93,13.97,2.41,0.0
20210912:1711,191.16,234.07,5.47,13.13,1.79,0.0
20210912:1811,0.0,0.0,0.0,12.09,1.52,0.0
20210912:1911,0.0,0.0,0.0,11.43,1.45,0.0
20210912:2011,0.0,0.0,0.0,10.23,1.31,0.0
20210912:2111,0.0,0.0,0.0,9.45,1.38,0.0
20210912:2211,0.0,0.0,0.0,8.66,1.38,0.0
20210912:2311,0.0,0.0,0.0,8.46,1.24,0.0
20210913:0011,0.0,0.0,0.0,8.38,1.31,0.0
20210913:0111,0.0,0.0,0.0,8.23,1.38,0.0
20210913:0211,0.0,0.0,0.0,8.21,1.31,0.0
20210913:0311,0.0,0.0,0.0,8.04,1.1,0.0
20210913:0411,0.0,0.0,0.0,7.92,0.97,0.0
20210913:0511,0.0,3.11,1.62,7.63,0.83,0.0
20210913:0611,342.39,402.89,9.15,7.59,0.76,0.0
20210913:0711,342.48,408.04,16.43,8.05,0.14,0.0
20210913:0811,483.88,577.47,23.04,8.89,1.31,0.0
20210913:0911,657.3,799.24,28.51,9.71,1.93,0.0
20210913:1011,687.38,838.82,32.32,10.68,2.41,0.0
20210913:1111,656.49,800.87,34.03,11.45,2.48,0.0
20210913:1211,589.48,714.79,33.39,12.09,2.62,0.0
20210913:1311,629.63,766.96,30.5,12.64,2.76,0.0
20210913:1411,692.19,847.56,25.73,12.9,2.97,0.0
20210913:1511,624.62,756.87,19.59,12.58,2.83,0.0
20210913:1611,519.41,619.86,12.56,11.81,2.62,0.0
20210913:1711,63.85,88.79,5.09,10.71,2.21,0.0
20210913:1811,0.0,0.0,0.0,9.43,1.93,0.0
20210913:1911,0.0,0.0,0.0,8.85,1.79,0.0
20210913:2011,0.0,0.0,0.0,7.89,1.59,0.0
20210913:2111,0.0,0.0,0.0,6.89,1.45,0.0
20210913:2211,0.0,0.0,0.0,6.17,1.38,0.0
20210913:2311,0.0,0.0,0.0,5.78,1.31,0.0
20210914:0011,0.0,0.0,0.0,5.49,1.31,0.0
20210914:0111,0.0,0.0,0.0,4.67,1.45,0.0
20210914:0211,0.0,0.0,0.0,4.02,1.52,0.0
20210914:0311,0.0,0.0,0.0,3.85,1.66,0.0
20210914:0411,0.0,0.0,0.0,3.97,1.66,0.0
20210914:0511,0.0,1.33,1.34,3.81,1.66,0.0
20210914:0611,465.69,536.52,8.86,3.7,1.52,0.0
20210914:0711,628.09,749.9,16.14,5.07,1.03,0.0
20210914:0811,697.11,858.37,22.73,7.08,0.76,0.0
20210914:0911,725.64,929.06,28.18,9.29,0.07,0.0
20210914:1011,728.98,928.32,31.96,10.89,0.62,0.0
20210914:1111,721.75,917.5,33.65,12.01,0.9,0.0
20210914:1211,720.06,914.9,33.0,12.85,1.1,0.0
20210914:1311,725.72,919.54,30.11,13.34,1.38,0.0
20210914:1411,693.55,871.28,25.34,13.56,1.52,0.0
20210914:1511,621.07,767.98,19.2,13.43,1.59,0.0
20210914:1611,549.13,669.09,12.18,13.04,1.59,0.0
20210914:1711,212.86,257.48,4.71,12.12,1.59,0.0
20210914:1811,0.0,0.0,0.0,10.78,1.79,0.0
20210914:1911,0.0,0.0,0.0,9.41,1.31,0.0
20210914:2011,0.0,0.0,0.0,8.68,1.17,0.0
20210914:2111,0.0,0.0,0.0,7.94,1.31,0.0
20210914:2211,0.0,0.0,0.0,7.34,1.38,0.0
20210914:2311,0.0,0.0,0.0,7.06,1.31,0.0
20210915:0011,0.0,0.0,0.0,6.8,1.31,0.0
20210915:0111,0.0,0.0,0.0,5.8,1.38,0.0
20210915:0211,0.0,0.0,0.0,5.5,1.31,0.0
20210915:0311,0.0,0.0,0.0,5.19,1.24,0.0
20210915:0411,0.0,0.0,0.0,5.25,1.1,0.0
20210915:0511,0.0,0.0,0.0,5.73,1.03,0.0
20210915:0611,70.54,95.27,8.58,6.01,1.24,0.0
20210915:0711,51.57,75.04,15.84,6.85,1.45,0.0
20210915:0811,40.28,61.93,22.42,7.25,1.86,0.0
20210915:0911,117.53,150.94,27.84,7.77,2.34,0.0
20210915:1011,158.15,197.23,31.6,8.29,2.21,0.0
20210915:1111,136.88,173.8,33.27,8.54,2.14,0.0
20210915:1211,99.82,131.81,32.6,8.78,2.34,0.0
20210915:1311,49.81,73.79,29.71,8.97,2.48,0.0
20210915:1411,68.69,95.97,24.95,9.11,2.83,0.0
20210915:1511,24.6,42.84,18.82,8.86,2.76,0.0
20210915:1611,6.08,17.18,11.8,8.53,2.14,0.0
20210915:1711,0.0,3.09,4.33,8.28,1.72,0.0
20210915:1811,0.0,0.0,0.0,8.05,1.59,0.0
20210915:1911,0.0,0.0,0.0,8.44,1.66,0.0
20210915:2011,0.0,0.0,0.0,7.83,1.86,0.0
20210915:2111,0.0,0.0,0.0,7.68,1.72,0.0
20210915:2211,0.0,0.0,0.0,7.57,1.52,0.0
20210915:2311,0.0,0.0,0.0,7.44,1.59,0.0
20210916:0011,0.0,0.0,0.0,7.34,1.59,0.0
20210916:0111,0.0,0.0,0.0,7.27,1.38,0.0
20210916:0211,0.0,0.0,0.0,7.21,1.45,0.0
20210916:0311,0.0,0.0,0.0,7.16,1.38,0.0
20210916:0411,0.0,0.0,0.0,7.09,1.38,0.0
20210916:0511,0.0,0.0,0.0,6.89,1.31,0.0
20210916:0611,27.75,46.02,8.29,6.84,0.9,0.0
20210916:0711,22.46,39.85,15.54,6.99,1.17,0.0
20210916:0811,61.5,87.03,22.11,6.96,0.97,0.0
20210916:0911,86.95,116.48,27.5,7.24,1.24,0.0
20210916:1011,51.23,75.21,31.24,7.86,1.79,0.0
20210916:1111,52.12,76.43,32.88,8.43,2.07,0.0
20210916:1211,85.43,115.21,32.21,8.55,2.28,0.0
20210916:1311,86.98,117.0,29.31,8.59,2.14,0.0
20210916:1411,44.81,67.7,24.56,8.51,2.0,0.0
20210916:1511,235.97,281.8,18.43,8.48,1.93,0.0
20210916:1611,166.32,202.74,11.41,8.29,1.93,0.0
20210916:1711,1.01,8.07,3.95,7.62,1.59,0.0
20210916:1811,0.0,0.0,0.0,6.95,1.45,0.0
20210916:1911,0.0,0.0,0.0,6.17,1.52,0.0
20210916:2011,0.0,0.0,0.0,5.75,1.52,0.0
20210916:2111,0.0,0.0,0.0,5.39,1.52,0.0
20210916:2211,0.0,0.0,0.0,5.14,1.24,0.0
20210916:2311,0.0,0.0,0.0,4.93,1.31,0.0
20210917:0011,0.0,0.0,0.0,4.7,1.59,0.0
20210917:0111,0.0,0.0,0.0,4.44,1.72,0.0
20210917:0211,0.0,0.0,0.0,4.27,1.86,0.0
20210917:0311,0.0,0.0,0.0,4.01,2.07,0.0
20210917:0411,0.0,0.0,0.0,3.73,2.21,0.0
20210917:0511,0.0,0.0,0.0,3.52,2.14,0.0
20210917:0611,414.74,472.38,8.0,3.4,2.34,0.0
20210917:0711,207.92,244.15,15.25,3.7,2.55,0.0
20210917:0811,248.06,289.98,21.79,4.13,2.41,0.0
20210917:0911,148.81,183.48,27.17,4.86,2.41,0.0
20210917:1011,82.71,110.67,30.88,5.53,2.48,0.0
20210917:1111,69.43,95.76,32.5,6.09,2.55,0.0
20210917:1211,71.04,97.74,31.82,6.45,2.55,0.0
20210917:1311,58.98,83.9,28.92,6.81,2.48,0.0
20210917:1411,35.15,55.58,24.17,6.73,2.48,0.0
20210917:1511,40.71,62.26,18.04,6.5,2.48,0.0
20210917:1611,44.79,66.46,11.03,6.24,2.48,0.0
20210917:1711,0.22,6.16,3.57,5.75,2.21,0.0
20210917:1811,0.0,0.0,0.0,5.19,1.93,0.0
20210917:1911,0.0,0.0,0.0,4.51,2.34,0.0
20210917:2011,0.0,0.0,0.0,4.14,2.34,0.0
20210917:2111,0.0,0.0,0.0,3.9,2.48,0.0
20210917:2211,0.0,0.0,0.0,3.61,2.48,0.0
20210917:2311,0.0,0.0,0.0,3.38,2.69,0.0
20210918:0011,0.0,0.0,0.0,3.15,2.55,0.0
20210918:0111,0.0,0.0,0.0,3.04,2.28,0.0
20210918:0211,0.0,0.0,0.0,2.99,1.72,0.0
20210918:0311,0.0,0.0,0.0,3.0,1.59,0.0
20210918:0411,0.0,0.0,0.0,3.0,1.72,0.0
20210918:0511,0.0,0.0,0.0,3.08,1.72,0.0
20210918:0611,0.98,7.89,7.71,3.18,1.72,0.0
20210918:0711,5.94,16.66,14.95,3.4,2.07,0.0
20210918:0811,24.88,42.35,21.47,3.52,2.07,0.0
20210918:0911,76.05,102.36,26.83,3.68,1.93,0.0
20210918:1011,69.55,95.12,30.52,3.92,1.93,0.0
20210918:1111,106.69,137.06,32.12,4.06,1.93,0.0
20210918:1211,97.96,127.39,31.42,4.31,1.93,0.0
20210918:1311,56.66,80.48,28.52,4.43,1.93,0.0
20210918:1411,30.2,49.1,23.77,4.47,1.79,0.0
20210918:1511,37.88,58.45,17.65,4.6,1.79,0.0
20210918:1611,19.43,35.6,10.65,4.56,1.79,0.0
20210918:1711,0.41,6.62,3.19,4.45,1.79,0.0
20210918:1811,0.0,0.0,0.0,4.34,1.79,0.0
20210918:1911,0.0,0.0,0.0,4.27,2.0,0.0
20210918:2011,0.0,0.0,0.0,4.17,1.93,0.0
20210918:2111,0.0,0.0,0.0,4.11,2.0,0.0
20210918:2211,0.0,0.0,0.0,4.03,2.0,0.0
20210918:2311,0.0,0.0,0.0,4.01,2.0,0.0
20210919:0011,0.0,0.0,0.0,4.02,1.93,0.0
20210919:0111,0.0,0.0,0.0,3.97,2.0,0.0
20210919:0211,0.0,0.0,0.0,4.0,1.93,0.0
20210919:0311,0.0,0.0,0.0,4.0,1.93,0.0
20210919:0411,0.0,0.0,0.0,3.95,1.93,0.0
20210919:0511,0.0,0.0,0.0,3.88,2.0,0.0
20210919:0611,0.0,5.26,7.42,3.86,2.0,0.0
20210919:0711,12.37,26.08,14.65,4.09,2.0,0.0
20210919:0811,44.23,65.88,21.16,4.24,2.21,0.0
20210919:0911,81.74,109.04,26.49,4.35,2.21,0.0
20210919:1011,90.0,118.48,30.15,4.52,2.21,0.0
20210919:1111,76.13,102.8,31.73,4.45,2.14,0.0
20210919:1211,69.31,95.1,31.02,4.6,2.07,0.0
20210919:1311,62.48,87.23,28.12,4.59,2.07,0.0
20210919:1411,34.8,54.7,23.38,4.47,1.93,0.0
20210919:1511,34.15,53.91,17.26,4.39,1.93,0.0
20210919:1611,11.3,24.62,10.26,4.2,1.86,0.0
20210919:1711,0.0,0.94,2.81,3.98,1.86,0.0
20210919:1811,0.0,0.0,0.0,3.79,1.93,0.0
20210919:1911,0.0,0.0,0.0,3.6,1.86,0.0
20210919:2011,0.0,0.0,0.0,3.42,1.86,0.0
20210919:2111,0.0,0.0,0.0,3.28,1.79,0.0
20210919:2211,0.0,0.0,0.0,3.1,1.59,0.0
20210919:2311,0.0,0.0,0.0,3.01,1.59,0.0
20210920:0011,0.0,0.0,0.0,2.93,1.52,0.0
20210920:0111,0.0,0.0,0.0,2.92,1.66,0.0
20210920:0211,0.0,0.0,0.0,2.73,1.59,0.0
20210920:0311,0.0,0.0,0.0,2.61,1.52,0.0
20210920:0411,0.0,0.0,0.0,2.43,1.52,0.0
20210920:0511,0.0,0.0,0.0,2.47,1.38,0.0
20210920:0611,0.0,0.0,0.0,2.23,1.38,0.0
20210920:0711,103.07,130.49,14.35,2.58,1.38,0.0
20210920:0811,73.9,99.39,20.84,2.81,1.59,0.0
20210920:0911,57.92,81.58,26.14,3.34,1.79,0.0
20210920:1011,69.58,95.14,29.79,3.87,1.86,0.0
20210920:1111,125.23,157.74,31.35,4.09,1.86,0.0
20210920:1211,113.9,145.32,30.63,4.57,2.0,0.0
20210920:1311,79.43,106.67,27.72,4.83,2.07,0.0
20210920:1411,74.49,101.13,22.98,5.36,2.14,0.0
20210920:1511,182.24,218.91,16.87,5.51,1.86,0.0
20210920:1611,73.25,98.35,9.88,5.5,1.59,0.0
20210920:1711,0.2,6.12,2.43,5.44,1.52,0.0
20210920:1811,0.0,0.0,0.0,5.08,1.66,0.0
20210920:1911,0.0,0.0,0.0,4.69,1.66,0.0
20210920:2011,0.0,0.0,0.0,4.53,1.79,0.0
20210920:2111,0.0,0.0,0.0,4.44,2.21,0.0
20210920:2211,0.0,0.0,0.0,4.41,2.21,0.0
20210920:2311,0.0,0.0,0.0,4.35,2.07,0.0
20210921:0011,0.0,0.0,0.0,4.32,2.69,0.0
20210921:0111,0.0,0.0,0.0,4.24,2.28,0.0
20210921:0211,0.0,0.0,0.0,4.27,2.41,0.0
20210921:0311,0.0,0.0,0.0,4.49,2.28,0.0
20210921:0411,0.0,0.0,0.0,4.62,2.0,0.0
20210921:0511,0.0,0.0,0.0,4.99,1.72,0.0
20210921:0611,2.61,11.17,6.84,5.27,2.14,0.0
20210921:0711,30.14,49.27,14.04,5.77,2.48,0.0
20210921:0811,42.52,64.32,20.52,6.28,3.17,0.0
20210921:0911,131.82,165.63,25.8,6.62,3.24,0.0
20210921:1011,133.19,167.9,29.42,7.16,3.66,0.0
20210921:1111,256.24,304.67,30.96,7.79,3.86,0.0
20210921:1211,281.58,333.36,30.23,8.27,3.86,0.0
20210921:1311,67.24,93.93,27.32,8.32,3.72,0.0
20210921:1411,118.97,152.06,22.59,8.56,3.93,0.0
20210921:1511,197.17,236.7,16.49,8.07,3.31,0.0
20210921:1611,7.35,19.1,9.49,7.48,2.14,0.0
20210921:1711,0.0,4.23,2.05,6.93,2.07,0.0
20210921:1811,0.0,0.0,0.0,6.36,2.07,0.0
20210921:1911,0.0,0.0,0.0,6.33,2.0,0.0
20210921:2011,0.0,0.0,0.0,6.3,2.0,0.0
20210921:2111,0.0,0.0,0.0,6.2,2.07,0.0
20210921:2211,0.0,0.0,0.0,6.13,2.0,0.0
20210921:2311,0.0,0.0,0.0,5.96,1.86,0.0
20210922:0011,0.0,0.0,0.0,5.72,1.86,0.0
20210922:0111,0.0,0.0,0.0,5.2,1.66,0.0
20210922:0211,0.0,0.0,0.0,4.75,1.59,0.0
20210922:0311,0.0,0.0,0.0,4.08,1.52,0.0
20210922:0411,0.0,0.0,0.0,3.46,1.38,0.0
20210922:0511,0.0,0.0,0.0,3.48,1.38,0.0
20210922:0611,18.39,33.79,6.55,3.77,1.52,0.0
20210922:0711,35.55,55.82,13.74,6.08,1.45,0.0
20210922:0811,212.26,254.88,20.2,7.79,2.07,0.0
20210922:0911,240.43,288.44,25.46,8.87,2.48,0.0
20210922:1011,304.95,362.5,29.05,9.79,3.31,0.0
20210922:1111,165.6,206.93,30.58,10.77,4.0,0.0
20210922:1211,99.34,132.56,29.83,11.89,4.69,0.0
20210922:1311,151.42,191.33,26.92,12.21,4.83,0.0
20210922:1411,269.65,322.41,22.19,11.93,4.69,0.0
20210922:1511,17.34,33.59,16.1,10.9,3.66,0.0
20210922:1611,237.74,282.68,9.11,10.06,3.03,0.0
20210922:1711,0.0,3.28,1.66,9.18,2.28,0.0
20210922:1811,0.0,0.0,0.0,8.48,2.48,0.0
20210922:1911,0.0,0.0,0.0,8.25,2.55,0.0
20210922:2011,0.0,0.0,0.0,8.18,2.21,0.0
20210922:2111,0.0,0.0,0.0,8.15,2.76,0.0
20210922:2211,0.0,0.0,0.0,7.61,3.17,0.0
20210922:2311,0.0,0.0,0.0,6.75,3.1,0.0
20210923:0011,0.0,0.0,0.0,5.96,3.38,0.0
20210923:0111,0.0,0.0,0.0,5.31,3.66,0.0
20210923:0211,0.0,0.0,0.0,4.62,3.45,0.0
20210923:0311,0.0,0.0,0.0,4.22,2.41,0.0
20210923:0411,0.0,0.0,0.0,3.87,1.93,0.0
20210923:0511,0.0,0.0,0.0,3.2,2.21,0.0
20210923:0611,106.42,132.64,6.25,2.78,2.0,0.0
20210923:0711,4.6,14.49,13.44,2.9,2.48,0.0
20210923:0811,45.3,66.69,19.88,2.67,2.9,0.0
20210923:0911,32.48,51.63,25.12,2.99,1.03,0.0
20210923:1011,44.96,66.62,28.68,3.37,1.17,0.0
20210923:1111,151.49,185.33,30.19,2.91,2.69,0.0
20210923:1211,96.59,124.69,29.44,2.72,4.0,0.0
20210923:1311,316.29,361.37,26.52,2.93,4.97,0.0
20210923:1411,334.0,381.63,21.79,4.05,4.69,0.0
20210923:1511,478.94,543.92,15.71,4.46,4.55,0.0
20210923:1611,133.04,162.15,8.72,4.3,4.21,0.0
20210923:1711,0.0,1.4,1.28,4.04,4.48,0.0
20210923:1811,0.0,0.0,0.0,4.06,4.28,0.0
20210923:1911,0.0,0.0,0.0,3.54,3.93,0.0
20210923:2011,0.0,0.0,0.0,3.31,3.86,0.0
20210923:2111,0.0,0.0,0.0,3.13,3.66,0.0
20210923:2211,0.0,0.0,0.0,2.77,3.24,0.0
20210923:2311,0.0,0.0,0.0,2.45,2.9,0.0
20210924:0011,0.0,0.0,0.0,2.17,2.62,0.0
20210924:0111,0.0,0.0,0.0,1.96,2.34,0.0
20210924:0211,0.0,0.0,0.0,1.78,2.0,0.0
20210924:0311,0.0,0.0,0.0,1.76,1.86,0.0
20210924:0411,0.0,0.0,0.0,2.07,2.21,0.0
20210924:0511,0.0,0.0,0.0,1.98,1.66,0.0
20210924:0611,39.18,58.27,5.96,1.93,1.66,0.0
20210924:0711,21.86,38.41,13.13,2.53,1.93,0.0
20210924:0811,12.9,26.68,19.55,2.77,1.86,0.0
20210924:0911,18.46,34.15,24.77,3.31,2.07,0.0
20210924:1011,24.81,42.4,28.32,4.28,2.21,0.0
20210924:1111,52.16,75.57,29.8,5.33,1.79,0.0
20210924:1211,22.05,39.23,29.04,6.61,2.9,0.0
20210924:1311,34.49,54.94,26.12,7.64,4.0,0.0
20210924:1411,66.0,92.24,21.4,8.23,4.9,0.0
20210924:1511,10.02,23.1,15.32,8.16,4.55,0.0
20210924:1611,0.47,6.8,8.34,7.33,5.79,0.0
20210924:1711,0.0,0.0,0.0,6.42,5.66,0.0
20210924:1811,0.0,0.0,0.0,5.93,5.79,0.0
20210924:1911,0.0,0.0,0.0,5.7,5.38,0.0
20210924:2011,0.0,0.0,0.0,5.37,5.31,0.0
20210924:2111,0.0,0.0,0.0,4.93,5.24,0.0
20210924:2211,0.0,0.0,0.0,4.72,5.1,0.0
20210924:2311,0.0,0.0,0.0,4.65,5.17,0.0
20210925:0011,0.0,0.0,0.0,4.57,5.1,0.0
20210925:0111,0.0,0.0,0.0,4.54,4.97,0.0
20210925:0211,0.0,0.0,0.0,4.17,4.55,0.0
20210925:0311,0.0,0.0,0.0,3.73,3.93,0.0
20210925:0411,0.0,0.0,0.0,3.35,3.24,0.0
20210925:0511,0.0,0.0,0.0,3.18,2.83,0.0
20210925:0611,76.87,100.56,5.67,3.08,2.34,0.0
20210925:0711,359.15,411.94,12.83,4.02,2.14,0.0
20210925:0811,467.17,536.74,19.23,5.19,3.31,0.0
20210925:0911,437.27,505.59,24.42,5.99,3.24,0.0
20210925:1011,472.9,549.78,27.95,6.68,3.31,0.0
20210925:1111,527.61,617.9,29.41,7.26,3.1,0.0
20210925:1211,586.52,691.84,28.64,7.94,3.1,0.0
20210925:1311,658.39,784.9,25.72,8.41,2.9,0.0
20210925:1411,624.65,743.92,21.0,8.67,2.62,0.0
20210925:1511,538.25,634.13,14.93,8.49,2.48,0.0
20210925:1611,375.55,437.93,7.96,8.02,2.07,0.0
20210925:1711,0.0,0.0,0.0,7.19,1.72,0.0
20210925:1811,0.0,0.0,0.0,6.18,1.45,0.0
20210925:1911,0.0,0.0,0.0,4.98,1.38,0.0
20210925:2011,0.0,0.0,0.0,4.78,0.97,0.0
20210925:2111,0.0,0.0,0.0,5.05,0.83,0.0
20210925:2211,0.0,0.0,0.0,5.27,0.76,0.0
20210925:2311,0.0,0.0,0.0,5.19,0.9,0.0
20210926:0011,0.0,0.0,0.0,4.84,1.03,0.0
20210926:0111,0.0,0.0,0.0,4.89,1.03,0.0
20210926:0211,0.0,0.0,0.0,5.28,0.9,0.0
20210926:0311,0.0,0.0,0.0,5.43,0.69,0.0
20210926:0411,0.0,0.0,0.0,5.52,0.62,0.0
20210926:0511,0.0,0.0,0.0,5.64,0.69,0.0
20210926:0611,198.97,235.96,5.37,5.79,0.9,0.0
20210926:0711,234.7,275.79,12.52,4.95,1.17,0.0
20210926:0811,549.69,653.15,18.91,7.2,1.38,0.0
20210926:0911,638.22,769.76,24.08,8.82,1.86,0.0
20210926:1011,337.65,401.97,27.58,9.89,2.21,0.0
20210926:1111,280.77,337.66,29.03,10.75,2.55,0.0
20210926:1211,617.33,744.08,28.24,11.35,2.9,0.0
20210926:1311,393.99,467.87,25.32,11.77,3.45,0.0
20210926:1411,592.87,706.55,20.61,11.76,3.79,0.0
20210926:1511,204.04,247.12,14.54,11.06,3.24,0.0
20210926:1611,102.0,131.85,7.57,10.05,2.62,0.0
20210926:1711,0.0,0.0,0.0,8.73,2.21,0.0
20210926:1811,0.0,0.0,0.0,7.83,2.28,0.0
20210926:1911,0.0,0.0,0.0,7.49,2.14,0.0
20210926:2011,0.0,0.0,0.0,7.27,2.48,0.0
20210926:2111,0.0,0.0,0.0,6.91,2.69,0.0
20210926:2211,0.0,0.0,0.0,6.67,2.62,0.0
20210926:2311,0.0,0.0,0.0,6.5,2.48,0.0
20210927:0011,0.0,0.0,0.0,6.32,2.55,0.0
20210927:0111,0.0,0.0,0.0,6.2,2.41,0.0
20210927:0211,0.0,0.0,0.0,6.19,2.14,0.0
20210927:0311,0.0,0.0,0.0,6.27,2.14,0.0
20210927:0411,0.0,0.0,0.0,6.34,2.14,0.0
20210927:0511,0.0,0.0,0.0,6.48,2.21,0.0
20210927:0611,1.25,8.54,5.07,6.55,2.21,0.0
20210927:0711,2.42,10.87,12.21,7.31,2.14,0.0
20210927:0811,33.2,53.37,18.58,7.52,2.48,0.0
20210927:0911,52.58,76.65,23.73,7.56,2.34,0.0
20210927:1011,66.22,92.61,27.21,7.55,2.34,0.0
20210927:1111,19.46,36.03,28.64,7.63,2.55,0.0
20210927:1211,18.58,34.86,27.84,7.55,2.0,0.0
20210927:1311,77.36,105.54,24.93,7.62,1.86,0.0
20210927:1411,11.24,24.81,20.21,7.55,2.28,0.0
20210927:1511,31.5,51.27,14.15,7.45,2.34,0.0
20210927:1611,191.25,228.12,7.19,7.52,2.76,0.0
20210927:1711,0.0,0.0,0.0,7.6,2.97,0.0
20210927:1811,0.0,0.0,0.0,7.68,2.62,0.0
20210927:1911,0.0,0.0,0.0,8.32,2.69,0.0
20210927:2011,0.0,0.0,0.0,8.86,3.03,0.0
20210927:2111,0.0,0.0,0.0,9.07,3.24,0.0
20210927:2211,0.0,0.0,0.0,8.84,3.31,0.0
20210927:2311,0.0,0.0,0.0,8.68,1.86,0.0
20210928:0011,0.0,0.0,0.0,7.67,3.31,0.0
20210928:0111,0.0,0.0,0.0,5.85,2.28,0.0
20210928:0211,0.0,0.0,0.0,5.2,1.38,0.0
20210928:0311,0.0,0.0,0.0,4.97,1.31,0.0
20210928:0411,0.0,0.0,0.0,3.72,1.1,0.0
20210928:0511,0.0,0.0,0.0,3.74,0.83,0.0
20210928:0611,327.35,376.89,4.78,3.47,0.62,0.0
20210928:0711,536.03,627.06,11.91,3.59,0.9,0.0
20210928:0811,612.77,729.54,18.26,5.08,1.1,0.0
20210928:0911,462.34,542.81,23.38,6.1,1.45,0.0
20210928:1011,447.71,525.35,26.84,7.04,2.14,0.0
20210928:1111,324.6,383.86,28.25,7.97,2.21,0.0
20210928:1211,402.49,474.2,27.45,8.87,2.76,0.0
20210928:1311,293.64,348.09,24.53,9.39,3.24,0.0
20210928:1411,47.55,71.17,19.82,9.43,3.03,0.0
20210928:1511,129.05,162.38,13.76,9.12,2.9,0.0
20210928:1611,209.0,248.89,6.81,8.45,2.41,0.0
20210928:1711,0.0,0.0,0.0,7.62,2.34,0.0
20210928:1811,0.0,0.0,0.0,6.36,2.28,0.0
20210928:1911,0.0,0.0,0.0,5.48,2.14,0.0
20210928:2011,0.0,0.0,0.0,4.84,2.0,0.0
20210928:2111,0.0,0.0,0.0,4.6,2.0,0.0
20210928:2211,0.0,0.0,0.0,4.29,2.07,0.0
20210928:2311,0.0,0.0,0.0,4.04,2.14,0.0
20210929:0011,0.0,0.0,0.0,4.15,2.14,0.0
20210929:0111,0.0,0.0,0.0,4.36,2.28,0.0
20210929:0211,0.0,0.0,0.0,4.64,2.83,0.0
20210929:0311,0.0,0.0,0.0,4.77,2.69,0.0
20210929:0411,0.0,0.0,0.0,4.76,2.07,0.0
20210929:0511,0.0,0.0,0.0,4.85,2.62,0.0
20210929:0611,0.0,4.6,4.48,4.96,2.9,0.0
20210929:0711,2.06,10.15,11.6,5.77,2.62,0.0
20210929:0811,9.91,22.76,17.93,5.88,2.9,0.0
20210929:0911,34.75,55.0,23.04,6.32,2.97,0.0
20210929:1011,122.09,155.06,26.47,6.25,2.69,0.0
20210929:1111,35.01,55.37,27.86,6.31,2.41,0.0
20210929:1211,64.95,90.6,27.05,6.31,3.31,0.0
20210929:1311,133.7,167.46,24.13,6.9,4.69,0.0
20210929:1411,28.31,47.15,19.42,6.91,4.48,0.0
20210929:1511,46.84,69.21,13.37,6.7,3.72,0.0
20210929:1611,2.77,11.48,6.42,6.17,3.38,0.0
20210929:1711,0.0,0.0,0.0,6.03,2.76,0.0
20210929:1811,0.0,0.0,0.0,6.01,2.48,0.0
20210929:1911,0.0,0.0,0.0,6.03,2.34,0.0
20210929:2011,0.0,0.0,0.0,5.76,1.45,0.0
20210929:2111,0.0,0.0,0.0,5.77,1.86,0.0
20210929:2211,0.0,0.0,0.0,5.85,2.41,0.0
20210929:2311,0.0,0.0,0.0,6.03,2.62,0.0
20210930:0011,0.0,0.0,0.0,6.19,2.55,0.0
20210930:0111,0.0,0.0,0.0,6.18,2.0,0.0
20210930:0211,0.0,0.0,0.0,6.15,1.72,0.0
20210930:0311,0.0,0.0,0.0,6.04,1.79,0.0
20210930:0411,0.0,0.0,0.0,5.94,1.93,0.0
20210930:0511,0.0,0.0,0.0,5.77,2.14,0.0
20210930:0611,0.0,5.26,4.18,5.55,1.93,0.0
20210930:0711,20.36,36.96,11.29,5.84,1.79,0.0
20210930:0811,17.32,32.97,17.6,5.95,1.66,0.0
20210930:0911,66.63,92.51,22.69,5.97,1.86,0.0
20210930:1011,26.69,45.02,26.1,5.97,2.55,0.0
20210930:1111,25.13,43.06,27.48,5.89,2.48,0.0
20210930:1211,24.85,42.68,26.65,5.78,2.48,0.0
20210930:1311,25.8,43.85,23.73,5.74,2.34,0.0
20210930:1411,15.97,31.14,19.03,5.69,2.0,0.0
20210930:1511,113.05,142.72,12.99,5.57,1.79,0.0
20210930:1611,96.7,123.69,6.04,5.59,1.38,0.0
20210930:1711,0.0,0.0,0.0,5.6,1.17,0.0
20210930:1811,0.0,0.0,0.0,5.48,1.31,0.0
20210930:1911,0.0,0.0,0.0,5.55,2.07,0.0
20210930:2011,0.0,0.0,0.0,5.33,2.0,0.0
20210930:2111,0.0,0.0,0.0,4.67,1.79,0.0
20210930:2211,0.0,0.0,0.0,3.91,1.79,0.0
20210930:2311,0.0,0.0,0.0,3.2,1.79,0.0
20211001:0011,0.0,0.0,0.0,3.07,2.28,0.0
20211001:0111,0.0,0.0,0.0,3.0,2.83,0.0
20211001:0211,0.0,0.0,0.0,2.99,4.07,0.0
20211001:0311,0.0,0.0,0.0,2.75,3.66,0.0
20211001:0411,0.0,0.0,0.0,2.56,3.38,0.0
20211001:0511,0.0,0.0,0.0,2.44,2.83,0.0
20211001:0611,0.68,7.23,3.88,2.89,2.21,0.0
20211001:0711,16.67,31.88,10.98,3.98,2.21,0.0
20211001:0811,154.49,188.21,17.28,4.78,1.86,0.0
20211001:0911,82.02,109.77,22.34,5.44,2.0,0.0
20211001:1011,113.84,145.7,25.73,5.86,2.48,0.0
20211001:1111,217.93,260.66,27.09,6.24,2.83,0.0
20211001:1211,122.94,155.95,26.26,6.26,3.03,0.0
20211001:1311,57.96,82.62,23.33,6.51,2.41,0.0
20211001:1411,44.03,66.24,18.64,6.63,2.48,0.0
20211001:1511,5.13,15.54,12.6,6.77,2.07,0.0
20211001:1611,5.93,16.85,5.66,6.67,1.72,0.0
20211001:1711,0.0,0.0,0.0,6.62,1.93,0.0
20211001:1811,0.0,0.0,0.0,6.65,2.21,0.0
20211001:1911,0.0,0.0,0.0,6.81,3.17,0.0
20211001:2011,0.0,0.0,0.0,6.44,3.03,0.0
20211001:2111,0.0,0.0,0.0,5.69,2.9,0.0
20211001:2211,0.0,0.0,0.0,5.33,2.62,0.0
20211001:2311,0.0,0.0,0.0,4.89,2.07,0.0
20211002:0011,0.0,0.0,0.0,4.53,2.14,0.0
20211002:0111,0.0,0.0,0.0,4.28,2.34,0.0
20211002:0211,0.0,0.0,0.0,4.18,2.0,0.0
20211002:0311,0.0,0.0,0.0,3.81,1.72,0.0
20211002:0411,0.0,0.0,0.0,3.65,1.45,0.0
20211002:0511,0.0,0.0,0.0,3.28,1.17,0.0
20211002:0611,2.48,10.86,3.59,2.98,1.17,0.0
20211002:0711,271.76,313.18,10.67,3.15,1.79,0.0
20211002:0811,454.13,521.5,16.95,3.3,2.0,0.0
20211002:0911,195.05,232.69,21.99,4.23,2.28,0.0
20211002:1011,82.98,110.84,25.36,5.33,2.76,0.0
20211002:1111,290.58,340.06,26.7,5.91,3.31,0.0
20211002:1211,76.47,103.63,25.86,5.96,3.72,0.0
20211002:1311,111.51,142.52,22.94,5.74,3.38,0.0
20211002:1411,39.55,60.61,18.25,5.66,3.45,0.0
20211002:1511,133.58,164.39,12.22,5.38,3.38,0.0
20211002:1611,1.37,8.75,5.28,4.82,2.76,0.0
20211002:1711,0.0,0.0,0.0,4.16,2.55,0.0
20211002:1811,0.0,0.0,0.0,3.62,2.55,0.0
20211002:1911,0.0,0.0,0.0,3.47,2.62,0.0
20211002:2011,0.0,0.0,0.0,3.21,2.83,0.0
20211002:2111,0.0,0.0,0.0,3.21,3.03,0.0
20211002:2211,0.0,0.0,0.0,3.43,4.07,0.0
20211002:2311,0.0,0.0,0.0,3.7,4.83,0.0
20211003:0011,0.0,0.0,0.0,3.9,4.21,0.0
20211003:0111,0.0,0.0,0.0,4.27,4.62,0.0
20211003:0211,0.0,0.0,0.0,4.7,5.59,0.0
20211003:0311,0.0,0.0,0.0,5.11,5.24,0.0
20211003:0411,0.0,0.0,0.0,5.51,5.66,0.0
20211003:0511,0.0,0.0,0.0,5.92,5.24,0.0
20211003:0611,0.0,4.14,3.29,6.1,3.93,0.0
20211003:0711,12.73,26.81,10.36,6.57,5.38,0.0
20211003:0811,14.92,29.83,16.62,6.8,4.62,0.0
20211003:0911,21.33,38.35,21.64,7.09,3.86,0.0
20211003:1011,20.41,37.24,24.99,7.5,3.17,0.0
20211003:1111,66.0,92.28,26.32,7.39,2.76,0.0
20211003:1211,16.62,32.21,25.47,7.28,2.55,0.0
20211003:1311,35.8,56.44,22.54,7.05,2.76,0.0
20211003:1411,9.56,22.32,17.86,6.67,2.9,0.0
20211003:1511,214.42,252.55,11.83,6.0,3.24,0.0
20211003:1611,3.5,12.77,4.91,5.6,3.1,0.0
20211003:1711,0.0,0.0,0.0,5.17,3.03,0.0
20211003:1811,0.0,0.0,0.0,4.73,2.9,0.0
20211003:1911,0.0,0.0,0.0,3.88,3.31,0.0
20211003:2011,0.0,0.0,0.0,3.85,3.72,0.0
20211003:2111,0.0,0.0,0.0,3.9,3.45,0.0
20211003:2211,0.0,0.0,0.0,3.86,4.07,0.0
20211003:2311,0.0,0.0,0.0,4.09,4.55,0.0
20211004:0011,0.0,0.0,0.0,3.96,4.07,0.0
20211004:0111,0.0,0.0,0.0,4.6,4.28,0.0
20211004:0211,0.0,0.0,0.0,4.85,3.86,0.0
20211004:0311,0.0,0.0,0.0,4.97,3.72,0.0
20211004:0411,0.0,0.0,0.0,4.93,3.17,0.0
20211004:0511,0.0,0.0,0.0,4.78,2.97,0.0
20211004:0611,0.9,7.75,2.99,4.65,2.62,0.0
20211004:0711,208.41,244.8,10.05,4.92,2.83,0.0
20211004:0811,59.76,83.92,16.29,5.28,3.45,0.0
20211004:0911,38.32,59.19,21.29,5.83,3.52,0.0
20211004:1011,31.6,51.1,24.62,6.11,3.79,0.0
20211004:1111,78.59,106.34,25.93,6.54,3.31,0.0
20211004:1211,77.63,105.34,25.07,6.72,3.1,0.0
20211004:1311,42.1,64.0,22.15,6.87,2.9,0.0
20211004:1411,11.81,25.49,17.47,6.2,2.97,0.0
20211004:1511,26.13,44.29,11.45,5.82,2.62,0.0
20211004:1611,42.22,62.27,4.53,5.42,2.9,0.0
20211004:1711,0.0,0.0,0.0,5.01,2.34,0.0
20211004:1811,0.0,0.0,0.0,4.73,2.34,0.0
20211004:1911,0.0,0.0,0.0,4.6,3.03,0.0
20211004:2011,0.0,0.0,0.0,4.48,2.34,0.0
20211004:2111,0.0,0.0,0.0,4.66,2.55,0.0
20211004:2211,0.0,0.0,0.0,4.71,2.55,0.0
20211004:2311,0.0,0.0,0.0,4.61,2.48,0.0
20211005:0011,0.0,0.0,0.0,4.62,2.34,0.0
20211005:0111,0.0,0.0,0.0,4.61,2.34,0.0
20211005:0211,0.0,0.0,0.0,4.59,2.28,0.0
20211005:0311,0.0,0.0,0.0,4.38,2.07,0.0
20211005:0411,0.0,0.0,0.0,4.33,2.21,0.0
20211005:0511,0.0,0.0,0.0,4.28,2.62,0.0
20211005:0611,0.0,3.62,2.69,4.24,2.34,0.0
20211005:0711,26.29,44.03,9.74,4.5,2.34,0.0
20211005:0811,135.12,166.43,15.97,4.55,2.76,0.0
20211005:0911,55.43,79.21,20.94,5.11,2.48,0.0
20211005:1011,35.2,55.44,24.25,5.7,2.83,0.0
20211005:1111,48.32,71.19,25.55,6.06,3.03,0.0
20211005:1211,54.44,78.34,24.68,5.93,2.76,0.0
20211005:1311,32.49,52.19,21.76,6.07,3.1,0.0
20211005:1411,29.53,48.56,17.08,6.17,2.9,0.0
20211005:1511,2.95,11.8,11.07,6.18,2.9,0.0
20211005:1611,0.0,2.68,4.16,6.05,2.41,0.0
20211005:1711,0.0,0.0,0.0,5.57,1.93,0.0
20211005:1811,0.0,0.0,0.0,5.21,2.07,0.0
20211005:1911,0.0,0.0,0.0,5.47,1.45,0.0
20211005:2011,0.0,0.0,0.0,5.42,1.45,0.0
20211005:2111,0.0,0.0,0.0,5.35,1.38,0.0
20211005:2211,0.0,0.0,0.0,5.09,1.38,0.0
20211005:2311,0.0,0.0,0.0,4.86,1.31,0.0
20211006:0011,0.0,0.0,0.0,4.85,1.59,0.0
20211006:0111,0.0,0.0,0.0,4.99,1.72,0.0
20211006:0211,0.0,0.0,0.0,4.9,1.66,0.0
20211006:0311,0.0,0.0,0.0,4.42,1.72,0.0
20211006:0411,0.0,0.0,0.0,4.6,1.66,0.0
20211006:0511,0.0,0.0,0.0,4.43,1.66,0.0
20211006:0611,0.0,4.13,2.39,4.43,1.72,0.0
20211006:0711,214.19,251.4,9.43,4.52,1.79,0.0
20211006:0811,332.01,384.75,15.64,4.89,1.66,0.0
20211006:0911,617.54,732.28,20.6,5.29,1.52,0.0
20211006:1011,429.27,502.15,23.88,5.94,1.66,0.0
20211006:1111,54.65,79.1,25.16,7.09,1.1,0.0
20211006:1211,283.54,339.3,24.29,7.21,0.28,0.0
20211006:1311,410.65,484.88,21.37,7.26,1.1,0.0
20211006:1411,46.96,70.0,16.7,7.44,1.59,0.0
20211006:1511,432.31,506.92,10.69,7.23,1.31,0.0
20211006:1611,14.72,29.03,3.78,7.09,1.31,0.0
20211006:1711,0.0,0.0,0.0,6.26,1.45,0.0
20211006:1811,0.0,0.0,0.0,5.13,1.45,0.0
20211006:1911,0.0,0.0,0.0,4.43,1.45,0.0
20211006:2011,0.0,0.0,0.0,4.02,1.38,0.0
20211006:2111,0.0,0.0,0.0,3.51,1.45,0.0
20211006:2211,0.0,0.0,0.0,3.53,1.52,0.0
20211006:2311,0.0,0.0,0.0,3.59,1.59,0.0
20211007:0011,0.0,0.0,0.0,3.76,1.72,0.0
20211007:0111,0.0,0.0,0.0,4.08,1.59,0.0
20211007:0211,0.0,0.0,0.0,4.29,1.52,0.0
20211007:0311,0.0,0.0,0.0,4.34,1.52,0.0
20211007:0411,0.0,0.0,0.0,4.27,1.66,0.0
20211007:0511,0.0,0.0,0.0,4.28,1.66,0.0
20211007:0611,0.0,2.07,2.09,3.89,1.24,0.0
20211007:0711,257.88,300.03,9.11,4.26,1.1,0.0
20211007:0811,27.83,46.32,15.31,5.21,1.45,0.0
20211007:0911,10.89,24.18,20.25,5.98,1.79,0.0
20211007:1011,74.02,101.36,23.51,6.78,1.93,0.0
20211007:1111,59.16,84.38,24.78,7.45,2.41,0.0
20211007:1211,37.14,58.3,23.9,7.99,2.9,0.0
20211007:1311,38.25,59.72,20.98,8.42,3.03,0.0
20211007:1411,11.08,24.65,16.31,8.25,1.93,0.0
20211007:1511,13.98,28.71,10.32,8.07,2.28,0.0
20211007:1611,0.0,4.77,3.41,7.73,1.93,0.0
20211007:1711,0.0,0.0,0.0,7.35,1.72,0.0
20211007:1811,0.0,0.0,0.0,7.0,1.45,0.0
20211007:1911,0.0,0.0,0.0,6.46,1.45,0.0
20211007:2011,0.0,0.0,0.0,6.55,1.45,0.0
20211007:2111,0.0,0.0,0.0,6.55,1.52,0.0
20211007:2211,0.0,0.0,0.0,6.47,1.45,0.0
20211007:2311,0.0,0.0,0.0,6.35,1.45,0.0
20211008:0011,0.0,0.0,0.0,6.33,1.45,0.0
20211008:0111,0.0,0.0,0.0,6.27,1.17,0.0
20211008:0211,0.0,0.0,0.0,6.29,1.24,0.0
20211008:0311,0.0,0.0,0.0,6.43,1.38,0.0
20211008:0411,0.0,0.0,0.0,6.61,1.31,0.0
20211008:0511,0.0,0.0,0.0,6.64,1.03,0.0
20211008:0611,0.0,0.52,1.79,6.72,0.83,0.0
20211008:0711,5.36,15.93,8.8,6.83,0.97,0.0
20211008:0811,7.72,19.63,14.98,7.21,1.17,0.0
20211008:0911,33.14,53.37,19.9,7.6,1.03,0.0
20211008:1011,26.39,45.05,23.15,8.25,1.66,0.0
20211008:1111,39.55,61.52,24.4,8.96,1.66,0.0
20211008:1211,0.0,0.0,0.0,9.56,1.52,0.0
20211008:1311,40.63,63.06,20.59,9.95,1.52,0.0
20211008:1411,16.64,32.58,15.93,10.12,1.52,0.0
20211008:1511,4.96,15.44,9.94,10.04,1.1,0.0
20211008:1611,0.27,6.36,3.04,9.92,1.03,0.0
20211008:1711,0.0,0.0,0.0,9.59,1.1,0.0
20211008:1811,0.0,0.0,0.0,9.38,1.1,0.0
20211008:1911,0.0,0.0,0.0,9.02,0.9,0.0
20211008:2011,0.0,0.0,0.0,8.87,0.9,0.0
20211008:2111,0.0,0.0,0.0,8.74,0.97,0.0
20211008:2211,0.0,0.0,0.0,8.65,0.83,0.0
20211008:2311,0.0,0.0,0.0,8.56,0.9,0.0
20211009:0011,0.0,0.0,0.0,8.43,0.97,0.0
20211009:0111,0.0,0.0,0.0,8.11,1.03,0.0
20211009:0211,0.0,0.0,0.0,8.15,0.97,0.0
20211009:0311,0.0,0.0,0.0,7.99,0.97,0.0
20211009:0411,0.0,0.0,0.0,7.94,0.97,0.0
20211009:0511,0.0,0.0,0.0,7.86,0.97,0.0
20211009:0611,0.0,1.03,1.49,7.87,0.9,0.0
20211009:0711,177.0,214.32,8.49,8.05,1.24,0.0
20211009:0811,171.24,209.71,14.65,8.51,1.17,0.0
20211009:0911,170.22,210.54,19.55,9.24,0.97,0.0
20211009:1011,575.14,700.47,22.78,10.27,1.1,0.0
20211009:1111,483.26,584.24,24.02,11.17,1.24,0.0
20211009:1211,41.32,64.38,23.13,11.74,1.52,0.0
20211009:1311,160.1,201.18,20.2,12.06,1.86,0.0
20211009:1411,540.7,650.49,15.55,11.77,2.07,0.0
20211009:1511,437.37,518.82,9.57,11.06,2.0,0.0
20211009:1611,0.93,7.93,2.68,9.77,1.93,0.0
20211009:1711,0.0,0.0,0.0,8.29,1.93,0.0
20211009:1811,0.0,0.0,0.0,7.25,1.86,0.0
20211009:1911,0.0,0.0,0.0,6.63,2.07,0.0
20211009:2011,0.0,0.0,0.0,6.04,1.66,0.0
20211009:2111,0.0,0.0,0.0,5.59,1.59,0.0
20211009:2211,0.0,0.0,0.0,5.32,1.72,0.0
20211009:2311,0.0,0.0,0.0,5.35,1.86,0.0
20211010:0011,0.0,0.0,0.0,5.33,1.79,0.0
20211010:0111,0.0,0.0,0.0,5.51,2.41,0.0
20211010:0211,0.0,0.0,0.0,5.64,2.07,0.0
20211010:0311,0.0,0.0,0.0,5.59,1.79,0.0
20211010:0411,0.0,0.0,0.0,5.55,1.59,0.0
20211010:0511,0.0,0.0,0.0,5.13,1.45,0.0
20211010:0611,0.0,0.0,0.0,5.1,1.59,0.0
20211010:0711,1.69,9.41,8.18,5.6,1.72,0.0
20211010:0811,9.91,22.77,14.32,5.87,1.86,0.0
20211010:0911,76.76,103.81,19.2,5.91,2.34,0.0
20211010:1011,21.93,38.99,22.41,5.98,2.62,0.0
20211010:1111,135.68,169.99,23.64,6.35,2.55,0.0
20211010:1211,45.35,67.85,22.74,6.72,3.17,0.0
20211010:1311,26.19,44.53,19.82,6.95,3.03,0.0
20211010:1411,296.4,344.05,15.18,6.4,3.38,0.0
20211010:1511,120.6,149.81,9.2,5.38,3.1,0.0
20211010:1611,0.0,4.22,2.31,4.3,2.97,0.0
20211010:1711,0.0,0.0,0.0,3.22,2.9,0.0
20211010:1811,0.0,0.0,0.0,2.46,2.55,0.0
20211010:1911,0.0,0.0,0.0,2.57,2.69,0.0
20211010:2011,0.0,0.0,0.0,2.52,2.97,0.0
20211010:2111,0.0,0.0,0.0,2.77,3.17,0.0
20211010:2211,0.0,0.0,0.0,2.36,2.62,0.0
20211010:2311,0.0,0.0,0.0,2.05,2.14,0.0
20211011:0011,0.0,0.0,0.0,1.85,2.28,0.0
20211011:0111,0.0,0.0,0.0,1.81,1.93,0.0
20211011:0211,0.0,0.0,0.0,1.87,2.55,0.0
20211011:0311,0.0,0.0,0.0,1.73,2.97,0.0
20211011:0411,0.0,0.0,0.0,1.4,3.1,0.0
20211011:0511,0.0,0.0,0.0,1.12,3.1,0.0
20211011:0611,0.0,0.0,0.0,0.79,2.97,0.0
20211011:0711,70.11,92.92,7.87,1.36,2.83,0.0
20211011:0811,287.6,327.81,14.0,2.2,3.45,0.0
20211011:0911,69.52,94.47,18.86,3.38,4.69,0.0
20211011:1011,99.97,128.7,22.05,3.89,4.28,0.0
20211011:1111,0.0,0.0,0.0,3.93,4.34,0.0
20211011:1211,452.41,514.06,22.36,3.8,4.62,0.0
20211011:1311,705.18,808.3,19.44,3.31,4.69,0.0
20211011:1411,370.9,418.77,14.8,2.7,4.41,0.0
20211011:1511,511.18,574.96,8.83,1.98,3.86,0.0
20211011:1611,0.11,5.8,1.95,1.17,3.31,0.0
20211011:1711,0.0,0.0,0.0,0.22,2.97,0.0
20211011:1811,0.0,0.0,0.0,-0.46,2.9,0.0
20211011:1911,0.0,0.0,0.0,-0.76,2.62,0.0
20211011:2011,0.0,0.0,0.0,-1.13,2.34,0.0
20211011:2111,0.0,0.0,0.0,-1.51,2.21,0.0
20211011:2211,0.0,0.0,0.0,-1.89,2.14,0.0
20211011:2311,0.0,0.0,0.0,-2.16,1.86,0.0
20211012:0011,0.0,0.0,0.0,-2.43,1.93,0.0
20211012:0111,0.0,0.0,0.0,-2.56,1.86,0.0
20211012:0211,0.0,0.0,0.0,-2.72,1.93,0.0
20211012:0311,0.0,0.0,0.0,-2.82,2.14,0.0
20211012:0411,0.0,0.0,0.0,-2.85,2.14,0.0
20211012:0511,0.0,0.0,0.0,-2.9,2.55,0.0
20211012:0611,0.0,0.0,0.0,-2.74,2.62,0.0
20211012:0711,467.74,524.04,7.56,-1.33,1.86,0.0
20211012:0811,677.8,777.69,13.67,-0.13,2.34,0.0
20211012:0911,718.66,834.66,18.51,1.26,2.48,0.0
20211012:1011,728.9,853.2,21.68,2.71,2.62,0.0
20211012:1111,0.0,0.0,0.0,3.88,2.55,0.0
20211012:1211,739.09,874.89,21.97,4.61,2.62,0.0
20211012:1311,662.26,775.6,19.06,4.87,2.76,0.0
20211012:1411,324.51,373.53,14.43,4.67,2.76,0.0
20211012:1511,354.84,405.41,8.47,4.16,2.62,0.0
20211012:1611,0.0,2.63,1.59,3.21,2.14,0.0
20211012:1711,0.0,0.0,0.0,2.17,1.79,0.0
20211012:1811,0.0,0.0,0.0,0.99,1.72,0.0
20211012:1911,0.0,0.0,0.0,-0.25,1.86,0.0
20211012:2011,0.0,0.0,0.0,-0.87,1.66,0.0
20211012:2111,0.0,0.0,0.0,-1.01,1.59,0.0
20211012:2211,0.0,0.0,0.0,-1.57,1.52,0.0
20211012:2311,0.0,0.0,0.0,-1.91,1.59,0.0
20211013:0011,0.0,0.0,0.0,-1.76,1.59,0.0
20211013:0111,0.0,0.0,0.0,-1.6,1.86,0.0
20211013:0211,0.0,0.0,0.0,-1.57,2.07,0.0
20211013:0311,0.0,0.0,0.0,-1.56,1.93,0.0
20211013:0411,0.0,0.0,0.0,-1.57,1.93,0.0
20211013:0511,0.0,0.0,0.0,-1.64,1.79,0.0
20211013:0611,0.0,0.0,0.0,-1.58,1.66,0.0
20211013:0711,9.06,20.99,7.25,-1.55,1.79,0.0
20211013:0811,25.45,42.39,13.34,-0.77,1.38,0.0
20211013:0911,55.29,77.57,18.16,-0.04,1.17,0.0
20211013:1011,81.39,107.07,21.32,0.52,1.31,0.0
20211013:1111,54.79,77.35,22.51,1.1,1.72,0.0
20211013:1211,63.19,86.95,21.59,1.36,2.14,0.0
20211013:1311,81.79,107.34,18.68,1.15,2.28,0.0
20211013:1411,13.2,26.93,14.06,1.14,2.0,0.0
20211013:1511,13.31,27.09,8.1,1.08,1.66,0.0
20211013:1611,0.0,0.53,1.24,0.92,1.45,0.0
20211013:1711,0.0,0.0,0.0,1.11,1.52,0.0
20211013:1811,0.0,0.0,0.0,1.39,1.45,0.0
20211013:1911,0.0,0.0,0.0,1.79,1.93,0.0
20211013:2011,0.0,0.0,0.0,2.5,2.07,0.0
20211013:2111,0.0,0.0,0.0,3.06,2.83,0.0
20211013:2211,0.0,0.0,0.0,3.46,3.45,0.0
20211013:2311,0.0,0.0,0.0,3.52,3.52,0.0
20211014:0011,0.0,0.0,0.0,3.58,3.52,0.0
20211014:0111,0.0,0.0,0.0,3.68,3.52,0.0
20211014:0211,0.0,0.0,0.0,3.74,3.59,0.0
20211014:0311,0.0,0.0,0.0,3.81,3.86,0.0
20211014:0411,0.0,0.0,0.0,3.46,3.31,0.0
20211014:0511,0.0,0.0,0.0,3.42,2.76,0.0
20211014:0611,0.0,0.0,0.0,3.55,2.83,0.0
20211014:0711,416.5,473.11,6.94,4.52,3.52,0.0
20211014:0811,232.2,270.35,13.01,4.86,4.14,0.0
20211014:0911,278.71,322.57,17.82,5.54,4.76,0.0
20211014:1011,236.19,278.2,20.96,6.06,4.21,0.0
20211014:1111,100.2,130.22,22.13,6.37,4.97,0.0
20211014:1211,12.83,26.95,21.22,6.59,5.31,0.0
20211014:1311,22.9,40.28,18.31,6.63,5.52,0.0
20211014:1411,4.84,15.04,13.69,6.38,5.52,0.0
20211014:1511,4.61,14.63,7.74,5.67,4.0,0.0
20211014:1611,0.0,0.0,0.0,4.82,4.41,0.0
20211014:1711,0.0,0.0,0.0,4.53,4.48,0.0
20211014:1811,0.0,0.0,0.0,4.73,4.48,0.0
20211014:1911,0.0,0.0,0.0,5.28,4.21,0.0
20211014:2011,0.0,0.0,0.0,4.31,3.1,0.0
20211014:2111,0.0,0.0,0.0,3.01,2.69,0.0
20211014:2211,0.0,0.0,0.0,1.9,3.17,0.0
20211014:2311,0.0,0.0,0.0,1.16,3.24,0.0
20211015:0011,0.0,0.0,0.0,0.7,3.72,0.0
20211015:0111,0.0,0.0,0.0,0.75,4.0,0.0
20211015:0211,0.0,0.0,0.0,0.92,4.0,0.0
20211015:0311,0.0,0.0,0.0,1.15,4.07,0.0
20211015:0411,0.0,0.0,0.0,1.43,4.14,0.0
20211015:0511,0.0,0.0,0.0,1.24,3.79,0.0
20211015:0611,0.0,0.0,0.0,0.71,3.52,0.0
20211015:0711,52.92,73.62,6.63,0.81,3.31,0.0
20211015:0811,198.02,230.64,12.69,1.39,3.03,0.0
20211015:0911,261.07,299.77,17.48,1.99,3.52,0.0
20211015:1011,625.02,712.66,20.6,2.55,4.07,0.0
20211015:1111,180.93,215.38,21.76,2.85,4.41,0.0
20211015:1211,397.56,449.75,20.84,2.93,4.9,0.0
20211015:1311,47.19,68.79,17.93,2.57,5.24,0.0
20211015:1411,27.34,45.1,13.32,2.07,4.9,0.0
20211015:1511,363.69,406.07,7.39,1.21,4.48,0.0
20211015:1611,0.0,0.0,0.0,0.2,4.34,0.0
20211015:1711,0.0,0.0,0.0,-0.62,4.07,0.0
20211015:1811,0.0,0.0,0.0,-0.99,3.86,0.0
20211015:1911,0.0,0.0,0.0,-0.67,3.45,0.0
20211015:2011,0.0,0.0,0.0,-0.49,3.59,0.0
20211015:2111,0.0,0.0,0.0,-0.12,3.86,0.0
20211015:2211,0.0,0.0,0.0,0.37,4.28,0.0
20211015:2311,0.0,0.0,0.0,0.72,4.55,0.0
20211016:0011,0.0,0.0,0.0,0.79,4.48,0.0
20211016:0111,0.0,0.0,0.0,0.93,4.62,0.0
20211016:0211,0.0,0.0,0.0,0.93,4.41,0.0
20211016:0311,0.0,0.0,0.0,0.7,4.21,0.0
20211016:0411,0.0,0.0,0.0,0.62,4.21,0.0
20211016:0511,0.0,0.0,0.0,0.55,4.07,0.0
20211016:0611,0.0,0.0,0.0,0.47,4.0,0.0
20211016:0711,387.76,432.74,6.32,0.96,3.86,0.0
20211016:0811,538.78,605.48,12.36,1.38,4.0,0.0
20211016:0911,59.9,83.08,17.13,2.0,4.97,0.0
20211016:1011,54.44,77.14,20.24,2.44,5.03,0.0
20211016:1111,26.98,44.83,21.39,2.91,5.1,0.0
20211016:1211,106.75,135.35,20.47,2.83,4.76,0.0
20211016:1311,34.99,54.51,17.56,2.83,4.69,0.0
20211016:1411,118.86,146.86,12.96,2.44,3.79,0.0
20211016:1511,9.03,21.18,7.03,1.9,2.97,0.0
20211016:1611,0.0,0.0,0.0,1.19,2.69,0.0
20211016:1711,0.0,0.0,0.0,0.31,2.34,0.0
20211016:1811,0.0,0.0,0.0,-0.14,2.07,0.0
20211016:1911,0.0,0.0,0.0,-0.2,1.52,0.0
20211016:2011,0.0,0.0,0.0,-0.44,1.45,0.0
20211016:2111,0.0,0.0,0.0,-0.32,1.59,0.0
20211016:2211,0.0,0.0,0.0,-0.06,1.72,0.0
20211016:2311,0.0,0.0,0.0,0.17,1.79,0.0
20211017:0011,0.0,0.0,0.0,0.03,1.93,0.0
20211017:0111,0.0,0.0,0.0,-0.33,2.0,0.0
20211017:0211,0.0,0.0,0.0,-1.0,1.79,0.0
20211017:0311,0.0,0.0,0.0,-1.54,1.59,0.0
20211017:0411,0.0,0.0,0.0,-2.11,1.52,0.0
20211017:0511,0.0,0.0,0.0,-2.41,1.45,0.0
20211017:0611,0.0,0.0,0.0,-2.61,1.38,0.0
20211017:0711,463.87,517.48,6.01,-2.68,1.52,0.0
20211017:0811,549.82,620.38,12.04,-2.26,1.59,0.0
20211017:0911,380.05,426.62,16.79,-1.83,1.79,0.0
20211017:1011,707.0,818.81,19.88,-0.52,1.93,0.0
20211017:1111,776.26,907.88,21.03,0.63,2.34,0.0
20211017:1211,690.32,800.01,20.1,1.29,2.41,0.0
20211017:1311,678.38,784.3,17.2,1.46,2.48,0.0
20211017:1411,610.59,698.82,12.6,1.32,2.48,0.0
20211017:1511,418.67,472.26,6.68,0.85,2.0,0.0
20211017:1611,0.0,0.0,0.0,0.04,1.79,0.0
20211017:1711,0.0,0.0,0.0,-1.06,1.66,0.0
20211017:1811,0.0,0.0,0.0,-1.82,1.45,0.0
20211017:1911,0.0,0.0,0.0,-1.44,1.24,0.0
20211017:2011,0.0,0.0,0.0,-0.68,0.9,0.0
20211017:2111,0.0,0.0,0.0,-0.56,0.55,0.0
20211017:2211,0.0,0.0,0.0,-0.66,0.48,0.0
20211017:2311,0.0,0.0,0.0,-0.83,0.55,0.0
20211018:0011,0.0,0.0,0.0,-1.71,0.41,0.0
20211018:0111,0.0,0.0,0.0,-2.39,0.34,0.0
20211018:0211,0.0,0.0,0.0,-3.02,0.55,0.0
20211018:0311,0.0,0.0,0.0,-3.85,0.62,0.0
20211018:0411,0.0,0.0,0.0,-4.01,0.62,0.0
20211018:0511,0.0,0.0,0.0,-4.25,0.69,0.0
20211018:0611,0.0,0.0,0.0,-4.14,0.69,0.0
20211018:0711,151.13,176.35,5.7,-3.85,0.83,0.0
20211018:0811,325.77,366.23,11.71,-2.95,0.69,0.0
20211018:0911,199.5,231.56,16.45,-1.9,0.97,0.0
20211018:1011,271.47,310.63,19.53,-0.67,1.52,0.0
20211018:1111,346.28,393.03,20.66,-0.25,1.86,0.0
20211018:1211,238.28,274.88,19.73,-0.04,2.07,0.0
20211018:1311,105.26,132.11,16.83,0.06,2.14,0.0
20211018:1411,28.19,45.82,12.24,-0.11,2.21,0.0
20211018:1511,1.09,8.02,6.33,-0.33,2.14,0.0
20211018:1611,0.0,0.0,0.0,-0.65,2.0,0.0
20211018:1711,0.0,0.0,0.0,-0.92,2.0,0.0
20211018:1811,0.0,0.0,0.0,-1.03,2.34,0.0
20211018:1911,0.0,0.0,0.0,-1.01,2.14,0.0
20211018:2011,0.0,0.0,0.0,-1.15,2.69,0.0
20211018:2111,0.0,0.0,0.0,-1.26,2.69,0.0
20211018:2211,0.0,0.0,0.0,-1.35,2.97,0.0
20211018:2311,0.0,0.0,0.0,-1.51,2.76,0.0
20211019:0011,0.0,0.0,0.0,-1.63,2.62,0.0
20211019:0111,0.0,0.0,0.0,-1.69,2.34,0.0
20211019:0211,0.0,0.0,0.0,-1.69,2.14,0.0
20211019:0311,0.0,0.0,0.0,-1.78,2.07,0.0
20211019:0411,0.0,0.0,0.0,-1.79,1.86,0.0
20211019:0511,0.0,0.0,0.0,-1.74,1.72,0.0
20211019:0611,0.0,0.0,0.0,-1.67,1.79,0.0
20211019:0711,0.0,4.34,5.39,-1.21,1.66,0.0
20211019:0811,10.29,22.75,11.39,-1.05,1.59,0.0
20211019:0911,24.89,41.7,16.11,-0.74,1.52,0.0
20211019:1011,19.9,35.54,19.18,-0.4,1.38,0.0
20211019:1111,25.88,43.07,20.3,0.01,1.38,0.0
20211019:1211,81.15,106.6,19.36,0.33,1.31,0.0
20211019:1311,28.27,46.08,16.47,0.69,1.31,0.0
20211019:1411,8.63,20.53,11.89,0.91,1.24,0.0
20211019:1511,0.12,5.83,5.99,1.05,1.24,0.0
20211019:1611,0.0,0.0,0.0,1.07,1.31,0.0
20211019:1711,0.0,0.0,0.0,1.11,1.31,0.0
20211019:1811,0.0,0.0,0.0,1.19,1.24,0.0
20211019:1911,0.0,0.0,0.0,1.28,1.31,0.0
20211019:2011,0.0,0.0,0.0,1.33,1.24,0.0
20211019:2111,0.0,0.0,0.0,1.42,1.31,0.0
20211019:2211,0.0,0.0,0.0,1.59,1.38,0.0
20211019:2311,0.0,0.0,0.0,1.7,1.38,0.0
20211020:0011,0.0,0.0,0.0,1.84,1.45,0.0
20211020:0111,0.0,0.0,0.0,1.96,1.59,0.0
20211020:0211,0.0,0.0,0.0,2.37,1.79,0.0
20211020:0311,0.0,0.0,0.0,3.0,2.21,0.0
20211020:0411,0.0,0.0,0.0,4.47,3.24,0.0
20211020:0511,0.0,0.0,0.0,5.72,4.34,0.0
20211020:0611,0.0,0.0,0.0,6.03,4.0,0.0
20211020:0711,0.08,5.78,5.08,6.09,4.07,0.0
20211020:0811,11.0,24.31,11.07,5.97,3.93,0.0
20211020:0911,555.78,642.75,15.77,6.23,3.59,0.0
20211020:1011,40.77,62.42,18.82,6.86,3.17,0.0
20211020:1111,41.39,63.29,19.94,7.37,3.24,0.0
20211020:1211,257.06,301.64,19.0,6.73,4.07,0.0
20211020:1311,23.54,41.05,16.11,6.15,3.66,0.0
20211020:1411,9.48,22.1,11.54,5.47,3.45,0.0
20211020:1511,123.98,152.21,5.65,4.38,3.1,0.0
20211020:1611,0.0,0.0,0.0,3.33,4.21,0.0
20211020:1711,0.0,0.0,0.0,2.84,4.0,0.0
20211020:1811,0.0,0.0,0.0,2.63,4.14,0.0
20211020:1911,0.0,0.0,0.0,2.3,4.34,0.0
20211020:2011,0.0,0.0,0.0,2.5,4.21,0.0
20211020:2111,0.0,0.0,0.0,2.66,4.21,0.0
20211020:2211,0.0,0.0,0.0,2.6,3.79,0.0
20211020:2311,0.0,0.0,0.0,2.08,3.17,0.0
20211021:0011,0.0,0.0,0.0,1.39,2.34,0.0
20211021:0111,0.0,0.0,0.0,0.67,2.21,0.0
20211021:0211,0.0,0.0,0.0,0.04,2.28,0.0
20211021:0311,0.0,0.0,0.0,-0.84,2.28,0.0
20211021:0411,0.0,0.0,0.0,-1.58,2.48,0.0
20211021:0511,0.0,0.0,0.0,-2.48,2.55,0.0
20211021:0611,0.0,0.0,0.0,-3.16,2.41,0.0
20211021:0711,18.7,33.18,4.77,-3.15,2.55,0.0
20211021:0811,423.99,470.48,10.75,-2.0,2.83,0.0
20211021:0911,364.73,406.94,15.44,-0.92,3.66,0.0
20211021:1011,704.81,797.02,18.47,-0.03,4.28,0.0
20211021:1111,730.65,825.17,19.58,0.08,4.83,0.0
20211021:1211,34.08,52.99,18.64,0.61,4.83,0.0
20211021:1311,495.91,552.46,15.76,0.38,4.83,0.0
20211021:1411,604.99,675.14,11.19,-0.25,4.48,0.0
20211021:1511,130.66,155.47,5.31,-1.1,4.14,0.0
20211021:1611,0.0,0.0,0.0,-1.95,4.62,0.0
20211021:1711,0.0,0.0,0.0,-2.49,4.69,0.0
20211021:1811,0.0,0.0,0.0,-2.83,4.69,0.0
20211021:1911,0.0,0.0,0.0,-2.65,3.59,0.0
20211021:2011,0.0,0.0,0.0,-2.8,3.59,0.0
20211021:2111,0.0,0.0,0.0,-2.92,3.52,0.0
20211021:2211,0.0,0.0,0.0,-2.99,3.45,0.0
20211021:2311,0.0,0.0,0.0,-3.16,3.52,0.0
20211022:0011,0.0,0.0,0.0,-3.49,3.38,0.0
20211022:0111,0.0,0.0,0.0,-3.62,3.24,0.0
20211022:0211,0.0,0.0,0.0,-3.6,3.17,0.0
20211022:0311,0.0,0.0,0.0,-3.81,3.03,0.0
20211022:0411,0.0,0.0,0.0,-3.92,2.97,0.0
20211022:0511,0.0,0.0,0.0,-3.99,3.03,0.0
20211022:0611,0.0,0.0,0.0,-4.19,3.24,0.0
20211022:0711,72.96,93.55,4.47,-3.15,4.0,0.0
20211022:0811,143.79,169.59,10.43,-2.51,3.66,0.0
20211022:0911,334.43,371.96,15.1,-1.49,4.48,0.0
20211022:1011,571.34,635.24,18.13,-0.63,5.03,0.0
20211022:1111,453.06,501.62,19.22,0.15,6.83,0.0
20211022:1211,276.82,312.71,18.28,0.59,7.03,0.0
20211022:1311,136.42,164.52,15.4,0.68,6.76,0.0
20211022:1411,51.95,73.08,10.85,0.58,5.79,0.0
20211022:1511,69.04,90.59,4.97,0.01,4.76,0.0
20211022:1611,0.0,0.0,0.0,-0.59,4.62,0.0
20211022:1711,0.0,0.0,0.0,-0.85,4.62,0.0
20211022:1811,0.0,0.0,0.0,-1.01,4.55,0.0
20211022:1911,0.0,0.0,0.0,-0.81,4.34,0.0
20211022:2011,0.0,0.0,0.0,-0.98,4.21,0.0
20211022:2111,0.0,0.0,0.0,-1.17,4.07,0.0
20211022:2211,0.0,0.0,0.0,-1.27,4.07,0.0
20211022:2311,0.0,0.0,0.0,-1.37,4.07,0.0
20211023:0011,0.0,0.0,0.0,-1.37,3.86,0.0
20211023:0111,0.0,0.0,0.0,-1.68,3.31,0.0
20211023:0211,0.0,0.0,0.0,-1.85,2.9,0.0
20211023:0311,0.0,0.0,0.0,-2.29,2.48,0.0
20211023:0411,0.0,0.0,0.0,-2.75,2.14,0.0
20211023:0511,0.0,0.0,0.0,-2.95,1.93,0.0
20211023:0611,0.0,0.0,0.0,-3.09,1.66,0.0
20211023:0711,180.62,206.8,4.16,-2.89,1.79,0.0
20211023:0811,376.01,419.34,10.11,-2.23,1.86,0.0
20211023:0911,447.75,503.3,14.77,-1.33,1.86,0.0
20211023:1011,424.91,480.97,17.78,-0.47,1.66,0.0
20211023:1111,663.27,770.62,18.87,0.12,1.52,0.0
20211023:1211,597.65,691.7,17.93,0.52,1.31,0.0
20211023:1311,579.81,673.83,15.05,1.02,0.97,0.0
20211023:1411,21.55,37.83,10.51,1.2,1.1,0.0
20211023:1511,16.15,30.38,4.64,0.93,1.52,0.0
20211023:1611,0.0,0.0,0.0,0.0,1.24,0.0
20211023:1711,0.0,0.0,0.0,-0.98,1.38,0.0
20211023:1811,0.0,0.0,0.0,-1.06,1.52,0.0
20211023:1911,0.0,0.0,0.0,-0.81,1.52,0.0
20211023:2011,0.0,0.0,0.0,-0.61,1.45,0.0
20211023:2111,0.0,0.0,0.0,-0.29,1.24,0.0
20211023:2211,0.0,0.0,0.0,-0.09,1.24,0.0
20211023:2311,0.0,0.0,0.0,0.04,1.24,0.0
20211024:0011,0.0,0.0,0.0,0.2,1.24,0.0
20211024:0111,0.0,0.0,0.0,0.41,1.38,0.0
20211024:0211,0.0,0.0,0.0,0.65,1.31,0.0
20211024:0311,0.0,0.0,0.0,1.01,1.38,0.0
20211024:0411,0.0,0.0,0.0,1.17,1.38,0.0
20211024:0511,0.0,0.0,0.0,1.37,1.38,0.0
20211024:0611,0.0,0.0,0.0,1.54,1.45,0.0
20211024:0711,1.02,7.94,3.86,1.81,1.79,0.0
20211024:0811,6.36,17.24,9.79,2.33,1.93,0.0
20211024:0911,49.88,71.99,14.44,2.92,2.21,0.0
20211024:1011,20.88,37.28,17.44,3.4,2.69,0.0
20211024:1111,27.52,45.71,18.52,3.95,2.9,0.0
20211024:1211,14.24,28.66,17.58,4.3,3.1,0.0
20211024:1311,9.31,21.76,14.71,4.08,2.97,0.0
20211024:1411,47.8,69.35,10.17,4.1,3.24,0.0
20211024:1511,0.0,3.63,4.32,3.76,3.1,0.0
20211024:1611,0.0,0.0,0.0,3.33,2.9,0.0
20211024:1711,0.0,0.0,0.0,3.04,2.62,0.0
20211024:1811,0.0,0.0,0.0,2.91,2.34,0.0
20211024:1911,0.0,0.0,0.0,3.03,2.28,0.0
20211024:2011,0.0,0.0,0.0,3.2,2.21,0.0
20211024:2111,0.0,0.0,0.0,3.28,2.21,0.0
20211024:2211,0.0,0.0,0.0,3.37,2.28,0.0
20211024:2311,0.0,0.0,0.0,3.42,2.07,0.0
20211025:0011,0.0,0.0,0.0,3.37,2.0,0.0
20211025:0111,0.0,0.0,0.0,3.36,2.0,0.0
20211025:0211,0.0,0.0,0.0,3.38,1.86,0.0
20211025:0311,0.0,0.0,0.0,3.29,1.86,0.0
20211025:0411,0.0,0.0,0.0,3.21,1.86,0.0
20211025:0511,0.0,0.0,0.0,3.2,2.0,0.0
20211025:0611,0.0,0.0,0.0,3.2,1.72,0.0
20211025:0711,1.74,9.45,3.56,3.6,2.55,0.0
20211025:0811,2.12,10.19,9.48,3.87,2.69,0.0
20211025:0911,12.2,25.85,14.11,4.07,2.55,0.0
20211025:1011,15.46,30.34,17.1,4.46,1.93,0.0
20211025:1111,15.73,30.76,18.17,4.99,1.79,0.0
20211025:1211,26.88,45.16,17.23,5.29,2.07,0.0
20211025:1311,5.92,16.73,14.37,5.24,2.07,0.0
20211025:1411,3.89,13.39,9.84,4.94,2.69,0.0
20211025:1511,59.08,81.02,3.99,4.41,2.55,0.0
20211025:1611,0.0,0.0,0.0,3.6,2.07,0.0
20211025:1711,0.0,0.0,0.0,3.09,2.07,0.0
20211025:1811,0.0,0.0,0.0,2.5,2.07,0.0
20211025:1911,0.0,0.0,0.0,2.39,1.72,0.0
20211025:2011,0.0,0.0,0.0,2.1,1.72,0.0
20211025:2111,0.0,0.0,0.0,2.1,1.79,0.0
20211025:2211,0.0,0.0,0.0,1.63,2.0,0.0
20211025:2311,0.0,0.0,0.0,1.16,2.07,0.0
20211026:0011,0.0,0.0,0.0,0.88,1.72,0.0
20211026:0111,0.0,0.0,0.0,1.11,1.86,0.0
20211026:0211,0.0,0.0,0.0,1.17,2.55,0.0
20211026:0311,0.0,0.0,0.0,1.07,2.21,0.0
20211026:0411,0.0,0.0,0.0,0.65,2.0,0.0
20211026:0511,0.0,0.0,0.0,0.75,2.34,0.0
20211026:0611,0.0,0.0,0.0,0.45,2.62,0.0
20211026:0711,2.41,10.63,3.26,0.56,2.62,0.0
20211026:0811,122.22,149.13,9.16,0.98,2.55,0.0
20211026:0911,214.25,248.26,13.78,1.45,3.31,0.0
20211026:1011,399.12,450.81,16.76,2.07,3.79,0.0
20211026:1111,390.12,442.46,17.83,2.67,3.72,0.0
20211026:1211,274.01,315.25,16.89,3.01,3.52,0.0
20211026:1311,175.48,208.41,14.03,3.09,3.45,0.0
20211026:1411,11.81,25.19,9.51,2.98,3.38,0.0
20211026:1511,1.38,8.71,3.68,2.52,2.48,0.0
20211026:1611,0.0,0.0,0.0,2.14,1.59,0.0
20211026:1711,0.0,0.0,0.0,1.87,1.24,0.0
20211026:1811,0.0,0.0,0.0,1.79,1.38,0.0
20211026:1911,0.0,0.0,0.0,2.1,1.86,0.0
20211026:2011,0.0,0.0,0.0,2.02,1.86,0.0
20211026:2111,0.0,0.0,0.0,2.02,2.0,0.0
20211026:2211,0.0,0.0,0.0,1.75,2.62,0.0
20211026:2311,0.0,0.0,0.0,1.77,2.48,0.0
20211027:0011,0.0,0.0,0.0,2.12,2.34,0.0
20211027:0111,0.0,0.0,0.0,2.5,2.07,0.0
20211027:0211,0.0,0.0,0.0,2.93,2.0,0.0
20211027:0311,0.0,0.0,0.0,3.44,1.86,0.0
20211027:0411,0.0,0.0,0.0,4.28,2.07,0.0
20211027:0511,0.0,0.0,0.0,5.12,2.62,0.0
20211027:0611,0.0,0.0,0.0,5.69,3.66,0.0
20211027:0711,0.0,1.77,2.96,5.55,3.72,0.0
20211027:0811,2.94,11.75,8.85,5.21,3.66,0.0
20211027:0911,219.38,257.85,13.46,5.14,3.1,0.0
20211027:1011,84.91,112.29,16.42,5.38,3.79,0.0
20211027:1111,15.03,29.89,17.49,5.75,3.93,0.0
20211027:1211,31.71,51.23,16.55,6.1,4.62,0.0
20211027:1311,38.39,59.37,13.7,6.29,3.79,0.0
20211027:1411,6.27,17.31,9.19,6.01,3.17,0.0
20211027:1511,0.37,6.53,3.36,5.56,2.83,0.0
20211027:1611,0.0,0.0,0.0,4.88,2.21,0.0
20211027:1711,0.0,0.0,0.0,4.56,1.66,0.0
20211027:1811,0.0,0.0,0.0,4.56,1.24,0.0
20211027:1911,0.0,0.0,0.0,5.23,1.66,0.0
20211027:2011,0.0,0.0,0.0,5.21,1.24,0.0
20211027:2111,0.0,0.0,0.0,5.32,1.31,0.0
20211027:2211,0.0,0.0,0.0,5.55,1.45,0.0
20211027:2311,0.0,0.0,0.0,5.7,1.38,0.0
20211028:0011,0.0,0.0,0.0,5.8,1.38,0.0
20211028:0111,0.0,0.0,0.0,5.82,1.38,0.0
20211028:0211,0.0,0.0,0.0,5.8,1.66,0.0
20211028:0311,0.0,0.0,0.0,5.9,2.0,0.0
20211028:0411,0.0,0.0,0.0,5.84,2.14,0.0
20211028:0511,0.0,0.0,0.0,6.06,2.07,0.0
20211028:0611,0.0,0.0,0.0,6.18,1.86,0.0
20211028:0711,0.12,5.9,2.66,6.65,2.14,0.0
20211028:0811,5.69,16.44,8.54,6.89,2.41,0.0
20211028:0911,8.53,20.84,13.14,7.13,2.69,0.0
20211028:1011,26.56,45.08,16.09,7.28,2.9,0.0
20211028:1111,20.17,36.92,17.15,7.34,2.83,0.0
20211028:1211,13.35,27.78,16.21,7.53,2.28,0.0
20211028:1311,4.81,15.05,13.37,7.28,2.41,0.0
20211028:1411,7.24,18.88,8.87,7.02,2.34,0.0
20211028:1511,32.51,50.97,3.05,6.81,2.48,0.0
20211028:1611,0.0,0.0,0.0,6.68,2.41,0.0
20211028:1711,0.0,0.0,0.0,6.59,2.41,0.0
20211028:1811,0.0,0.0,0.0,6.54,2.55,0.0
20211028:1911,0.0,0.0,0.0,6.23,2.69,0.0
20211028:2011,0.0,0.0,0.0,6.03,2.69,0.0
20211028:2111,0.0,0.0,0.0,5.83,2.83,0.0
20211028:2211,0.0,0.0,0.0,5.49,2.9,0.0
20211028:2311,0.0,0.0,0.0,5.25,2.55,0.0
20211029:0011,0.0,0.0,0.0,5.07,2.76,0.0
20211029:0111,0.0,0.0,0.0,4.87,2.69,0.0
20211029:0211,0.0,0.0,0.0,4.79,2.48,0.0
20211029:0311,0.0,0.0,0.0,4.73,2.48,0.0
20211029:0411,0.0,0.0,0.0,4.74,2.41,0.0
20211029:0511,0.0,0.0,0.0,4.69,2.14,0.0
20211029:0611,0.0,0.0,0.0,4.72,2.14,0.0
20211029:0711,0.0,1.77,2.36,4.65,2.48,0.0
20211029:0811,15.59,30.53,8.23,4.9,2.9,0.0
20211029:0911,4.34,14.17,12.81,5.34,3.31,0.0
20211029:1011,7.41,19.07,15.76,5.82,3.38,0.0
20211029:1111,8.73,21.1,16.82,6.44,3.31,0.0
20211029:1211,7.39,19.1,15.88,6.84,3.38,0.0
20211029:1311,10.31,23.41,13.04,6.8,4.14,0.0
20211029:1411,3.38,12.58,8.55,6.47,3.1,0.0
20211029:1511,0.0,1.78,2.75,6.23,3.38,0.0
20211029:1611,0.0,0.0,0.0,5.71,3.24,0.0
20211029:1711,0.0,0.0,0.0,5.59,3.03,0.0
20211029:1811,0.0,0.0,0.0,5.64,2.9,0.0
20211029:1911,0.0,0.0,0.0,5.21,2.55,0.0
20211029:2011,0.0,0.0,0.0,5.12,2.69,0.0
20211029:2111,0.0,0.0,0.0,5.07,2.62,0.0
20211029:2211,0.0,0.0,0.0,5.01,2.76,0.0
20211029:2311,0.0,0.0,0.0,4.93,2.69,0.0
20211030:0011,0.0,0.0,0.0,4.86,2.76,0.0
20211030:0111,0.0,0.0,0.0,4.74,2.97,0.0
20211030:0211,0.0,0.0,0.0,4.75,2.76,0.0
20211030:0311,0.0,0.0,0.0,4.81,2.41,0.0
20211030:0411,0.0,0.0,0.0,4.78,2.55,0.0
20211030:0511,0.0,0.0,0.0,4.3,2.48,0.0
20211030:0611,0.0,0.0,0.0,3.45,2.0,0.0
20211030:0711,0.0,1.18,2.07,3.03,1.59,0.0
20211030:0811,349.21,399.84,7.93,2.93,1.38,0.0
20211030:0911,65.09,89.12,12.5,3.08,1.17,0.0
20211030:1011,168.41,202.05,15.43,3.23,2.07,0.0
20211030:1111,589.02,685.96,16.49,3.9,2.0,0.0
20211030:1211,349.78,403.6,15.55,4.23,1.93,0.0
20211030:1311,51.11,73.55,12.72,3.98,2.34,0.0
20211030:1411,8.43,20.43,8.24,3.58,2.48,0.0
20211030:1511,0.0,2.37,2.45,2.94,2.48,0.0
20211030:1611,0.0,0.0,0.0,2.49,2.48,0.0
20211030:1711,0.0,0.0,0.0,2.31,2.69,0.0
20211030:1811,0.0,0.0,0.0,1.56,2.97,0.0
20211030:1911,0.0,0.0,0.0,3.39,2.83,0.0
20211030:2011,0.0,0.0,0.0,3.67,2.83,0.0
20211030:2111,0.0,0.0,0.0,4.15,3.24,0.0
20211030:2211,0.0,0.0,0.0,4.49,3.38,0.0
20211030:2311,0.0,0.0,0.0,4.47,3.1,0.0
20211031:0011,0.0,0.0,0.0,4.46,3.03,0.0
20211031:0111,0.0,0.0,0.0,4.42,2.55,0.0
20211031:0211,0.0,0.0,0.0,4.09,2.21,0.0
20211031:0311,0.0,0.0,0.0,3.95,2.14,0.0
20211031:0411,0.0,0.0,0.0,3.45,1.79,0.0
20211031:0511,0.0,0.0,0.0,3.04,1.59,0.0
20211031:0611,0.0,0.0,0.0,2.73,1.79,0.0
20211031:0711,0.0,1.18,1.78,2.79,2.69,0.0
20211031:0811,163.59,194.26,7.62,2.5,2.21,0.0
20211031:0911,38.4,58.44,12.18,2.55,1.79,0.0
20211031:1011,408.47,467.17,15.11,2.92,2.14,0.0
20211031:1111,92.71,120.21,16.16,3.43,2.55,0.0
20211031:1211,276.59,319.89,15.23,3.87,2.69,0.0
20211031:1311,505.1,579.63,12.4,4.22,2.76,0.0
20211031:1411,308.31,354.36,7.93,4.17,2.07,0.0
20211031:1511,0.15,5.93,2.15,3.59,1.86,0.0
20211031:1611,0.0,0.0,0.0,2.49,2.21,0.0
20211031:1711,0.0,0.0,0.0,1.95,2.21,0.0
20211031:1811,0.0,0.0,0.0,1.85,2.48,0.0
20211031:1911,0.0,0.0,0.0,2.08,3.52,0.0
20211031:2011,0.0,0.0,0.0,2.36,3.86,0.0
20211031:2111,0.0,0.0,0.0,2.61,4.34,0.0
20211031:2211,0.0,0.0,0.0,2.66,4.07,0.0
20211031:2311,0.0,0.0,0.0,2.58,3.24,0.0
20211101:0011,0.0,0.0,0.0,2.55,3.31,0.0
20211101:0111,0.0,0.0,0.0,2.53,4.14,0.0
20211101:0211,0.0,0.0,0.0,2.19,4.97,0.0
20211101:0311,0.0,0.0,0.0,1.88,6.0,0.0
20211101:0411,0.0,0.0,0.0,1.76,5.31,0.0
20211101:0511,0.0,0.0,0.0,2.3,4.62,0.0
20211101:0611,0.0,0.0,0.0,2.87,3.03,0.0
20211101:0711,0.0,1.18,1.49,3.6,2.76,0.0
20211101:0811,351.51,399.55,7.32,3.25,2.76,0.0
20211101:0911,3.89,13.33,11.87,3.34,3.52,0.0
20211101:1011,11.1,24.27,14.79,3.55,3.45,0.0
20211101:1111,9.48,21.97,15.83,3.69,3.38,0.0
20211101:1211,17.55,32.99,14.91,3.6,3.31,0.0
20211101:1311,9.92,22.56,12.09,3.26,3.17,0.0
20211101:1411,364.42,412.19,7.63,2.92,3.38,0.0
20211101:1511,0.0,2.37,1.86,2.53,4.14,0.0
20211101:1611,0.0,0.0,0.0,2.18,3.59,0.0
20211101:1711,0.0,0.0,0.0,2.29,4.0,0.0
20211101:1811,0.0,0.0,0.0,2.47,3.52,0.0
20211101:1911,0.0,0.0,0.0,2.45,3.17,0.0
20211101:2011,0.0,0.0,0.0,2.8,3.38,0.0
20211101:2111,0.0,0.0,0.0,2.54,3.52,0.0
20211101:2211,0.0,0.0,0.0,2.26,3.1,0.0
20211101:2311,0.0,0.0,0.0,2.31,3.17,0.0
20211102:0011,0.0,0.0,0.0,2.55,2.97,0.0
20211102:0111,0.0,0.0,0.0,2.59,2.69,0.0
20211102:0211,0.0,0.0,0.0,2.55,2.55,0.0
20211102:0311,0.0,0.0,0.0,2.37,2.48,0.0
20211102:0411,0.0,0.0,0.0,2.62,2.14,0.0
20211102:0511,0.0,0.0,0.0,2.77,2.48,0.0
20211102:0611,0.0,0.0,0.0,2.9,2.55,0.0
20211102:0711,0.0,0.0,0.0,2.63,2.21,0.0
20211102:0811,10.59,23.45,7.02,2.58,2.14,0.0
20211102:0911,8.74,20.82,11.56,2.73,2.07,0.0
20211102:1011,210.57,246.74,14.47,2.85,2.62,0.0
20211102:1111,22.02,38.68,15.51,2.95,2.41,0.0
20211102:1211,41.63,62.5,14.59,2.84,2.28,0.0
20211102:1311,23.16,40.1,11.78,2.92,2.07,0.0
20211102:1411,2.58,10.99,7.33,2.5,2.48,0.0
20211102:1511,0.0,0.59,1.57,2.21,1.86,0.0
20211102:1611,0.0,0.0,0.0,1.92,1.52,0.0
20211102:1711,0.0,0.0,0.0,1.62,1.31,0.0
20211102:1811,0.0,0.0,0.0,1.51,1.45,0.0
20211102:1911,0.0,0.0,0.0,1.85,1.17,0.0
20211102:2011,0.0,0.0,0.0,1.93,1.03,0.0
20211102:2111,0.0,0.0,0.0,1.84,1.03,0.0
20211102:2211,0.0,0.0,0.0,1.72,0.97,0.0
20211102:2311,0.0,0.0,0.0,1.5,0.76,0.0
20211103:0011,0.0,0.0,0.0,1.41,0.62,0.0
20211103:0111,0.0,0.0,0.0,1.39,0.34,0.0
20211103:0211,0.0,0.0,0.0,1.18,0.34,0.0
20211103:0311,0.0,0.0,0.0,0.64,0.28,0.0
20211103:0411,0.0,0.0,0.0,0.19,0.0,0.0
20211103:0511,0.0,0.0,0.0,-0.08,0.34,0.0
20211103:0611,0.0,0.0,0.0,-0.42,0.76,0.0
20211103:0711,0.0,0.0,0.0,-0.83,0.83,0.0
20211103:0811,207.21,238.85,6.73,-0.91,0.83,0.0
20211103:0911,28.93,46.63,11.25,-0.79,1.1,0.0
20211103:1011,83.32,108.26,14.16,-0.36,1.17,0.0
20211103:1111,259.48,298.47,15.2,0.08,1.17,0.0
20211103:1211,441.36,503.79,14.28,0.47,1.17,0.0
20211103:1311,428.42,488.55,11.48,0.93,1.24,0.0
20211103:1411,338.68,384.22,7.04,0.63,1.24,0.0
20211103:1511,0.0,1.18,1.29,-0.2,1.1,0.0
20211103:1611,0.0,0.0,0.0,-1.25,1.31,0.0
20211103:1711,0.0,0.0,0.0,-2.13,1.38,0.0
20211103:1811,0.0,0.0,0.0,-2.74,1.45,0.0
20211103:1911,0.0,0.0,0.0,-2.75,1.31,0.0
20211103:2011,0.0,0.0,0.0,-2.78,1.31,0.0
20211103:2111,0.0,0.0,0.0,-2.67,1.31,0.0
20211103:2211,0.0,0.0,0.0,-2.64,1.52,0.0
20211103:2311,0.0,0.0,0.0,-2.46,1.86,0.0
20211104:0011,0.0,0.0,0.0,-2.27,1.86,0.0
20211104:0111,0.0,0.0,0.0,-2.11,2.0,0.0
20211104:0211,0.0,0.0,0.0,-2.11,1.86,0.0
20211104:0311,0.0,0.0,0.0,-2.22,1.72,0.0
20211104:0411,0.0,0.0,0.0,-2.36,1.52,0.0
20211104:0511,0.0,0.0,0.0,-2.52,1.45,0.0
20211104:0611,0.0,0.0,0.0,-2.95,1.59,0.0
20211104:0711,0.0,0.0,0.0,-2.67,1.38,0.0
20211104:0811,262.05,294.34,6.43,-2.8,1.59,0.0
20211104:0911,416.1,465.08,10.95,-2.42,1.66,0.0
20211104:1011,622.91,710.9,13.85,-1.95,1.59,0.0
20211104:1111,689.71,801.81,14.89,-1.07,1.31,0.0
20211104:1211,601.77,693.79,13.97,-0.4,1.24,0.0
20211104:1311,551.67,631.04,11.18,-0.12,1.38,0.0
20211104:1411,343.12,386.61,6.75,-0.48,1.45,0.0
20211104:1511,0.0,0.0,0.0,-1.24,1.72,0.0
20211104:1611,0.0,0.0,0.0,-2.17,1.72,0.0
20211104:1711,0.0,0.0,0.0,-2.92,1.79,0.0
20211104:1811,0.0,0.0,0.0,-3.31,1.86,0.0
20211104:1911,0.0,0.0,0.0,-3.08,1.72,0.0
20211104:2011,0.0,0.0,0.0,-3.89,1.79,0.0
20211104:2111,0.0,0.0,0.0,-4.34,1.72,0.0
20211104:2211,0.0,0.0,0.0,-4.24,1.93,0.0
20211104:2311,0.0,0.0,0.0,-3.87,2.0,0.0
20211105:0011,0.0,0.0,0.0,-3.51,1.93,0.0
20211105:0111,0.0,0.0,0.0,-3.16,1.93,0.0
20211105:0211,0.0,0.0,0.0,-2.76,1.86,0.0
20211105:0311,0.0,0.0,0.0,-2.86,1.86,0.0
20211105:0411,0.0,0.0,0.0,-2.87,1.79,0.0
20211105:0511,0.0,0.0,0.0,-2.55,1.59,0.0
20211105:0611,0.0,0.0,0.0,-2.26,1.45,0.0
20211105:0711,0.0,0.0,0.0,-1.83,1.59,0.0
20211105:0811,96.64,120.27,6.14,-1.56,1.52,0.0
20211105:0911,17.51,32.46,10.65,-0.45,1.86,0.0
20211105:1011,85.09,110.35,13.54,0.63,1.93,0.0
20211105:1111,65.61,89.3,14.58,1.28,3.24,0.0
20211105:1211,400.3,451.89,13.67,1.73,3.38,0.0
20211105:1311,492.54,553.04,10.88,1.46,3.93,0.0
20211105:1411,9.64,21.97,6.47,0.82,4.28,0.0
20211105:1511,0.0,0.0,0.0,0.01,3.93,0.0
20211105:1611,0.0,0.0,0.0,-0.41,3.45,0.0
20211105:1711,0.0,0.0,0.0,-0.53,3.03,0.0
20211105:1811,0.0,0.0,0.0,-0.34,2.83,0.0
20211105:1911,0.0,0.0,0.0,0.19,3.17,0.0
20211105:2011,0.0,0.0,0.0,0.39,3.24,0.0
20211105:2111,0.0,0.0,0.0,0.25,3.03,0.0
20211105:2211,0.0,0.0,0.0,0.32,2.83,0.0
20211105:2311,0.0,0.0,0.0,0.62,3.24,0.0
20211106:0011,0.0,0.0,0.0,1.08,3.66,0.0
20211106:0111,0.0,0.0,0.0,1.14,3.59,0.0
20211106:0211,0.0,0.0,0.0,1.1,3.72,0.0
20211106:0311,0.0,0.0,0.0,0.84,3.86,0.0
20211106:0411,0.0,0.0,0.0,0.55,3.86,0.0
20211106:0511,0.0,0.0,0.0,0.02,3.66,0.0
20211106:0611,0.0,0.0,0.0,-0.48,3.31,0.0
20211106:0711,0.0,0.0,0.0,-0.04,3.31,0.0
20211106:0811,476.07,532.48,5.85,-0.13,2.76,0.0
20211106:0911,274.0,311.67,10.35,-0.35,1.52,0.0
20211106:1011,31.1,49.39,13.24,-0.04,1.52,0.0
20211106:1111,20.2,36.04,14.28,0.5,1.93,0.0
20211106:1211,19.13,34.72,13.37,0.88,2.14,0.0
20211106:1311,270.01,309.07,10.6,1.09,1.72,0.0
20211106:1411,1.37,8.63,6.19,0.81,0.97,0.0
20211106:1511,0.0,0.0,0.0,0.62,1.1,0.0
20211106:1611,0.0,0.0,0.0,0.6,2.0,0.0
20211106:1711,0.0,0.0,0.0,0.58,2.14,0.0
20211106:1811,0.0,0.0,0.0,0.62,2.41,0.0
20211106:1911,0.0,0.0,0.0,0.26,1.93,0.0
20211106:2011,0.0,0.0,0.0,0.1,1.86,0.0
20211106:2111,0.0,0.0,0.0,-0.06,1.79,0.0
20211106:2211,0.0,0.0,0.0,-0.26,1.93,0.0
20211106:2311,0.0,0.0,0.0,-0.31,1.59,0.0
20211107:0011,0.0,0.0,0.0,-0.28,1.45,0.0
20211107:0111,0.0,0.0,0.0,-0.25,1.52,0.0
20211107:0211,0.0,0.0,0.0,-0.2,1.52,0.0
20211107:0311,0.0,0.0,0.0,-0.11,1.17,0.0
20211107:0411,0.0,0.0,0.0,-0.18,0.83,0.0
20211107:0511,0.0,0.0,0.0,0.06,0.55,0.0
20211107:0611,0.0,0.0,0.0,-0.04,0.55,0.0
20211107:0711,0.0,0.0,0.0,0.25,0.48,0.0
20211107:0811,64.86,86.87,5.57,0.53,0.55,0.0
20211107:0911,10.61,23.3,10.06,0.02,0.9,0.0
20211107:1011,24.62,41.59,12.94,0.42,0.83,0.0
20211107:1111,66.57,90.46,13.98,1.24,0.97,0.0
20211107:1211,35.3,54.68,13.07,1.21,1.1,0.0
20211107:1311,35.23,54.41,10.31,1.3,1.1,0.0
20211107:1411,8.5,20.39,5.92,1.55,0.69,0.0
20211107:1511,0.0,0.0,0.0,1.34,0.62,0.0
20211107:1611,0.0,0.0,0.0,0.6,0.97,0.0
20211107:1711,0.0,0.0,0.0,0.09,1.1,0.0
20211107:1811,0.0,0.0,0.0,-0.6,1.24,0.0
20211107:1911,0.0,0.0,0.0,-0.9,1.03,0.0
20211107:2011,0.0,0.0,0.0,-0.43,0.83,0.0
20211107:2111,0.0,0.0,0.0,-0.52,0.83,0.0
20211107:2211,0.0,0.0,0.0,-0.7,0.9,0.0
20211107:2311,0.0,0.0,0.0,-1.45,1.17,0.0
20211108:0011,0.0,0.0,0.0,-1.76,1.38,0.0
20211108:0111,0.0,0.0,0.0,-1.88,1.38,0.0
20211108:0211,0.0,0.0,0.0,-1.77,1.38,0.0
20211108:0311,0.0,0.0,0.0,-1.75,1.38,0.0
20211108:0411,0.0,0.0,0.0,-1.62,1.52,0.0
20211108:0511,0.0,0.0,0.0,-1.52,1.45,0.0
20211108:0611,0.0,0.0,0.0,-1.45,1.45,0.0
20211108:0711,0.0,0.0,0.0,-1.64,1.59,0.0
20211108:0811,4.46,14.04,5.28,-1.59,1.59,0.0
20211108:0911,8.34,19.96,9.77,-1.34,1.72,0.0
20211108:1011,18.59,33.79,12.65,-1.11,1.66,0.0
20211108:1111,21.74,37.8,13.68,-0.91,1.72,0.0
20211108:1211,10.76,23.44,12.79,-0.82,1.79,0.0
20211108:1311,2.56,10.85,10.03,-0.77,1.66,0.0
20211108:1411,8.62,20.39,5.65,-0.86,1.79,0.0
20211108:1511,0.0,0.0,0.0,-0.96,1.93,0.0
20211108:1611,0.0,0.0,0.0,-1.15,1.66,0.0
20211108:1711,0.0,0.0,0.0,-1.03,2.14,0.0
20211108:1811,0.0,0.0,0.0,-1.01,2.28,0.0
20211108:1911,0.0,0.0,0.0,-1.17,2.07,0.0
20211108:2011,0.0,0.0,0.0,-1.13,2.14,0.0
20211108:2111,0.0,0.0,0.0,-1.07,2.34,0.0
20211108:2211,0.0,0.0,0.0,-0.91,2.28,0.0
20211108:2311,0.0,0.0,0.0,-0.73,2.48,0.0
20211109:0011,0.0,0.0,0.0,-0.41,3.1,0.0
20211109:0111,0.0,0.0,0.0,-0.11,3.17,0.0
20211109:0211,0.0,0.0,0.0,0.09,3.17,0.0
20211109:0311,0.0,0.0,0.0,0.25,3.1,0.0
20211109:0411,0.0,0.0,0.0,0.45,2.76,0.0
20211109:0511,0.0,0.0,0.0,0.64,2.34,0.0
20211109:0611,0.0,0.0,0.0,0.78,1.93,0.0
20211109:0711,0.0,0.0,0.0,0.79,1.45,0.0
20211109:0811,0.0,3.9,5.0,1.02,1.24,0.0
20211109:0911,2.96,11.64,9.48,1.26,1.24,0.0
20211109:1011,102.83,129.94,12.36,1.57,1.38,0.0
20211109:1111,15.98,30.76,13.39,1.99,1.72,0.0
20211109:1211,34.37,53.82,12.5,2.62,2.21,0.0
20211109:1311,4.93,15.03,9.76,3.06,3.03,0.0
20211109:1411,0.97,7.84,5.39,3.03,3.38,0.0
20211109:1511,0.0,0.0,0.0,2.43,2.97,0.0
20211109:1611,0.0,0.0,0.0,1.92,2.9,0.0
20211109:1711,0.0,0.0,0.0,1.5,2.76,0.0
20211109:1811,0.0,0.0,0.0,1.09,2.55,0.0
20211109:1911,0.0,0.0,0.0,1.24,1.86,0.0
20211109:2011,0.0,0.0,0.0,1.35,1.86,0.0
20211109:2111,0.0,0.0,0.0,1.58,2.0,0.0
20211109:2211,0.0,0.0,0.0,2.0,2.69,0.0
20211109:2311,0.0,0.0,0.0,2.34,3.52,0.0
20211110:0011,0.0,0.0,0.0,2.08,3.45,0.0
20211110:0111,0.0,0.0,0.0,1.75,3.38,0.0
20211110:0211,0.0,0.0,0.0,1.57,3.38,0.0
20211110:0311,0.0,0.0,0.0,1.65,3.66,0.0
20211110:0411,0.0,0.0,0.0,1.63,3.59,0.0
20211110:0511,0.0,0.0,0.0,2.01,3.72,0.0
20211110:0611,0.0,0.0,0.0,2.18,4.14,0.0
20211110:0711,0.0,0.0,0.0,2.44,4.07,0.0
20211110:0811,16.75,31.32,4.73,2.18,3.93,0.0
20211110:0911,40.95,60.93,9.2,1.8,3.86,0.0
20211110:1011,74.37,98.55,12.07,1.38,4.07,0.0
20211110:1111,77.92,102.57,13.11,1.17,3.52,0.0
20211110:1211,60.88,83.62,12.22,1.04,3.72,0.0
20211110:1311,57.31,79.15,9.49,0.81,3.17,0.0
20211110:1411,113.37,138.27,5.14,0.43,4.14,0.0
20211110:1511,0.0,0.0,0.0,-0.07,3.79,0.0
20211110:1611,0.0,0.0,0.0,-0.47,3.45,0.0
20211110:1711,0.0,0.0,0.0,-0.63,3.38,0.0
20211110:1811,0.0,0.0,0.0,-1.0,3.24,0.0
20211110:1911,0.0,0.0,0.0,-1.33,2.62,0.0
20211110:2011,0.0,0.0,0.0,-1.97,2.48,0.0
20211110:2111,0.0,0.0,0.0,-1.88,2.69,0.0
20211110:2211,0.0,0.0,0.0,-1.54,2.76,0.0
20211110:2311,0.0,0.0,0.0,-1.57,2.83,0.0
20211111:0011,0.0,0.0,0.0,-1.37,3.1,0.0
20211111:0111,0.0,0.0,0.0,-1.52,3.31,0.0
20211111:0211,0.0,0.0,0.0,-1.35,3.52,0.0
20211111:0311,0.0,0.0,0.0,-1.18,3.66,0.0
20211111:0411,0.0,0.0,0.0,-1.01,3.66,0.0
20211111:0511,0.0,0.0,0.0,-0.44,3.79,0.0
20211111:0611,0.0,0.0,0.0,0.1,4.0,0.0
20211111:0711,0.0,0.0,0.0,0.44,3.93,0.0
20211111:0811,55.88,76.46,4.46,0.71,4.14,0.0
20211111:0911,6.03,16.62,8.92,0.38,4.69,0.0
20211111:1011,21.22,37.24,11.79,0.19,4.9,0.0
20211111:1111,49.35,70.57,12.83,0.29,4.97,0.0
20211111:1211,18.53,33.85,11.95,0.41,5.17,0.0
20211111:1311,21.51,37.57,9.23,0.03,5.03,0.0
20211111:1411,0.0,5.49,4.89,-0.39,4.76,0.0
20211111:1511,0.0,0.0,0.0,-1.0,4.14,0.0
20211111:1611,0.0,0.0,0.0,-1.53,3.24,0.0
20211111:1711,0.0,0.0,0.0,-2.06,2.55,0.0
20211111:1811,0.0,0.0,0.0,-2.63,2.0,0.0
20211111:1911,0.0,0.0,0.0,-3.09,1.93,0.0
20211111:2011,0.0,0.0,0.0,-3.83,1.93,0.0
20211111:2111,0.0,0.0,0.0,-3.7,1.79,0.0
20211111:2211,0.0,0.0,0.0,-4.15,1.79,0.0
20211111:2311,0.0,0.0,0.0,-4.69,1.86,0.0
20211112:0011,0.0,0.0,0.0,-4.21,1.72,0.0
20211112:0111,0.0,0.0,0.0,-4.3,1.72,0.0
20211112:0211,0.0,0.0,0.0,-4.29,1.66,0.0
20211112:0311,0.0,0.0,0.0,-3.66,1.45,0.0
20211112:0411,0.0,0.0,0.0,-3.69,1.31,0.0
20211112:0511,0.0,0.0,0.0,-4.21,1.24,0.0
20211112:0611,0.0,0.0,0.0,-4.96,1.24,0.0
20211112:0711,0.0,0.0,0.0,-4.6,0.97,0.0
20211112:0811,0.0,3.11,4.19,-4.11,0.62,0.0
20211112:0911,109.68,133.8,8.65,-3.67,0.83,0.0
20211112:1011,26.46,43.3,11.51,-3.01,1.03,0.0
20211112:1111,28.48,45.71,12.55,-3.18,1.24,0.0
20211112:1211,20.16,35.59,11.68,-2.6,1.31,0.0
20211112:1311,8.45,20.04,8.97,-2.49,1.38,0.0
20211112:1411,0.0,4.7,4.64,-2.5,1.45,0.0
20211112:1511,0.0,0.0,0.0,-2.38,1.45,0.0
20211112:1611,0.0,0.0,0.0,-1.93,1.66,0.0
20211112:1711,0.0,0.0,0.0,-1.66,1.72,0.0
20211112:1811,0.0,0.0,0.0,-1.59,1.72,0.0
20211112:1911,0.0,0.0,0.0,-1.25,1.86,0.0
20211112:2011,0.0,0.0,0.0,-0.94,1.93,0.0
20211112:2111,0.0,0.0,0.0,-0.76,1.86,0.0
20211112:2211,0.0,0.0,0.0,-0.6,1.93,0.0
20211112:2311,0.0,0.0,0.0,-0.48,2.0,0.0
20211113:0011,0.0,0.0,0.0,-0.44,2.0,0.0
20211113:0111,0.0,0.0,0.0,-0.54,2.07,0.0
20211113:0211,0.0,0.0,0.0,-0.58,1.93,0.0
20211113:0311,0.0,0.0,0.0,-0.59,1.86,0.0
20211113:0411,0.0,0.0,0.0,-0.6,1.66,0.0
20211113:0511,0.0,0.0,0.0,-0.63,1.66,0.0
20211113:0611,0.0,0.0,0.0,-0.62,1.59,0.0
20211113:0711,0.0,0.0,0.0,-0.31,1.66,0.0
20211113:0811,3.01,11.67,3.92,-0.3,1.66,0.0
20211113:0911,84.64,108.53,8.38,-0.22,1.52,0.0
20211113:1011,180.25,211.28,11.24,0.02,1.93,0.0
20211113:1111,36.85,56.25,12.28,0.06,1.79,0.0
20211113:1211,29.73,47.75,11.42,0.02,1.66,0.0
20211113:1311,157.27,186.39,8.72,0.12,1.59,0.0
20211113:1411,4.45,14.11,4.4,0.03,1.38,0.0
20211113:1511,0.0,0.0,0.0,-0.14,1.31,0.0
20211113:1611,0.0,0.0,0.0,-0.38,1.24,0.0
20211113:1711,0.0,0.0,0.0,-0.58,1.24,0.0
20211113:1811,0.0,0.0,0.0,-0.67,1.17,0.0
20211113:1911,0.0,0.0,0.0,-0.61,1.1,0.0
20211113:2011,0.0,0.0,0.0,-0.67,1.1,0.0
20211113:2111,0.0,0.0,0.0,-0.42,1.1,0.0
20211113:2211,0.0,0.0,0.0,-0.01,1.03,0.0
20211113:2311,0.0,0.0,0.0,0.15,1.03,0.0
20211114:0011,0.0,0.0,0.0,0.49,0.9,0.0
20211114:0111,0.0,0.0,0.0,0.41,0.9,0.0
20211114:0211,0.0,0.0,0.0,0.29,1.03,0.0
20211114:0311,0.0,0.0,0.0,-0.1,0.97,0.0
20211114:0411,0.0,0.0,0.0,-2.02,1.03,0.0
20211114:0511,0.0,0.0,0.0,-2.32,0.97,0.0
20211114:0611,0.0,0.0,0.0,-2.43,0.76,0.0
20211114:0711,0.0,0.0,0.0,-2.62,0.76,0.0
20211114:0811,1.77,9.33,3.66,-2.64,0.69,0.0
20211114:0911,36.54,54.94,8.11,-2.32,0.55,0.0
20211114:1011,37.46,56.44,10.97,-1.85,0.55,0.0
20211114:1111,29.69,47.46,12.02,-1.57,0.55,0.0
20211114:1211,21.42,37.33,11.16,-1.44,0.69,0.0
20211114:1311,14.49,28.38,8.47,-1.83,0.97,0.0
20211114:1411,0.65,7.05,4.17,-2.01,1.03,0.0
20211114:1511,0.0,0.0,0.0,-2.44,0.97,0.0
20211114:1611,0.0,0.0,0.0,-2.28,0.76,0.0
20211114:1711,0.0,0.0,0.0,-2.17,0.55,0.0
20211114:1811,0.0,0.0,0.0,-2.51,0.76,0.0
20211114:1911,0.0,0.0,0.0,-3.64,1.45,0.0
20211114:2011,0.0,0.0,0.0,-3.87,1.52,0.0
20211114:2111,0.0,0.0,0.0,-3.74,1.45,0.0
20211114:2211,0.0,0.0,0.0,-3.74,1.38,0.0
20211114:2311,0.0,0.0,0.0,-3.76,1.31,0.0
20211115:0011,0.0,0.0,0.0,-3.84,1.31,0.0
20211115:0111,0.0,0.0,0.0,-3.9,1.31,0.0
20211115:0211,0.0,0.0,0.0,-3.59,1.24,0.0
20211115:0311,0.0,0.0,0.0,-3.48,1.24,0.0
20211115:0411,0.0,0.0,0.0,-2.84,1.31,0.0
20211115:0511,0.0,0.0,0.0,-2.64,1.45,0.0
20211115:0611,0.0,0.0,0.0,-2.08,1.52,0.0
20211115:0711,0.0,0.0,0.0,-1.64,1.59,0.0
20211115:0811,0.0,2.33,3.4,-1.44,1.66,0.0
20211115:0911,2.53,10.79,7.85,-1.09,1.59,0.0
20211115:1011,10.08,22.51,10.71,-0.53,1.59,0.0
20211115:1111,7.24,18.46,11.76,0.12,2.0,0.0
20211115:1211,3.78,13.02,10.91,0.54,1.86,0.0
20211115:1311,2.08,10.02,8.23,0.58,1.45,0.0
20211115:1411,0.0,3.92,3.94,0.41,1.31,0.0
20211115:1511,0.0,0.0,0.0,0.5,1.31,0.0
20211115:1611,0.0,0.0,0.0,0.33,1.38,0.0
20211115:1711,0.0,0.0,0.0,0.31,1.45,0.0
20211115:1811,0.0,0.0,0.0,0.56,1.45,0.0
20211115:1911,0.0,0.0,0.0,0.64,1.45,0.0
20211115:2011,0.0,0.0,0.0,0.72,1.31,0.0
20211115:2111,0.0,0.0,0.0,0.72,1.31,0.0
20211115:2211,0.0,0.0,0.0,0.74,1.24,0.0
20211115:2311,0.0,0.0,0.0,0.8,1.24,0.0
20211116:0011,0.0,0.0,0.0,0.81,1.24,0.0
20211116:0111,0.0,0.0,0.0,0.91,1.31,0.0
20211116:0211,0.0,0.0,0.0,0.88,1.38,0.0
20211116:0311,0.0,0.0,0.0,0.9,1.38,0.0
20211116:0411,0.0,0.0,0.0,0.79,1.38,0.0
20211116:0511,0.0,0.0,0.0,0.89,1.31,0.0
20211116:0611,0.0,0.0,0.0,0.89,1.38,0.0
20211116:0711,0.0,0.0,0.0,0.93,1.31,0.0
20211116:0811,0.0,2.33,3.15,0.89,1.24,0.0
20211116:0911,0.81,7.47,7.59,1.03,1.38,0.0
20211116:1011,3.74,12.98,10.45,1.2,1.52,0.0
20211116:1111,4.38,14.06,11.51,1.43,1.66,0.0
20211116:1211,8.8,20.84,10.67,1.6,1.79,0.0
20211116:1311,1.22,8.35,8.0,1.65,1.79,0.0
20211116:1411,0.0,3.13,3.72,1.53,1.59,0.0
20211116:1511,0.0,0.0,0.0,1.46,1.86,0.0
20211116:1611,0.0,0.0,0.0,1.37,2.07,0.0
20211116:1711,0.0,0.0,0.0,1.3,2.21,0.0
20211116:1811,0.0,0.0,0.0,1.23,2.34,0.0
20211116:1911,0.0,0.0,0.0,1.29,2.07,0.0
20211116:2011,0.0,0.0,0.0,1.24,2.14,0.0
20211116:2111,0.0,0.0,0.0,1.09,2.21,0.0
20211116:2211,0.0,0.0,0.0,1.15,3.03,0.0
20211116:2311,0.0,0.0,0.0,1.22,2.9,0.0
20211117:0011,0.0,0.0,0.0,1.27,2.83,0.0
20211117:0111,0.0,0.0,0.0,1.23,2.76,0.0
20211117:0211,0.0,0.0,0.0,1.2,2.97,0.0
20211117:0311,0.0,0.0,0.0,1.25,2.83,0.0
20211117:0411,0.0,0.0,0.0,1.09,2.34,0.0
20211117:0511,0.0,0.0,0.0,0.91,1.72,0.0
20211117:0611,0.0,0.0,0.0,0.74,1.72,0.0
20211117:0711,0.0,0.0,0.0,0.21,1.72,0.0
20211117:0811,0.0,1.98,2.9,-0.81,1.72,0.0
20211117:0911,0.84,7.47,7.34,-1.46,1.86,0.0
20211117:1011,10.13,22.5,10.2,-1.46,1.66,0.0
20211117:1111,26.82,43.95,11.26,-1.58,2.07,0.0
20211117:1211,20.68,36.47,10.43,-0.64,3.52,0.0
20211117:1311,44.03,63.61,7.77,-0.79,3.17,0.0
20211117:1411,0.0,2.35,3.51,-1.21,2.97,0.0
20211117:1511,0.0,0.0,0.0,-1.89,2.55,0.0
20211117:1611,0.0,0.0,0.0,-2.34,2.55,0.0
20211117:1711,0.0,0.0,0.0,-2.15,2.41,0.0
20211117:1811,0.0,0.0,0.0,-2.19,2.9,0.0
20211117:1911,0.0,0.0,0.0,-2.53,2.14,0.0
20211117:2011,0.0,0.0,0.0,-2.9,1.86,0.0
20211117:2111,0.0,0.0,0.0,-3.6,1.93,0.0
20211117:2211,0.0,0.0,0.0,-4.82,2.21,0.0
20211117:2311,0.0,0.0,0.0,-5.62,2.55,0.0
20211118:0011,0.0,0.0,0.0,-5.51,2.83,0.0
20211118:0111,0.0,0.0,0.0,-5.73,2.76,0.0
20211118:0211,0.0,0.0,0.0,-5.7,2.55,0.0
20211118:0311,0.0,0.0,0.0,-5.98,2.55,0.0
20211118:0411,0.0,0.0,0.0,-5.5,2.48,0.0
20211118:0511,0.0,0.0,0.0,-5.38,2.34,0.0
20211118:0611,0.0,0.0,0.0,-5.23,2.21,0.0
20211118:0711,0.0,0.0,0.0,-3.04,1.72,0.0
20211118:0811,0.0,1.32,2.65,-3.09,1.86,0.0
20211118:0911,0.84,7.46,7.09,-2.4,1.79,0.0
20211118:1011,16.59,31.15,9.95,-1.61,1.86,0.0
20211118:1111,152.16,180.95,11.01,-0.21,2.62,0.0
20211118:1211,51.57,73.12,10.19,1.53,3.1,0.0
20211118:1311,14.13,28.39,7.55,3.31,4.48,0.0
20211118:1411,0.0,4.7,3.3,3.95,5.79,0.0
20211118:1511,0.0,0.0,0.0,3.72,5.93,0.0
20211118:1611,0.0,0.0,0.0,3.22,5.72,0.0
20211118:1711,0.0,0.0,0.0,2.69,5.45,0.0
20211118:1811,0.0,0.0,0.0,2.54,5.38,0.0
20211118:1911,0.0,0.0,0.0,3.13,5.31,0.0
20211118:2011,0.0,0.0,0.0,2.83,5.03,0.0
20211118:2111,0.0,0.0,0.0,2.65,4.97,0.0
20211118:2211,0.0,0.0,0.0,2.46,5.03,0.0
20211118:2311,0.0,0.0,0.0,1.91,4.48,0.0
20211119:0011,0.0,0.0,0.0,2.49,5.1,0.0
20211119:0111,0.0,0.0,0.0,3.41,5.45,0.0
20211119:0211,0.0,0.0,0.0,4.46,5.59,0.0
20211119:0311,0.0,0.0,0.0,5.12,6.0,0.0
20211119:0411,0.0,0.0,0.0,5.25,6.14,0.0
20211119:0511,0.0,0.0,0.0,5.23,6.41,0.0
20211119:0611,0.0,0.0,0.0,5.15,6.76,0.0
20211119:0711,0.0,0.0,0.0,5.58,7.03,0.0
20211119:0811,0.0,1.32,2.41,5.34,7.66,0.0
20211119:0911,6.94,18.24,6.85,4.35,7.93,0.0
20211119:1011,16.8,32.01,9.71,3.83,7.79,0.0
20211119:1111,45.86,67.09,10.78,3.38,7.66,0.0
20211119:1211,8.15,19.97,9.96,3.03,7.72,0.0
20211119:1311,184.46,214.91,7.34,2.74,7.93,0.0
20211119:1411,16.91,31.35,3.1,2.43,7.66,0.0
20211119:1511,0.0,0.0,0.0,2.1,7.38,0.0
20211119:1611,0.0,0.0,0.0,1.93,7.1,0.0
20211119:1711,0.0,0.0,0.0,1.69,6.76,0.0
20211119:1811,0.0,0.0,0.0,1.25,6.41,0.0
20211119:1911,0.0,0.0,0.0,0.8,5.1,0.0
20211119:2011,0.0,0.0,0.0,0.42,4.48,0.0
20211119:2111,0.0,0.0,0.0,0.02,4.07,0.0
20211119:2211,0.0,0.0,0.0,-0.36,3.79,0.0
20211119:2311,0.0,0.0,0.0,-0.54,3.59,0.0
20211120:0011,0.0,0.0,0.0,-1.03,3.24,0.0
20211120:0111,0.0,0.0,0.0,-1.45,3.17,0.0
20211120:0211,0.0,0.0,0.0,-1.23,3.03,0.0
20211120:0311,0.0,0.0,0.0,-1.32,2.69,0.0
20211120:0411,0.0,0.0,0.0,-1.91,2.28,0.0
20211120:0511,0.0,0.0,0.0,-2.02,2.0,0.0
20211120:0611,0.0,0.0,0.0,-1.92,2.14,0.0
20211120:0711,0.0,0.0,0.0,-2.2,2.0,0.0
20211120:0811,0.0,3.29,2.17,-2.28,2.07,0.0
20211120:0911,99.11,122.86,6.61,-1.79,2.14,0.0
20211120:1011,7.68,19.03,9.47,-0.86,2.0,0.0
20211120:1111,18.88,34.28,10.55,-0.14,2.0,0.0
20211120:1211,15.87,30.4,9.74,0.1,2.0,0.0
20211120:1311,23.63,40.01,7.13,0.12,1.86,0.0
20211120:1411,0.0,4.7,2.9,-0.1,1.66,0.0
20211120:1511,0.0,0.0,0.0,-0.49,1.59,0.0
20211120:1611,0.0,0.0,0.0,-0.78,1.52,0.0
20211120:1711,0.0,0.0,0.0,-1.05,1.45,0.0
20211120:1811,0.0,0.0,0.0,-1.54,1.31,0.0
20211120:1911,0.0,0.0,0.0,-0.31,0.83,0.0
20211120:2011,0.0,0.0,0.0,-0.38,0.83,0.0
20211120:2111,0.0,0.0,0.0,-1.66,1.59,0.0
20211120:2211,0.0,0.0,0.0,-1.5,1.86,0.0
20211120:2311,0.0,0.0,0.0,-1.54,2.14,0.0
20211121:0011,0.0,0.0,0.0,-1.91,2.07,0.0
20211121:0111,0.0,0.0,0.0,-2.56,1.86,0.0
20211121:0211,0.0,0.0,0.0,-3.19,1.79,0.0
20211121:0311,0.0,0.0,0.0,-4.34,1.79,0.0
20211121:0411,0.0,0.0,0.0,-5.64,2.0,0.0
20211121:0511,0.0,0.0,0.0,-6.95,2.07,0.0
20211121:0611,0.0,0.0,0.0,-8.14,2.14,0.0
20211121:0711,0.0,0.0,0.0,-7.81,2.14,0.0
20211121:0811,0.0,1.31,1.94,-8.13,2.0,0.0
20211121:0911,563.23,615.63,6.37,-8.04,1.93,0.0
20211121:1011,495.57,540.38,9.24,-7.89,1.93,0.0
20211121:1111,389.84,424.58,10.32,-7.73,2.0,0.0
20211121:1211,273.34,302.41,9.53,-6.5,1.86,0.0
20211121:1311,568.73,633.01,6.92,-5.08,1.66,0.0
20211121:1411,0.0,2.35,2.71,-4.5,1.52,0.0
20211121:1511,0.0,0.0,0.0,-4.91,1.59,0.0
20211121:1611,0.0,0.0,0.0,-4.89,1.59,0.0
20211121:1711,0.0,0.0,0.0,-5.16,1.59,0.0
20211121:1811,0.0,0.0,0.0,-5.2,1.52,0.0
20211121:1911,0.0,0.0,0.0,-5.62,1.59,0.0
20211121:2011,0.0,0.0,0.0,-5.61,1.52,0.0
20211121:2111,0.0,0.0,0.0,-5.75,1.52,0.0
20211121:2211,0.0,0.0,0.0,-6.15,1.59,0.0
20211121:2311,0.0,0.0,0.0,-6.39,1.66,0.0
20211122:0011,0.0,0.0,0.0,-6.67,1.66,0.0
20211122:0111,0.0,0.0,0.0,-7.34,1.72,0.0
20211122:0211,0.0,0.0,0.0,-7.92,1.79,0.0
20211122:0311,0.0,0.0,0.0,-8.33,1.79,0.0
20211122:0411,0.0,0.0,0.0,-8.37,1.72,0.0
20211122:0511,0.0,0.0,0.0,-8.67,1.86,0.0
20211122:0611,0.0,0.0,0.0,-8.83,1.86,0.0
20211122:0711,0.0,0.0,0.0,-8.93,2.0,0.0
20211122:0811,0.0,1.97,1.71,-8.39,1.93,0.0
20211122:0911,2.19,9.94,6.15,-8.65,2.21,0.0
20211122:1011,25.6,41.5,9.01,-7.62,2.28,0.0
20211122:1111,25.25,41.31,10.1,-6.22,2.21,0.0
20211122:1211,11.67,24.32,9.32,-5.06,2.07,0.0
20211122:1311,10.96,23.39,6.73,-4.58,2.28,0.0
20211122:1411,0.0,1.57,2.53,-3.7,2.21,0.0
20211122:1511,0.0,0.0,0.0,-2.84,2.28,0.0
20211122:1611,0.0,0.0,0.0,-2.16,2.41,0.0
20211122:1711,0.0,0.0,0.0,-1.69,2.76,0.0
20211122:1811,0.0,0.0,0.0,-1.07,2.9,0.0
20211122:1911,0.0,0.0,0.0,-1.09,2.34,0.0
20211122:2011,0.0,0.0,0.0,-1.37,2.34,0.0
20211122:2111,0.0,0.0,0.0,-1.66,2.34,0.0
20211122:2211,0.0,0.0,0.0,-1.53,2.41,0.0
20211122:2311,0.0,0.0,0.0,-1.74,2.28,0.0
20211123:0011,0.0,0.0,0.0,-1.96,2.14,0.0
20211123:0111,0.0,0.0,0.0,-1.95,2.21,0.0
20211123:0211,0.0,0.0,0.0,-2.02,2.14,0.0
20211123:0311,0.0,0.0,0.0,-2.05,2.07,0.0
20211123:0411,0.0,0.0,0.0,-2.1,1.86,0.0
20211123:0511,0.0,0.0,0.0,-2.86,1.93,0.0
20211123:0611,0.0,0.0,0.0,-3.06,2.0,0.0
20211123:0711,0.0,0.0,0.0,-2.84,3.1,0.0
20211123:0811,0.0,2.62,1.49,-2.42,3.03,0.0
20211123:0911,422.19,466.99,5.92,-2.17,2.97,0.0
20211123:1011,101.23,125.54,8.79,-1.78,3.1,0.0
20211123:1111,415.63,461.88,9.89,-1.17,3.52,0.0
20211123:1211,24.19,40.83,9.11,-0.71,3.72,0.0
20211123:1311,2.56,10.86,6.54,-0.37,3.79,0.0
20211123:1411,0.0,1.57,2.35,-0.45,3.72,0.0
20211123:1511,0.0,0.0,0.0,-0.35,3.72,0.0
20211123:1611,0.0,0.0,0.0,-0.09,3.72,0.0
20211123:1711,0.0,0.0,0.0,0.25,3.86,0.0
20211123:1811,0.0,0.0,0.0,0.28,3.93,0.0
20211123:1911,0.0,0.0,0.0,0.23,3.93,0.0
20211123:2011,0.0,0.0,0.0,0.63,3.93,0.0
20211123:2111,0.0,0.0,0.0,1.04,3.79,0.0
20211123:2211,0.0,0.0,0.0,0.84,3.86,0.0
20211123:2311,0.0,0.0,0.0,1.18,3.93,0.0
20211124:0011,0.0,0.0,0.0,1.07,4.21,0.0
20211124:0111,0.0,0.0,0.0,0.82,4.07,0.0
20211124:0211,0.0,0.0,0.0,0.83,3.93,0.0
20211124:0311,0.0,0.0,0.0,0.78,3.72,0.0
20211124:0411,0.0,0.0,0.0,0.65,3.31,0.0
20211124:0511,0.0,0.0,0.0,0.71,3.1,0.0
20211124:0611,0.0,0.0,0.0,0.8,3.24,0.0
20211124:0711,0.0,0.0,0.0,1.46,3.24,0.0
20211124:0811,0.0,0.0,0.0,1.48,3.24,0.0
20211124:0911,9.3,21.51,5.71,1.23,3.24,0.0
20211124:1011,13.08,26.79,8.58,1.27,3.03,0.0
20211124:1111,11.48,24.61,9.68,1.42,3.52,0.0
20211124:1211,6.48,17.38,8.92,1.38,3.52,0.0
20211124:1311,0.84,7.52,6.35,1.23,3.17,0.0
20211124:1411,0.0,3.92,2.18,1.16,2.97,0.0
20211124:1511,0.0,0.0,0.0,0.9,2.62,0.0
20211124:1611,0.0,0.0,0.0,0.7,2.55,0.0
20211124:1711,0.0,0.0,0.0,0.29,2.28,0.0
20211124:1811,0.0,0.0,0.0,-0.2,2.07,0.0
20211124:1911,0.0,0.0,0.0,-0.12,2.41,0.0
20211124:2011,0.0,0.0,0.0,-0.91,2.69,0.0
20211124:2111,0.0,0.0,0.0,-1.75,2.83,0.0
20211124:2211,0.0,0.0,0.0,-1.85,3.03,0.0
20211124:2311,0.0,0.0,0.0,-2.41,2.83,0.0
20211125:0011,0.0,0.0,0.0,-2.88,2.48,0.0
20211125:0111,0.0,0.0,0.0,-3.25,2.14,0.0
20211125:0211,0.0,0.0,0.0,-3.5,1.52,0.0
20211125:0311,0.0,0.0,0.0,-2.22,0.83,0.0
20211125:0411,0.0,0.0,0.0,-2.11,0.62,0.0
20211125:0511,0.0,0.0,0.0,-2.39,0.34,0.0
20211125:0611,0.0,0.0,0.0,-2.79,0.69,0.0
20211125:0711,0.0,0.0,0.0,-3.92,1.59,0.0
20211125:0811,0.0,0.0,0.0,-5.64,1.93,0.0
20211125:0911,244.73,270.47,5.49,-6.69,2.21,0.0
20211125:1011,31.48,48.39,8.37,-6.61,2.21,0.0
20211125:1111,46.11,65.02,9.48,-6.4,2.41,0.0
20211125:1211,49.72,68.88,8.73,-6.14,2.48,0.0
20211125:1311,12.31,25.07,6.18,-6.11,2.28,0.0
20211125:1411,0.0,2.35,2.02,-6.24,2.0,0.0
20211125:1511,0.0,0.0,0.0,-6.74,1.93,0.0
20211125:1611,0.0,0.0,0.0,-6.98,1.72,0.0
20211125:1711,0.0,0.0,0.0,-7.32,1.72,0.0
20211125:1811,0.0,0.0,0.0,-7.6,1.72,0.0
20211125:1911,0.0,0.0,0.0,-7.38,1.38,0.0
20211125:2011,0.0,0.0,0.0,-7.26,1.24,0.0
20211125:2111,0.0,0.0,0.0,-7.32,1.24,0.0
20211125:2211,0.0,0.0,0.0,-7.7,1.38,0.0
20211125:2311,0.0,0.0,0.0,-7.63,1.38,0.0
20211126:0011,0.0,0.0,0.0,-7.02,1.31,0.0
20211126:0111,0.0,0.0,0.0,-6.63,1.31,0.0
20211126:0211,0.0,0.0,0.0,-6.26,1.17,0.0
20211126:0311,0.0,0.0,0.0,-5.97,0.97,0.0
20211126:0411,0.0,0.0,0.0,-6.1,1.1,0.0
20211126:0511,0.0,0.0,0.0,-7.93,1.45,0.0
20211126:0611,0.0,0.0,0.0,-9.08,1.86,0.0
20211126:0711,0.0,0.0,0.0,-8.67,2.48,0.0
20211126:0811,0.0,0.0,0.0,-7.96,2.62,0.0
20211126:0911,7.38,18.19,5.29,-7.17,3.17,0.0
20211126:1011,12.96,25.92,8.17,-6.27,3.45,0.0
20211126:1111,7.49,18.46,9.28,-5.47,3.72,0.0
20211126:1211,89.25,111.24,8.54,-5.13,4.0,0.0
20211126:1311,11.0,23.4,6.01,-4.97,3.86,0.0
20211126:1411,0.0,1.57,1.87,-4.95,4.0,0.0
20211126:1511,0.0,0.0,0.0,-5.1,3.31,0.0
20211126:1611,0.0,0.0,0.0,-5.29,2.55,0.0
20211126:1711,0.0,0.0,0.0,-5.6,2.41,0.0
20211126:1811,0.0,0.0,0.0,-5.89,2.34,0.0
20211126:1911,0.0,0.0,0.0,-6.15,2.97,0.0
20211126:2011,0.0,0.0,0.0,-6.11,2.83,0.0
20211126:2111,0.0,0.0,0.0,-6.03,2.9,0.0
20211126:2211,0.0,0.0,0.0,-6.1,2.48,0.0
20211126:2311,0.0,0.0,0.0,-6.32,2.28,0.0
20211127:0011,0.0,0.0,0.0,-6.48,2.07,0.0
20211127:0111,0.0,0.0,0.0,-6.69,2.0,0.0
20211127:0211,0.0,0.0,0.0,-6.84,2.0,0.0
20211127:0311,0.0,0.0,0.0,-7.02,1.93,0.0
20211127:0411,0.0,0.0,0.0,-7.19,1.93,0.0
20211127:0511,0.0,0.0,0.0,-7.25,2.0,0.0
20211127:0611,0.0,0.0,0.0,-7.4,1.72,0.0
20211127:0711,0.0,0.0,0.0,-7.44,2.28,0.0
20211127:0811,0.0,0.0,0.0,-7.4,2.14,0.0
20211127:0911,2.16,9.92,5.09,-7.29,2.07,0.0
20211127:1011,31.1,47.86,7.97,-7.09,2.0,0.0
20211127:1111,9.41,21.09,9.1,-6.88,2.14,0.0
20211127:1211,14.44,27.81,8.37,-6.87,2.07,0.0
20211127:1311,1.33,8.36,5.84,-6.7,1.86,0.0
20211127:1411,0.0,0.78,1.72,-6.72,1.86,0.0
20211127:1511,0.0,0.0,0.0,-6.74,1.86,0.0
20211127:1611,0.0,0.0,0.0,-6.89,1.79,0.0
20211127:1711,0.0,0.0,0.0,-6.93,1.79,0.0
20211127:1811,0.0,0.0,0.0,-7.07,1.72,0.0
20211127:1911,0.0,0.0,0.0,-7.27,1.86,0.0
20211127:2011,0.0,0.0,0.0,-7.46,1.66,0.0
20211127:2111,0.0,0.0,0.0,-7.52,1.52,0.0
20211127:2211,0.0,0.0,0.0,-7.56,1.52,0.0
20211127:2311,0.0,0.0,0.0,-7.62,1.52,0.0
20211128:0011,0.0,0.0,0.0,-7.63,1.59,0.0
20211128:0111,0.0,0.0,0.0,-7.96,1.66,0.0
20211128:0211,0.0,0.0,0.0,-8.15,1.72,0.0
20211128:0311,0.0,0.0,0.0,-8.46,1.66,0.0
20211128:0411,0.0,0.0,0.0,-8.56,1.72,0.0
20211128:0511,0.0,0.0,0.0,-8.7,1.93,0.0
20211128:0611,0.0,0.0,0.0,-8.97,1.93,0.0
20211128:0711,0.0,0.0,0.0,-9.1,2.48,0.0
20211128:0811,0.0,0.0,0.0,-9.28,2.34,0.0
20211128:0911,139.5,160.0,4.89,-9.32,2.28,0.0
20211128:1011,106.97,127.79,7.78,-9.06,2.55,0.0
20211128:1111,82.45,102.79,8.91,-8.96,2.55,0.0
20211128:1211,15.27,28.68,8.2,-8.74,2.69,0.0
20211128:1311,96.51,116.64,5.69,-8.64,2.62,0.0
20211128:1411,0.0,0.78,1.57,-8.8,2.28,0.0
20211128:1511,0.0,0.0,0.0,-9.28,1.79,0.0
20211128:1611,0.0,0.0,0.0,-9.7,1.45,0.0
20211128:1711,0.0,0.0,0.0,-9.86,1.31,0.0
20211128:1811,0.0,0.0,0.0,-10.2,1.31,0.0
20211128:1911,0.0,0.0,0.0,-10.36,1.38,0.0
20211128:2011,0.0,0.0,0.0,-10.53,1.31,0.0
20211128:2111,0.0,0.0,0.0,-10.46,1.17,0.0
20211128:2211,0.0,0.0,0.0,-10.42,1.1,0.0
20211128:2311,0.0,0.0,0.0,-10.46,1.17,0.0
20211129:0011,0.0,0.0,0.0,-10.94,1.31,0.0
20211129:0111,0.0,0.0,0.0,-11.26,1.24,0.0
20211129:0211,0.0,0.0,0.0,-11.24,1.24,0.0
20211129:0311,0.0,0.0,0.0,-11.6,1.24,0.0
20211129:0411,0.0,0.0,0.0,-11.82,1.24,0.0
20211129:0511,0.0,0.0,0.0,-12.11,1.17,0.0
20211129:0611,0.0,0.0,0.0,-12.44,1.31,0.0
20211129:0711,0.0,0.0,0.0,-12.34,1.1,0.0
20211129:0811,0.0,0.0,0.0,-12.21,1.24,0.0
20211129:0911,0.0,4.13,4.7,-11.98,1.17,0.0
20211129:1011,8.12,19.0,7.6,-11.35,1.31,0.0
20211129:1111,18.46,32.52,8.74,-10.43,1.31,0.0
20211129:1211,6.31,16.52,8.03,-9.45,1.17,0.0
20211129:1311,3.23,11.71,5.54,-9.51,1.45,0.0
20211129:1411,0.0,0.78,1.44,-8.96,1.38,0.0
20211129:1511,0.0,0.0,0.0,-8.17,1.24,0.0
20211129:1611,0.0,0.0,0.0,-8.01,1.17,0.0
20211129:1711,0.0,0.0,0.0,-7.76,1.1,0.0
20211129:1811,0.0,0.0,0.0,-8.66,1.52,0.0
20211129:1911,0.0,0.0,0.0,-10.48,2.69,0.0
20211129:2011,0.0,0.0,0.0,-9.34,3.31,0.0
20211129:2111,0.0,0.0,0.0,-8.7,4.0,0.0
20211129:2211,0.0,0.0,0.0,-8.55,3.31,0.0
20211129:2311,0.0,0.0,0.0,-8.53,2.9,0.0
20211130:0011,0.0,0.0,0.0,-8.5,2.55,0.0
20211130:0111,0.0,0.0,0.0,-8.44,2.0,0.0
20211130:0211,0.0,0.0,0.0,-8.25,1.66,0.0
20211130:0311,0.0,0.0,0.0,-8.01,1.86,0.0
20211130:0411,0.0,0.0,0.0,-7.58,1.52,0.0
20211130:0511,0.0,0.0,0.0,-7.11,1.17,0.0
20211130:0611,0.0,0.0,0.0,-6.83,1.03,0.0
20211130:0711,0.0,0.0,0.0,-6.95,1.17,0.0
20211130:0811,0.0,0.0,0.0,-6.18,0.69,0.0
20211130:0911,0.87,7.43,4.52,-6.55,0.34,0.0
20211130:1011,5.58,15.54,7.42,-7.06,0.62,0.0
20211130:1111,12.74,25.49,8.57,-8.1,1.31,0.0
20211130:1211,7.52,18.26,7.88,-9.62,1.59,0.0
20211130:1311,8.25,19.24,5.39,-10.25,1.59,0.0
20211130:1411,0.0,0.0,0.0,-11.53,1.79,0.0
20211130:1511,0.0,0.0,0.0,-11.62,1.79,0.0
20211130:1611,0.0,0.0,0.0,-11.74,1.66,0.0
20211130:1711,0.0,0.0,0.0,-11.99,1.66,0.0
20211130:1811,0.0,0.0,0.0,-12.31,1.59,0.0
20211130:1911,0.0,0.0,0.0,-13.21,1.72,0.0
20211130:2011,0.0,0.0,0.0,-13.47,1.59,0.0
20211130:2111,0.0,0.0,0.0,-13.9,1.66,0.0
20211130:2211,0.0,0.0,0.0,-13.87,1.52,0.0
20211130:2311,0.0,0.0,0.0,-13.32,1.31,0.0
20211201:0011,0.0,0.0,0.0,-11.86,1.03,0.0
20211201:0111,0.0,0.0,0.0,-11.02,0.83,0.0
20211201:0211,0.0,0.0,0.0,-10.43,0.55,0.0
20211201:0311,0.0,0.0,0.0,-9.87,0.41,0.0
20211201:0411,0.0,0.0,0.0,-9.52,1.03,0.0
20211201:0511,0.0,0.0,0.0,-9.25,1.1,0.0
20211201:0611,0.0,0.0,0.0,-9.38,1.24,0.0
20211201:0711,0.0,0.0,0.0,-9.94,1.52,0.0
20211201:0811,0.0,0.0,0.0,-8.85,1.31,0.0
20211201:0911,0.0,4.95,4.34,-8.87,1.24,0.0
20211201:1011,1.07,7.77,7.25,-10.25,1.52,0.0
20211201:1111,30.79,47.09,8.41,-9.67,1.31,0.0
20211201:1211,18.06,32.17,7.73,-9.12,1.24,0.0
20211201:1311,8.85,20.08,5.26,-10.04,1.52,0.0
20211201:1411,0.0,0.0,0.0,-10.54,1.72,0.0
20211201:1511,0.0,0.0,0.0,-10.55,1.66,0.0
20211201:1611,0.0,0.0,0.0,-11.11,1.72,0.0
20211201:1711,0.0,0.0,0.0,-12.15,1.86,0.0
20211201:1811,0.0,0.0,0.0,-13.01,2.0,0.0
20211201:1911,0.0,0.0,0.0,-14.63,2.14,0.0
20211201:2011,0.0,0.0,0.0,-14.16,2.14,0.0
20211201:2111,0.0,0.0,0.0,-13.3,2.07,0.0
20211201:2211,0.0,0.0,0.0,-12.53,2.07,0.0
20211201:2311,0.0,0.0,0.0,-12.43,2.21,0.0
20211202:0011,0.0,0.0,0.0,-12.25,2.28,0.0
20211202:0111,0.0,0.0,0.0,-12.26,2.34,0.0
20211202:0211,0.0,0.0,0.0,-11.97,2.28,0.0
20211202:0311,0.0,0.0,0.0,-12.58,2.28,0.0
20211202:0411,0.0,0.0,0.0,-13.15,2.34,0.0
20211202:0511,0.0,0.0,0.0,-13.96,2.41,0.0
20211202:0611,0.0,0.0,0.0,-14.42,2.41,0.0
20211202:0711,0.0,0.0,0.0,-15.39,2.55,0.0
20211202:0811,0.0,0.0,0.0,-15.68,2.55,0.0
20211202:0911,4.86,14.02,4.17,-15.81,2.48,0.0
20211202:1011,7.07,17.26,7.09,-15.51,2.48,0.0
20211202:1111,4.86,14.06,8.25,-15.18,2.48,0.0
20211202:1211,4.19,13.04,7.59,-14.73,2.41,0.0
20211202:1311,0.6,6.7,5.13,-14.62,2.34,0.0
20211202:1411,0.0,0.0,0.0,-14.68,2.34,0.0
20211202:1511,0.0,0.0,0.0,-15.06,2.41,0.0
20211202:1611,0.0,0.0,0.0,-15.05,2.34,0.0
20211202:1711,0.0,0.0,0.0,-14.41,2.21,0.0
20211202:1811,0.0,0.0,0.0,-14.84,2.28,0.0
20211202:1911,0.0,0.0,0.0,-15.61,2.14,0.0
20211202:2011,0.0,0.0,0.0,-15.41,2.34,0.0
20211202:2111,0.0,0.0,0.0,-14.97,2.0,0.0
20211202:2211,0.0,0.0,0.0,-14.78,1.86,0.0
20211202:2311,0.0,0.0,0.0,-14.81,1.72,0.0
20211203:0011,0.0,0.0,0.0,-14.69,1.66,0.0
20211203:0111,0.0,0.0,0.0,-14.43,1.52,0.0
20211203:0211,0.0,0.0,0.0,-14.0,1.31,0.0
20211203:0311,0.0,0.0,0.0,-13.31,1.1,0.0
20211203:0411,0.0,0.0,0.0,-12.66,0.69,0.0
20211203:0511,0.0,0.0,0.0,-12.42,0.41,0.0
20211203:0611,0.0,0.0,0.0,-12.31,0.83,0.0
20211203:0711,0.0,0.0,0.0,-12.7,1.38,0.0
20211203:0811,0.0,0.0,0.0,-12.6,1.66,0.0
20211203:0911,0.53,6.59,4.01,-12.29,1.79,0.0
20211203:1011,11.96,24.15,6.93,-11.57,2.07,0.0
20211203:1111,30.46,46.45,8.11,-10.98,2.28,0.0
20211203:1211,6.97,17.4,7.45,-10.73,2.28,0.0
20211203:1311,0.0,5.02,5.01,-10.61,2.28,0.0
20211203:1411,0.0,0.0,0.0,-10.69,2.14,0.0
20211203:1511,0.0,0.0,0.0,-10.87,1.86,0.0
20211203:1611,0.0,0.0,0.0,-10.97,1.72,0.0
20211203:1711,0.0,0.0,0.0,-11.02,1.66,0.0
20211203:1811,0.0,0.0,0.0,-11.01,1.66,0.0
20211203:1911,0.0,0.0,0.0,-10.7,1.72,0.0
20211203:2011,0.0,0.0,0.0,-10.72,1.79,0.0
20211203:2111,0.0,0.0,0.0,-10.76,1.66,0.0
20211203:2211,0.0,0.0,0.0,-10.94,1.72,0.0
20211203:2311,0.0,0.0,0.0,-10.96,1.72,0.0
20211204:0011,0.0,0.0,0.0,-10.97,1.72,0.0
20211204:0111,0.0,0.0,0.0,-10.92,1.59,0.0
20211204:0211,0.0,0.0,0.0,-10.85,1.72,0.0
20211204:0311,0.0,0.0,0.0,-10.83,1.72,0.0
20211204:0411,0.0,0.0,0.0,-10.87,1.66,0.0
20211204:0511,0.0,0.0,0.0,-11.15,1.66,0.0
20211204:0611,0.0,0.0,0.0,-11.06,1.72,0.0
20211204:0711,0.0,0.0,0.0,-10.32,1.93,0.0
20211204:0811,0.0,0.0,0.0,-10.26,2.07,0.0
20211204:0911,0.52,6.59,3.85,-10.28,2.34,0.0
20211204:1011,74.66,93.84,6.78,-10.22,2.21,0.0
20211204:1111,28.11,43.86,7.97,-10.18,2.0,0.0
20211204:1211,13.35,26.1,7.32,-10.05,2.07,0.0
20211204:1311,0.0,5.02,4.9,-9.95,2.07,0.0
20211204:1411,0.0,0.0,0.0,-9.93,2.07,0.0
20211204:1511,0.0,0.0,0.0,-9.99,2.0,0.0
20211204:1611,0.0,0.0,0.0,-10.09,2.14,0.0
20211204:1711,0.0,0.0,0.0,-9.97,2.28,0.0
20211204:1811,0.0,0.0,0.0,-9.98,2.34,0.0
20211204:1911,0.0,0.0,0.0,-9.8,2.07,0.0
20211204:2011,0.0,0.0,0.0,-9.77,2.28,0.0
20211204:2111,0.0,0.0,0.0,-9.81,2.55,0.0
20211204:2211,0.0,0.0,0.0,-10.04,2.34,0.0
20211204:2311,0.0,0.0,0.0,-10.34,2.14,0.0
20211205:0011,0.0,0.0,0.0,-10.57,2.21,0.0
20211205:0111,0.0,0.0,0.0,-11.04,1.93,0.0
20211205:0211,0.0,0.0,0.0,-11.35,2.0,0.0
20211205:0311,0.0,0.0,0.0,-11.42,2.0,0.0
20211205:0411,0.0,0.0,0.0,-12.0,1.93,0.0
20211205:0511,0.0,0.0,0.0,-12.07,1.79,0.0
20211205:0611,0.0,0.0,0.0,-12.22,1.72,0.0
20211205:0711,0.0,0.0,0.0,-11.81,1.79,0.0
20211205:0811,0.0,0.0,0.0,-11.76,1.52,0.0
20211205:0911,0.0,3.29,3.69,-11.95,1.52,0.0
20211205:1011,0.67,6.9,6.63,-11.86,1.45,0.0
20211205:1111,2.08,9.67,7.83,-11.54,1.31,0.0
20211205:1211,6.39,16.53,7.2,-11.28,1.24,0.0
20211205:1311,5.97,15.91,4.79,-11.17,1.31,0.0
20211205:1411,0.0,0.0,0.0,-11.14,1.45,0.0
20211205:1511,0.0,0.0,0.0,-11.19,1.66,0.0
20211205:1611,0.0,0.0,0.0,-11.31,1.72,0.0
20211205:1711,0.0,0.0,0.0,-11.4,1.66,0.0
20211205:1811,0.0,0.0,0.0,-11.49,1.66,0.0
20211205:1911,0.0,0.0,0.0,-11.99,1.72,0.0
20211205:2011,0.0,0.0,0.0,-12.21,1.72,0.0
20211205:2111,0.0,0.0,0.0,-12.13,1.66,0.0
20211205:2211,0.0,0.0,0.0,-12.38,1.79,0.0
20211205:2311,0.0,0.0,0.0,-12.51,2.0,0.0
20211206:0011,0.0,0.0,0.0,-12.56,1.86,0.0
20211206:0111,0.0,0.0,0.0,-12.8,1.79,0.0
20211206:0211,0.0,0.0,0.0,-12.96,1.72,0.0
20211206:0311,0.0,0.0,0.0,-13.25,1.79,0.0
20211206:0411,0.0,0.0,0.0,-13.46,1.66,0.0
20211206:0511,0.0,0.0,0.0,-13.46,1.72,0.0
20211206:0611,0.0,0.0,0.0,-13.57,1.79,0.0
20211206:0711,0.0,0.0,0.0,-13.14,1.93,0.0
20211206:0811,0.0,0.0,0.0,-13.34,1.86,0.0
20211206:0911,0.0,3.29,3.55,-13.57,2.07,0.0
20211206:1011,134.28,152.86,6.49,-13.5,2.14,0.0
20211206:1111,11.06,22.85,7.71,-13.14,2.28,0.0
20211206:1211,2.05,9.57,7.09,-12.77,2.41,0.0
20211206:1311,5.46,15.08,4.69,-12.64,2.28,0.0
20211206:1411,0.0,0.0,0.0,-12.55,2.21,0.0
20211206:1511,0.0,0.0,0.0,-12.51,2.34,0.0
20211206:1611,0.0,0.0,0.0,-12.45,2.28,0.0
20211206:1711,0.0,0.0,0.0,-12.37,2.28,0.0
20211206:1811,0.0,0.0,0.0,-12.24,2.14,0.0
20211206:1911,0.0,0.0,0.0,-12.4,2.62,0.0
20211206:2011,0.0,0.0,0.0,-12.41,2.69,0.0
20211206:2111,0.0,0.0,0.0,-12.38,2.55,0.0
20211206:2211,0.0,0.0,0.0,-12.37,2.48,0.0
20211206:2311,0.0,0.0,0.0,-12.37,2.48,0.0
20211207:0011,0.0,0.0,0.0,-12.31,2.62,0.0
20211207:0111,0.0,0.0,0.0,-12.27,2.48,0.0
20211207:0211,0.0,0.0,0.0,-12.21,2.34,0.0
20211207:0311,0.0,0.0,0.0,-12.15,2.21,0.0
20211207:0411,0.0,0.0,0.0,-12.0,2.14,0.0
20211207:0511,0.0,0.0,0.0,-11.94,2.14,0.0
20211207:0611,0.0,0.0,0.0,-11.88,2.14,0.0
20211207:0711,0.0,0.0,0.0,-11.39,2.14,0.0
20211207:0811,0.0,0.0,0.0,-11.45,2.14,0.0
20211207:0911,0.0,3.29,3.41,-11.27,2.14,0.0
20211207:1011,10.61,22.41,6.36,-11.03,2.07,0.0
20211207:1111,30.87,46.96,7.59,-10.76,2.14,0.0
20211207:1211,1.1,7.83,6.98,-10.55,2.28,0.0
20211207:1311,92.75,111.75,4.6,-10.48,2.28,0.0
20211207:1411,0.0,0.0,0.0,-10.37,2.21,0.0
20211207:1511,0.0,0.0,0.0,-10.28,2.21,0.0
20211207:1611,0.0,0.0,0.0,-10.23,2.41,0.0
20211207:1711,0.0,0.0,0.0,-10.18,2.41,0.0
20211207:1811,0.0,0.0,0.0,-10.18,2.41,0.0
20211207:1911,0.0,0.0,0.0,-9.91,2.34,0.0
20211207:2011,0.0,0.0,0.0,-9.93,2.41,0.0
20211207:2111,0.0,0.0,0.0,-9.88,2.55,0.0
20211207:2211,0.0,0.0,0.0,-9.84,2.62,0.0
20211207:2311,0.0,0.0,0.0,-9.83,2.76,0.0
20211208:0011,0.0,0.0,0.0,-9.89,3.03,0.0
20211208:0111,0.0,0.0,0.0,-9.95,2.62,0.0
20211208:0211,0.0,0.0,0.0,-10.02,2.9,0.0
20211208:0311,0.0,0.0,0.0,-10.05,3.1,0.0
20211208:0411,0.0,0.0,0.0,-10.17,3.17,0.0
20211208:0511,0.0,0.0,0.0,-10.29,3.66,0.0
20211208:0611,0.0,0.0,0.0,-10.55,4.14,0.0
20211208:0711,0.0,0.0,0.0,-10.15,4.14,0.0
20211208:0811,0.0,0.0,0.0,-10.34,3.86,0.0
20211208:0911,0.0,2.47,3.28,-10.34,3.66,0.0
20211208:1011,9.29,20.68,6.24,-10.23,3.93,0.0
20211208:1111,5.87,15.81,7.47,-10.08,4.07,0.0
20211208:1211,3.53,12.19,6.88,-9.97,3.79,0.0
20211208:1311,18.43,32.13,4.52,-9.77,3.66,0.0
20211208:1411,0.0,0.0,0.0,-9.7,3.17,0.0
20211208:1511,0.0,0.0,0.0,-9.48,3.79,0.0
20211208:1611,0.0,0.0,0.0,-9.2,3.24,0.0
20211208:1711,0.0,0.0,0.0,-8.97,3.03,0.0
20211208:1811,0.0,0.0,0.0,-8.76,3.31,0.0
20211208:1911,0.0,0.0,0.0,-8.55,3.1,0.0
20211208:2011,0.0,0.0,0.0,-8.41,2.83,0.0
20211208:2111,0.0,0.0,0.0,-8.16,2.83,0.0
20211208:2211,0.0,0.0,0.0,-8.01,2.83,0.0
20211208:2311,0.0,0.0,0.0,-7.85,2.55,0.0
20211209:0011,0.0,0.0,0.0,-7.74,2.55,0.0
20211209:0111,0.0,0.0,0.0,-7.63,2.48,0.0
20211209:0211,0.0,0.0,0.0,-7.47,2.41,0.0
20211209:0311,0.0,0.0,0.0,-7.35,2.34,0.0
20211209:0411,0.0,0.0,0.0,-7.27,2.55,0.0
20211209:0511,0.0,0.0,0.0,-7.23,2.41,0.0
20211209:0611,0.0,0.0,0.0,-7.15,2.28,0.0
20211209:0711,0.0,0.0,0.0,-7.05,2.28,0.0
20211209:0811,0.0,0.0,0.0,-7.0,2.28,0.0
20211209:0911,0.0,2.47,3.15,-6.99,2.34,0.0
20211209:1011,0.25,6.03,6.12,-6.95,2.41,0.0
20211209:1111,1.1,7.91,7.37,-6.83,2.55,0.0
20211209:1211,0.65,6.96,6.79,-6.81,2.55,0.0
20211209:1311,0.0,4.19,4.44,-6.9,2.41,0.0
20211209:1411,0.0,0.0,0.0,-7.0,2.48,0.0
20211209:1511,0.0,0.0,0.0,-7.09,2.41,0.0
20211209:1611,0.0,0.0,0.0,-7.13,2.41,0.0
20211209:1711,0.0,0.0,0.0,-7.13,2.34,0.0
20211209:1811,0.0,0.0,0.0,-7.07,2.28,0.0
20211209:1911,0.0,0.0,0.0,-6.77,2.41,0.0
20211209:2011,0.0,0.0,0.0,-6.63,2.34,0.0
20211209:2111,0.0,0.0,0.0,-6.6,2.34,0.0
20211209:2211,0.0,0.0,0.0,-6.58,2.34,0.0
20211209:2311,0.0,0.0,0.0,-6.49,2.34,0.0
20211210:0011,0.0,0.0,0.0,-6.37,2.34,0.0
20211210:0111,0.0,0.0,0.0,-6.39,2.28,0.0
20211210:0211,0.0,0.0,0.0,-6.37,2.28,0.0
20211210:0311,0.0,0.0,0.0,-6.52,2.34,0.0
20211210:0411,0.0,0.0,0.0,-6.47,2.21,0.0
20211210:0511,0.0,0.0,0.0,-6.46,2.28,0.0
20211210:0611,0.0,0.0,0.0,-6.58,2.28,0.0
20211210:0711,0.0,0.0,0.0,-6.25,2.0,0.0
20211210:0811,0.0,0.0,0.0,-6.29,2.0,0.0
20211210:0911,0.0,2.46,3.03,-6.24,2.07,0.0
20211210:1011,1.9,9.47,6.01,-6.52,1.86,0.0
20211210:1111,3.51,12.3,7.27,-6.45,1.79,0.0
20211210:1211,2.93,11.32,6.71,-6.44,1.52,0.0
20211210:1311,0.18,5.87,4.37,-6.7,1.38,0.0
20211210:1411,0.0,0.0,0.0,-6.58,1.45,0.0
20211210:1511,0.0,0.0,0.0,-6.96,1.52,0.0
20211210:1611,0.0,0.0,0.0,-7.3,1.45,0.0
20211210:1711,0.0,0.0,0.0,-7.64,1.45,0.0
20211210:1811,0.0,0.0,0.0,-8.19,1.45,0.0
20211210:1911,0.0,0.0,0.0,-8.62,1.52,0.0
20211210:2011,0.0,0.0,0.0,-9.15,1.66,0.0
20211210:2111,0.0,0.0,0.0,-9.87,1.86,0.0
20211210:2211,0.0,0.0,0.0,-10.31,1.79,0.0
20211210:2311,0.0,0.0,0.0,-10.64,1.86,0.0
20211211:0011,0.0,0.0,0.0,-9.98,1.72,0.0
20211211:0111,0.0,0.0,0.0,-9.28,1.59,0.0
20211211:0211,0.0,0.0,0.0,-8.66,1.52,0.0
20211211:0311,0.0,0.0,0.0,-8.29,1.45,0.0
20211211:0411,0.0,0.0,0.0,-8.07,1.45,0.0
20211211:0511,0.0,0.0,0.0,-7.75,1.45,0.0
20211211:0611,0.0,0.0,0.0,-7.61,1.38,0.0
20211211:0711,0.0,0.0,0.0,-7.02,1.31,0.0
20211211:0811,0.0,0.0,0.0,-6.28,1.1,0.0
20211211:0911,0.0,2.46,2.92,-5.93,0.97,0.0
20211211:1011,3.87,12.91,5.91,-5.94,0.9,0.0
20211211:1111,4.58,14.06,7.18,-5.92,0.62,0.0
20211211:1211,5.62,15.67,6.63,-5.8,0.34,0.0
20211211:1311,0.53,6.71,4.31,-5.66,0.14,0.0
20211211:1411,0.0,0.0,0.0,-5.69,0.41,0.0
20211211:1511,0.0,0.0,0.0,-5.79,0.28,0.0
20211211:1611,0.0,0.0,0.0,-6.55,0.14,0.0
20211211:1711,0.0,0.0,0.0,-7.84,0.34,0.0
20211211:1811,0.0,0.0,0.0,-8.24,0.55,0.0
20211211:1911,0.0,0.0,0.0,-7.53,0.62,0.0
20211211:2011,0.0,0.0,0.0,-7.27,0.76,0.0
20211211:2111,0.0,0.0,0.0,-7.06,0.97,0.0
20211211:2211,0.0,0.0,0.0,-7.42,1.17,0.0
20211211:2311,0.0,0.0,0.0,-7.75,1.38,0.0
20211212:0011,0.0,0.0,0.0,-7.79,1.45,0.0
20211212:0111,0.0,0.0,0.0,-7.74,1.45,0.0
20211212:0211,0.0,0.0,0.0,-7.63,1.52,0.0
20211212:0311,0.0,0.0,0.0,-7.44,1.52,0.0
20211212:0411,0.0,0.0,0.0,-7.25,1.45,0.0
20211212:0511,0.0,0.0,0.0,-7.04,1.45,0.0
20211212:0611,0.0,0.0,0.0,-6.87,1.45,0.0
20211212:0711,0.0,0.0,0.0,-6.53,1.45,0.0
20211212:0811,0.0,0.0,0.0,-6.29,1.38,0.0
20211212:0911,0.0,2.46,2.82,-6.01,1.31,0.0
20211212:1011,0.24,6.02,5.82,-5.53,1.1,0.0
20211212:1111,34.23,51.7,7.1,-4.99,0.97,0.0
20211212:1211,0.64,6.97,6.56,-4.76,1.03,0.0
20211212:1311,0.0,4.2,4.25,-4.24,0.9,0.0
20211212:1411,0.0,0.0,0.0,-3.86,0.76,0.0
20211212:1511,0.0,0.0,0.0,-3.5,0.69,0.0
20211212:1611,0.0,0.0,0.0,-3.27,0.62,0.0
20211212:1711,0.0,0.0,0.0,-3.24,0.55,0.0
20211212:1811,0.0,0.0,0.0,-3.19,0.41,0.0
20211212:1911,0.0,0.0,0.0,-2.99,0.34,0.0
20211212:2011,0.0,0.0,0.0,-2.91,0.34,0.0
20211212:2111,0.0,0.0,0.0,-3.1,0.28,0.0
20211212:2211,0.0,0.0,0.0,-3.11,0.14,0.0
20211212:2311,0.0,0.0,0.0,-3.14,0.14,0.0
20211213:0011,0.0,0.0,0.0,-3.36,0.28,0.0
20211213:0111,0.0,0.0,0.0,-3.37,0.62,0.0
20211213:0211,0.0,0.0,0.0,-3.96,0.97,0.0
20211213:0311,0.0,0.0,0.0,-4.0,0.97,0.0
20211213:0411,0.0,0.0,0.0,-4.44,1.17,0.0
20211213:0511,0.0,0.0,0.0,-4.37,1.38,0.0
20211213:0611,0.0,0.0,0.0,-3.97,1.52,0.0
20211213:0711,0.0,0.0,0.0,-3.79,1.59,0.0
20211213:0811,0.0,0.0,0.0,-3.45,1.66,0.0
20211213:0911,0.0,2.46,2.72,-2.99,1.86,0.0
20211213:1011,3.28,12.05,5.73,-2.58,1.66,0.0
20211213:1111,17.0,31.62,7.02,-2.15,1.52,0.0
20211213:1211,0.61,6.97,6.5,-1.81,1.31,0.0
20211213:1311,16.89,31.14,4.21,-1.44,1.24,0.0
20211213:1411,0.0,0.0,0.0,-0.91,1.72,0.0
20211213:1511,0.0,0.0,0.0,-0.66,2.41,0.0
20211213:1611,0.0,0.0,0.0,-1.83,2.34,0.0
20211213:1711,0.0,0.0,0.0,-2.41,2.34,0.0
20211213:1811,0.0,0.0,0.0,-2.54,2.48,0.0
20211213:1911,0.0,0.0,0.0,-2.5,2.69,0.0
20211213:2011,0.0,0.0,0.0,-2.66,2.69,0.0
20211213:2111,0.0,0.0,0.0,-2.62,2.76,0.0
20211213:2211,0.0,0.0,0.0,-2.68,2.76,0.0
20211213:2311,0.0,0.0,0.0,-2.62,2.76,0.0
20211214:0011,0.0,0.0,0.0,-2.9,2.83,0.0
20211214:0111,0.0,0.0,0.0,-2.98,2.69,0.0
20211214:0211,0.0,0.0,0.0,-3.23,2.48,0.0
20211214:0311,0.0,0.0,0.0,-3.68,2.34,0.0
20211214:0411,0.0,0.0,0.0,-4.14,2.21,0.0
20211214:0511,0.0,0.0,0.0,-4.76,1.93,0.0
20211214:0611,0.0,0.0,0.0,-4.63,1.59,0.0
20211214:0711,0.0,0.0,0.0,-5.01,1.79,0.0
20211214:0811,0.0,0.0,0.0,-4.68,1.66,0.0
20211214:0911,0.0,2.46,2.63,-4.78,1.79,0.0
20211214:1011,142.54,166.77,5.65,-4.68,1.86,0.0
20211214:1111,4.0,13.18,6.96,-4.74,2.0,0.0
20211214:1211,1.93,9.58,6.45,-4.32,2.28,0.0
20211214:1311,0.17,5.88,4.17,-3.61,2.34,0.0
20211214:1411,0.0,0.0,0.0,-3.15,2.69,0.0
20211214:1511,0.0,0.0,0.0,-2.86,2.9,0.0
20211214:1611,0.0,0.0,0.0,-2.6,2.69,0.0
20211214:1711,0.0,0.0,0.0,-2.04,2.83,0.0
20211214:1811,0.0,0.0,0.0,-1.24,3.24,0.0
20211214:1911,0.0,0.0,0.0,-0.4,3.03,0.0
20211214:2011,0.0,0.0,0.0,0.03,3.45,0.0
20211214:2111,0.0,0.0,0.0,0.54,3.66,0.0
20211214:2211,0.0,0.0,0.0,1.08,3.86,0.0
20211214:2311,0.0,0.0,0.0,1.7,4.41,0.0
20211215:0011,0.0,0.0,0.0,1.99,4.69,0.0
20211215:0111,0.0,0.0,0.0,1.86,4.9,0.0
20211215:0211,0.0,0.0,0.0,1.85,4.69,0.0
20211215:0311,0.0,0.0,0.0,1.75,4.21,0.0
20211215:0411,0.0,0.0,0.0,1.74,4.0,0.0
20211215:0511,0.0,0.0,0.0,1.73,4.07,0.0
20211215:0611,0.0,0.0,0.0,1.87,3.93,0.0
20211215:0711,0.0,0.0,0.0,2.28,3.59,0.0
20211215:0811,0.0,0.0,0.0,2.39,3.24,0.0
20211215:0911,0.0,1.64,2.55,2.29,2.9,0.0
20211215:1011,3.66,12.9,5.58,2.37,2.97,0.0
20211215:1111,0.6,7.03,6.9,2.68,3.52,0.0
20211215:1211,1.82,9.59,6.4,2.7,4.0,0.0
20211215:1311,0.0,3.36,4.14,2.42,3.72,0.0
20211215:1411,0.0,0.0,0.0,2.31,4.0,0.0
20211215:1511,0.0,0.0,0.0,2.34,4.69,0.0
20211215:1611,0.0,0.0,0.0,2.43,5.24,0.0
20211215:1711,0.0,0.0,0.0,2.44,5.03,0.0
20211215:1811,0.0,0.0,0.0,1.61,4.9,0.0
20211215:1911,0.0,0.0,0.0,1.44,4.62,0.0
20211215:2011,0.0,0.0,0.0,0.91,4.34,0.0
20211215:2111,0.0,0.0,0.0,0.37,4.21,0.0
20211215:2211,0.0,0.0,0.0,-0.08,4.34,0.0
20211215:2311,0.0,0.0,0.0,0.11,4.62,0.0
20211216:0011,0.0,0.0,0.0,0.1,4.41,0.0
20211216:0111,0.0,0.0,0.0,-0.12,4.41,0.0
20211216:0211,0.0,0.0,0.0,-0.08,4.62,0.0
20211216:0311,0.0,0.0,0.0,-0.27,4.48,0.0
20211216:0411,0.0,0.0,0.0,-0.14,4.55,0.0
20211216:0511,0.0,0.0,0.0,-0.18,4.28,0.0
20211216:0611,0.0,0.0,0.0,-0.02,4.14,0.0
20211216:0711,0.0,0.0,0.0,-0.17,4.0,0.0
20211216:0811,0.0,0.0,0.0,-0.38,3.93,0.0
20211216:0911,0.0,1.64,2.47,-0.4,4.14,0.0
20211216:1011,2.73,11.18,5.51,-0.13,4.55,0.0
20211216:1111,1.9,9.66,6.84,-0.03,4.97,0.0
20211216:1211,7.74,19.17,6.36,0.01,5.38,0.0
20211216:1311,0.0,3.36,4.11,0.02,5.59,0.0
20211216:1411,0.0,0.0,0.0,-0.18,5.31,0.0
20211216:1511,0.0,0.0,0.0,-0.59,4.9,0.0
20211216:1611,0.0,0.0,0.0,-0.75,4.48,0.0
20211216:1711,0.0,0.0,0.0,-1.08,3.66,0.0
20211216:1811,0.0,0.0,0.0,-1.8,2.48,0.0
20211216:1911,0.0,0.0,0.0,-3.0,2.0,0.0
20211216:2011,0.0,0.0,0.0,-4.15,1.93,0.0
20211216:2111,0.0,0.0,0.0,-4.8,2.0,0.0
20211216:2211,0.0,0.0,0.0,-4.83,1.93,0.0
20211216:2311,0.0,0.0,0.0,-4.88,1.86,0.0
20211217:0011,0.0,0.0,0.0,-3.83,1.66,0.0
20211217:0111,0.0,0.0,0.0,-2.47,1.59,0.0
20211217:0211,0.0,0.0,0.0,-1.95,1.59,0.0
20211217:0311,0.0,0.0,0.0,-1.83,1.66,0.0
20211217:0411,0.0,0.0,0.0,-1.37,1.72,0.0
20211217:0511,0.0,0.0,0.0,-0.75,1.72,0.0
20211217:0611,0.0,0.0,0.0,-0.39,1.79,0.0
20211217:0711,0.0,0.0,0.0,-0.02,2.14,0.0
20211217:0811,0.0,0.0,0.0,0.32,2.21,0.0
20211217:0911,0.0,1.64,2.4,0.42,2.48,0.0
20211217:1011,40.63,59.9,5.45,0.89,2.62,0.0
20211217:1111,12.73,26.35,6.8,1.55,2.76,0.0
20211217:1211,13.23,27.02,6.33,1.46,2.62,0.0
20211217:1311,0.0,3.36,4.09,1.38,2.55,0.0
20211217:1411,0.0,0.0,0.0,0.71,2.48,0.0
20211217:1511,0.0,0.0,0.0,0.0,2.34,0.0
20211217:1611,0.0,0.0,0.0,-0.01,2.28,0.0
20211217:1711,0.0,0.0,0.0,-0.19,2.14,0.0
20211217:1811,0.0,0.0,0.0,-0.3,2.14,0.0
20211217:1911,0.0,0.0,0.0,-0.33,1.66,0.0
20211217:2011,0.0,0.0,0.0,-0.14,1.72,0.0
20211217:2111,0.0,0.0,0.0,0.06,1.86,0.0
20211217:2211,0.0,0.0,0.0,0.19,2.0,0.0
20211217:2311,0.0,0.0,0.0,0.32,2.14,0.0
20211218:0011,0.0,0.0,0.0,0.45,2.41,0.0
20211218:0111,0.0,0.0,0.0,0.31,2.41,0.0
20211218:0211,0.0,0.0,0.0,0.46,2.55,0.0
20211218:0311,0.0,0.0,0.0,0.57,2.48,0.0
20211218:0411,0.0,0.0,0.0,0.97,2.48,0.0
20211218:0511,0.0,0.0,0.0,1.03,2.41,0.0
20211218:0611,0.0,0.0,0.0,1.01,2.41,0.0
20211218:0711,0.0,0.0,0.0,0.46,2.0,0.0
20211218:0811,0.0,0.0,0.0,0.18,2.14,0.0
20211218:0911,0.0,1.64,2.34,-0.06,2.21,0.0
20211218:1011,411.35,460.89,5.4,-0.25,2.28,0.0
20211218:1111,458.53,515.24,6.76,0.28,2.62,0.0
20211218:1211,445.98,499.5,6.31,0.6,3.24,0.0
20211218:1311,3.05,11.78,4.09,0.74,3.52,0.0
20211218:1411,0.0,0.0,0.0,0.63,3.59,0.0
20211218:1511,0.0,0.0,0.0,0.39,3.86,0.0
20211218:1611,0.0,0.0,0.0,0.24,3.93,0.0
20211218:1711,0.0,0.0,0.0,0.51,4.41,0.0
20211218:1811,0.0,0.0,0.0,0.73,4.9,0.0
20211218:1911,0.0,0.0,0.0,1.11,5.17,0.0
20211218:2011,0.0,0.0,0.0,1.24,5.1,0.0
20211218:2111,0.0,0.0,0.0,1.18,5.03,0.0
20211218:2211,0.0,0.0,0.0,1.21,5.24,0.0
20211218:2311,0.0,0.0,0.0,1.29,5.52,0.0
20211219:0011,0.0,0.0,0.0,1.58,5.86,0.0
20211219:0111,0.0,0.0,0.0,1.7,5.93,0.0
20211219:0211,0.0,0.0,0.0,1.67,6.0,0.0
20211219:0311,0.0,0.0,0.0,1.1,5.93,0.0
20211219:0411,0.0,0.0,0.0,0.1,5.52,0.0
20211219:0511,0.0,0.0,0.0,-0.88,5.17,0.0
20211219:0611,0.0,0.0,0.0,-1.67,4.62,0.0
20211219:0711,0.0,0.0,0.0,-2.13,4.14,0.0
20211219:0811,0.0,0.0,0.0,-3.19,3.38,0.0
20211219:0911,0.0,1.64,2.28,-3.88,2.83,0.0
20211219:1011,8.94,20.61,5.36,-4.27,2.55,0.0
20211219:1111,6.25,16.68,6.73,-4.58,2.76,0.0
20211219:1211,2.41,10.46,6.3,-4.71,2.9,0.0
20211219:1311,0.0,3.37,4.08,-5.0,2.69,0.0
20211219:1411,0.0,0.0,0.0,-5.71,2.34,0.0
20211219:1511,0.0,0.0,0.0,-6.65,2.28,0.0
20211219:1611,0.0,0.0,0.0,-7.42,2.28,0.0
20211219:1711,0.0,0.0,0.0,-8.18,2.28,0.0
20211219:1811,0.0,0.0,0.0,-8.77,2.34,0.0
20211219:1911,0.0,0.0,0.0,-9.22,2.41,0.0
20211219:2011,0.0,0.0,0.0,-9.45,2.28,0.0
20211219:2111,0.0,0.0,0.0,-9.67,2.34,0.0
20211219:2211,0.0,0.0,0.0,-9.71,2.28,0.0
20211219:2311,0.0,0.0,0.0,-9.77,2.21,0.0
20211220:0011,0.0,0.0,0.0,-10.11,2.28,0.0
20211220:0111,0.0,0.0,0.0,-10.27,2.21,0.0
20211220:0211,0.0,0.0,0.0,-10.46,2.14,0.0
20211220:0311,0.0,0.0,0.0,-10.55,2.07,0.0
20211220:0411,0.0,0.0,0.0,-10.47,2.0,0.0
20211220:0511,0.0,0.0,0.0,-10.71,1.93,0.0
20211220:0611,0.0,0.0,0.0,-11.24,1.86,0.0
20211220:0711,0.0,0.0,0.0,-11.72,2.0,0.0
20211220:0811,0.0,0.0,0.0,-12.45,1.93,0.0
20211220:0911,0.0,1.63,2.24,-13.03,1.79,0.0
20211220:1011,11.92,24.04,5.33,-12.33,1.66,0.0
20211220:1111,13.62,26.34,6.71,-11.29,1.45,0.0
20211220:1211,2.52,10.47,6.29,-10.77,1.38,0.0
20211220:1311,0.0,3.37,4.09,-10.06,1.38,0.0
20211220:1411,0.0,0.0,0.0,-10.5,1.38,0.0
20211220:1511,0.0,0.0,0.0,-10.68,1.52,0.0
20211220:1611,0.0,0.0,0.0,-10.72,1.52,0.0
20211220:1711,0.0,0.0,0.0,-12.04,1.52,0.0
20211220:1811,0.0,0.0,0.0,-12.17,1.52,0.0
20211220:1911,0.0,0.0,0.0,-9.64,1.45,0.0
20211220:2011,0.0,0.0,0.0,-9.33,1.38,0.0
20211220:2111,0.0,0.0,0.0,-9.61,1.38,0.0
20211220:2211,0.0,0.0,0.0,-9.8,1.24,0.0
20211220:2311,0.0,0.0,0.0,-10.68,1.24,0.0
20211221:0011,0.0,0.0,0.0,-11.41,1.38,0.0
20211221:0111,0.0,0.0,0.0,-12.34,1.45,0.0
20211221:0211,0.0,0.0,0.0,-13.87,1.52,0.0
20211221:0311,0.0,0.0,0.0,-14.82,1.52,0.0
20211221:0411,0.0,0.0,0.0,-14.98,1.66,0.0
20211221:0511,0.0,0.0,0.0,-14.72,1.66,0.0
20211221:0611,0.0,0.0,0.0,-14.37,1.72,0.0
20211221:0711,0.0,0.0,0.0,-13.63,1.59,0.0
20211221:0811,0.0,0.0,0.0,-12.63,1.59,0.0
20211221:0911,0.0,3.27,2.2,-12.6,1.66,0.0
20211221:1011,21.04,35.15,5.3,-11.85,1.45,0.0
20211221:1111,10.23,21.95,6.7,-10.54,1.38,0.0
20211221:1211,1.1,7.85,6.29,-9.19,1.31,0.0
20211221:1311,0.0,3.37,4.11,-8.27,1.17,0.0
20211221:1411,0.0,0.0,0.0,-8.06,1.24,0.0
20211221:1511,0.0,0.0,0.0,-8.31,1.24,0.0
20211221:1611,0.0,0.0,0.0,-8.63,1.24,0.0
20211221:1711,0.0,0.0,0.0,-8.75,1.24,0.0
20211221:1811,0.0,0.0,0.0,-9.06,1.31,0.0
20211221:1911,0.0,0.0,0.0,-9.24,1.1,0.0
20211221:2011,0.0,0.0,0.0,-8.83,1.17,0.0
20211221:2111,0.0,0.0,0.0,-8.65,1.17,0.0
20211221:2211,0.0,0.0,0.0,-8.55,1.1,0.0
20211221:2311,0.0,0.0,0.0,-8.65,1.17,0.0
20211222:0011,0.0,0.0,0.0,-8.6,1.1,0.0
20211222:0111,0.0,0.0,0.0,-8.61,1.17,0.0
20211222:0211,0.0,0.0,0.0,-8.74,1.17,0.0
20211222:0311,0.0,0.0,0.0,-9.4,1.31,0.0
20211222:0411,0.0,0.0,0.0,-10.21,1.31,0.0
20211222:0511,0.0,0.0,0.0,-10.6,1.24,0.0
20211222:0611,0.0,0.0,0.0,-10.78,1.24,0.0
20211222:0711,0.0,0.0,0.0,-10.6,0.97,0.0
20211222:0811,0.0,0.0,0.0,-10.63,0.97,0.0
20211222:0911,0.0,1.63,2.16,-10.57,0.9,0.0
20211222:1011,20.13,34.27,5.28,-10.12,0.76,0.0
20211222:1111,5.83,15.8,6.69,-9.46,0.62,0.0
20211222:1211,34.33,50.97,6.3,-9.16,0.55,0.0
20211222:1311,0.57,6.74,4.13,-8.95,0.48,0.0
20211222:1411,0.0,0.0,0.0,-9.06,0.55,0.0
20211222:1511,0.0,0.0,0.0,-9.18,0.76,0.0
20211222:1611,0.0,0.0,0.0,-9.24,0.55,0.0
20211222:1711,0.0,0.0,0.0,-9.21,0.41,0.0
20211222:1811,0.0,0.0,0.0,-9.1,0.55,0.0
20211222:1911,0.0,0.0,0.0,-8.32,0.55,0.0
20211222:2011,0.0,0.0,0.0,-8.14,0.83,0.0
20211222:2111,0.0,0.0,0.0,-8.02,0.34,0.0
20211222:2211,0.0,0.0,0.0,-7.94,0.41,0.0
20211222:2311,0.0,0.0,0.0,-7.88,0.55,0.0
20211223:0011,0.0,0.0,0.0,-7.88,0.48,0.0
20211223:0111,0.0,0.0,0.0,-7.81,0.55,0.0
20211223:0211,0.0,0.0,0.0,-7.73,0.62,0.0
20211223:0311,0.0,0.0,0.0,-7.66,0.76,0.0
20211223:0411,0.0,0.0,0.0,-7.87,0.9,0.0
20211223:0511,0.0,0.0,0.0,-7.98,0.97,0.0
20211223:0611,0.0,0.0,0.0,-8.02,1.03,0.0
20211223:0711,0.0,0.0,0.0,-7.84,1.03,0.0
20211223:0811,0.0,0.0,0.0,-8.3,1.17,0.0
20211223:0911,0.0,1.63,2.14,-8.83,1.31,0.0
20211223:1011,279.0,304.44,5.27,-9.1,1.38,0.0
20211223:1111,10.77,22.83,6.69,-8.58,1.38,0.0
20211223:1211,11.3,23.56,6.31,-8.35,1.52,0.0
20211223:1311,0.21,5.9,4.16,-9.2,1.72,0.0
20211223:1411,0.0,0.0,0.0,-10.1,1.93,0.0
20211223:1511,0.0,0.0,0.0,-11.11,2.0,0.0
20211223:1611,0.0,0.0,0.0,-11.92,2.14,0.0
20211223:1711,0.0,0.0,0.0,-12.47,2.21,0.0
20211223:1811,0.0,0.0,0.0,-12.71,2.21,0.0
20211223:1911,0.0,0.0,0.0,-15.16,2.41,0.0
20211223:2011,0.0,0.0,0.0,-14.69,2.41,0.0
20211223:2111,0.0,0.0,0.0,-14.32,2.34,0.0
20211223:2211,0.0,0.0,0.0,-13.8,2.28,0.0
20211223:2311,0.0,0.0,0.0,-14.01,2.07,0.0
20211224:0011,0.0,0.0,0.0,-14.0,1.72,0.0
20211224:0111,0.0,0.0,0.0,-12.69,1.38,0.0
20211224:0211,0.0,0.0,0.0,-12.81,1.86,0.0
20211224:0311,0.0,0.0,0.0,-11.72,2.0,0.0
20211224:0411,0.0,0.0,0.0,-10.87,1.24,0.0
20211224:0511,0.0,0.0,0.0,-11.44,1.59,0.0
20211224:0611,0.0,0.0,0.0,-12.7,1.86,0.0
20211224:0711,0.0,0.0,0.0,-12.84,1.79,0.0
20211224:0811,0.0,0.0,0.0,-13.25,1.86,0.0
20211224:0911,0.0,1.63,2.12,-15.3,2.21,0.0
20211224:1011,7.62,18.01,5.26,-15.89,2.28,0.0
20211224:1111,4.86,14.05,6.7,-15.37,2.14,0.0
20211224:1211,5.38,14.84,6.34,-15.31,2.14,0.0
20211224:1311,0.0,4.22,4.19,-15.8,2.21,0.0
20211224:1411,0.0,0.0,0.0,-16.96,2.34,0.0
20211224:1511,0.0,0.0,0.0,-17.85,2.41,0.0
20211224:1611,0.0,0.0,0.0,-18.36,2.41,0.0
20211224:1711,0.0,0.0,0.0,-19.0,2.48,0.0
20211224:1811,0.0,0.0,0.0,-19.32,2.55,0.0
20211224:1911,0.0,0.0,0.0,-20.14,2.69,0.0
20211224:2011,0.0,0.0,0.0,-20.1,2.76,0.0
20211224:2111,0.0,0.0,0.0,-19.96,2.76,0.0
20211224:2211,0.0,0.0,0.0,-19.92,2.76,0.0
20211224:2311,0.0,0.0,0.0,-19.68,2.76,0.0
20211225:0011,0.0,0.0,0.0,-19.39,2.62,0.0
20211225:0111,0.0,0.0,0.0,-19.27,2.62,0.0
20211225:0211,0.0,0.0,0.0,-19.1,2.55,0.0
20211225:0311,0.0,0.0,0.0,-19.11,2.48,0.0
20211225:0411,0.0,0.0,0.0,-18.94,2.41,0.0
20211225:0511,0.0,0.0,0.0,-19.24,2.41,0.0
20211225:0611,0.0,0.0,0.0,-19.57,2.34,0.0
20211225:0711,0.0,0.0,0.0,-20.38,2.28,0.0
20211225:0811,0.0,0.0,0.0,-20.47,2.28,0.0
20211225:0911,0.0,1.63,2.11,-20.58,2.28,0.0
20211225:1011,8.42,18.86,5.26,-19.75,2.21,0.0
20211225:1111,6.15,15.8,6.72,-18.49,2.14,0.0
20211225:1211,5.46,14.84,6.37,-17.77,2.21,0.0
20211225:1311,0.0,4.22,4.24,-17.31,2.14,0.0
20211225:1411,0.0,0.0,0.0,-17.61,2.07,0.0
20211225:1511,0.0,0.0,0.0,-18.29,2.07,0.0
20211225:1611,0.0,0.0,0.0,-18.32,2.0,0.0
20211225:1711,0.0,0.0,0.0,-18.57,2.0,0.0
20211225:1811,0.0,0.0,0.0,-18.87,2.0,0.0
20211225:1911,0.0,0.0,0.0,-19.24,2.14,0.0
20211225:2011,0.0,0.0,0.0,-19.32,2.14,0.0
20211225:2111,0.0,0.0,0.0,-19.32,2.14,0.0
20211225:2211,0.0,0.0,0.0,-19.28,2.0,0.0
20211225:2311,0.0,0.0,0.0,-19.4,2.0,0.0
20211226:0011,0.0,0.0,0.0,-19.4,2.0,0.0
20211226:0111,0.0,0.0,0.0,-19.32,1.86,0.0
20211226:0211,0.0,0.0,0.0,-19.4,1.86,0.0
20211226:0311,0.0,0.0,0.0,-19.57,1.93,0.0
20211226:0411,0.0,0.0,0.0,-19.56,1.93,0.0
20211226:0511,0.0,0.0,0.0,-19.55,1.93,0.0
20211226:0611,0.0,0.0,0.0,-19.32,1.86,0.0
20211226:0711,0.0,0.0,0.0,-19.02,1.79,0.0
20211226:0811,0.0,0.0,0.0,-18.91,1.79,0.0
20211226:0911,0.0,1.63,2.11,-18.6,1.72,0.0
20211226:1011,8.29,18.86,5.28,-17.0,1.59,0.0
20211226:1111,10.5,21.94,6.75,-15.38,1.52,0.0
20211226:1211,4.78,13.97,6.41,-14.52,1.45,0.0
20211226:1311,0.0,4.22,4.29,-14.56,1.45,0.0
20211226:1411,0.0,0.0,0.0,-16.13,1.59,0.0
20211226:1511,0.0,0.0,0.0,-17.46,1.59,0.0
20211226:1611,0.0,0.0,0.0,-17.98,1.66,0.0
20211226:1711,0.0,0.0,0.0,-18.29,1.72,0.0
20211226:1811,0.0,0.0,0.0,-18.5,1.79,0.0
20211226:1911,0.0,0.0,0.0,-18.84,1.86,0.0
20211226:2011,0.0,0.0,0.0,-18.64,1.93,0.0
20211226:2111,0.0,0.0,0.0,-18.15,2.0,0.0
20211226:2211,0.0,0.0,0.0,-17.49,1.93,0.0
20211226:2311,0.0,0.0,0.0,-16.67,1.86,0.0
20211227:0011,0.0,0.0,0.0,-15.92,1.72,0.0
20211227:0111,0.0,0.0,0.0,-15.17,1.66,0.0
20211227:0211,0.0,0.0,0.0,-13.42,1.38,0.0
20211227:0311,0.0,0.0,0.0,-12.76,1.03,0.0
20211227:0411,0.0,0.0,0.0,-12.49,0.76,0.0
20211227:0511,0.0,0.0,0.0,-12.31,0.62,0.0
20211227:0611,0.0,0.0,0.0,-12.46,0.69,0.0
20211227:0711,0.0,0.0,0.0,-14.02,0.62,0.0
20211227:0811,0.0,0.0,0.0,-14.11,0.76,0.0
20211227:0911,0.0,1.63,2.11,-14.1,0.76,0.0
20211227:1011,0.0,5.14,5.29,-13.21,0.9,0.0
20211227:1111,3.12,11.41,6.78,-12.68,1.1,0.0
20211227:1211,5.86,15.72,6.46,-11.91,1.31,0.0
20211227:1311,6.09,16.04,4.35,-12.15,1.45,0.0
20211227:1411,0.0,0.0,0.0,-12.48,1.52,0.0
20211227:1511,0.0,0.0,0.0,-12.6,1.59,0.0
20211227:1611,0.0,0.0,0.0,-12.47,1.66,0.0
20211227:1711,0.0,0.0,0.0,-12.3,1.72,0.0
20211227:1811,0.0,0.0,0.0,-12.39,1.93,0.0
20211227:1911,0.0,0.0,0.0,-12.13,1.93,0.0
20211227:2011,0.0,0.0,0.0,-12.46,1.93,0.0
20211227:2111,0.0,0.0,0.0,-11.83,1.66,0.0
20211227:2211,0.0,0.0,0.0,-11.84,1.52,0.0
20211227:2311,0.0,0.0,0.0,-11.21,1.17,0.0
20211228:0011,0.0,0.0,0.0,-11.0,1.03,0.0
20211228:0111,0.0,0.0,0.0,-11.35,1.17,0.0
20211228:0211,0.0,0.0,0.0,-11.42,1.17,0.0
20211228:0311,0.0,0.0,0.0,-11.55,1.17,0.0
20211228:0411,0.0,0.0,0.0,-11.43,1.03,0.0
20211228:0511,0.0,0.0,0.0,-11.64,1.03,0.0
20211228:0611,0.0,0.0,0.0,-11.7,1.1,0.0
20211228:0711,0.0,0.0,0.0,-10.79,1.03,0.0
20211228:0811,0.0,0.0,0.0,-10.89,1.1,0.0
20211228:0911,0.0,4.88,2.13,-10.81,0.97,0.0
20211228:1011,6.2,16.28,5.32,-10.59,0.9,0.0
20211228:1111,44.16,61.58,6.82,-10.41,0.97,0.0
20211228:1211,325.56,353.41,6.51,-10.19,0.97,0.0
20211228:1311,391.44,423.26,4.42,-9.78,0.97,0.0
20211228:1411,0.0,0.0,0.0,-9.42,0.9,0.0
20211228:1511,0.0,0.0,0.0,-9.33,0.9,0.0
20211228:1611,0.0,0.0,0.0,-9.02,0.76,0.0
20211228:1711,0.0,0.0,0.0,-8.74,0.69,0.0
20211228:1811,0.0,0.0,0.0,-8.31,0.69,0.0
20211228:1911,0.0,0.0,0.0,-9.11,1.1,0.0
20211228:2011,0.0,0.0,0.0,-9.02,1.24,0.0
20211228:2111,0.0,0.0,0.0,-8.73,1.1,0.0
20211228:2211,0.0,0.0,0.0,-9.15,1.31,0.0
20211228:2311,0.0,0.0,0.0,-9.97,1.45,0.0
20211229:0011,0.0,0.0,0.0,-10.55,1.59,0.0
20211229:0111,0.0,0.0,0.0,-11.59,1.79,0.0
20211229:0211,0.0,0.0,0.0,-12.73,1.86,0.0
20211229:0311,0.0,0.0,0.0,-14.07,1.79,0.0
20211229:0411,0.0,0.0,0.0,-14.56,1.79,0.0
20211229:0511,0.0,0.0,0.0,-14.35,1.79,0.0
20211229:0611,0.0,0.0,0.0,-14.31,1.79,0.0
20211229:0711,0.0,0.0,0.0,-10.79,1.59,0.0
20211229:0811,0.0,0.0,0.0,-10.95,1.45,0.0
20211229:0911,0.0,1.63,2.15,-10.79,1.45,0.0
20211229:1011,0.0,5.14,5.35,-10.72,1.45,0.0
20211229:1111,1.13,7.9,6.87,-10.41,1.38,0.0
20211229:1211,0.69,6.99,6.57,-10.0,1.31,0.0
20211229:1311,54.63,72.42,4.49,-9.88,1.24,0.0
20211229:1411,0.0,0.0,0.0,-9.76,1.03,0.0
20211229:1511,0.0,0.0,0.0,-10.06,0.97,0.0
20211229:1611,0.0,0.0,0.0,-10.33,0.97,0.0
20211229:1711,0.0,0.0,0.0,-9.86,0.62,0.0
20211229:1811,0.0,0.0,0.0,-9.86,0.69,0.0
20211229:1911,0.0,0.0,0.0,-8.67,1.1,0.0
20211229:2011,0.0,0.0,0.0,-8.48,1.31,0.0
20211229:2111,0.0,0.0,0.0,-8.45,1.31,0.0
20211229:2211,0.0,0.0,0.0,-8.27,1.38,0.0
20211229:2311,0.0,0.0,0.0,-7.88,1.66,0.0
20211230:0011,0.0,0.0,0.0,-7.65,1.93,0.0
20211230:0111,0.0,0.0,0.0,-7.37,2.28,0.0
20211230:0211,0.0,0.0,0.0,-7.22,2.14,0.0
20211230:0311,0.0,0.0,0.0,-7.17,1.72,0.0
20211230:0411,0.0,0.0,0.0,-6.94,1.52,0.0
20211230:0511,0.0,0.0,0.0,-6.52,1.24,0.0
20211230:0611,0.0,0.0,0.0,-5.7,1.52,0.0
20211230:0711,0.0,0.0,0.0,-4.21,2.48,0.0
20211230:0811,0.0,0.0,0.0,-1.73,3.86,0.0
20211230:0911,0.0,1.63,2.17,-0.37,4.41,0.0
20211230:1011,180.66,209.1,5.4,-0.1,4.14,0.0
20211230:1111,0.62,7.02,6.92,0.3,4.0,0.0
20211230:1211,0.6,6.99,6.64,0.58,3.86,0.0
20211230:1311,0.16,5.92,4.57,0.73,3.86,0.0
20211230:1411,0.0,0.0,0.0,0.98,3.93,0.0
20211230:1511,0.0,0.0,0.0,1.08,3.93,0.0
20211230:1611,0.0,0.0,0.0,1.21,3.86,0.0
20211230:1711,0.0,0.0,0.0,1.29,4.28,0.0
20211230:1811,0.0,0.0,0.0,1.48,4.14,0.0
20211230:1911,0.0,0.0,0.0,1.1,3.66,0.0
20211230:2011,0.0,0.0,0.0,1.18,3.86,0.0
20211230:2111,0.0,0.0,0.0,1.15,3.79,0.0
20211230:2211,0.0,0.0,0.0,1.05,3.66,0.0
20211230:2311,0.0,0.0,0.0,0.99,3.72,0.0
20211231:0011,0.0,0.0,0.0,1.16,3.93,0.0
20211231:0111,0.0,0.0,0.0,0.94,3.86,0.0
20211231:0211,0.0,0.0,0.0,0.69,3.1,0.0
20211231:0311,0.0,0.0,0.0,0.43,2.62,0.0
20211231:0411,0.0,0.0,0.0,0.33,2.48,0.0
20211231:0511,0.0,0.0,0.0,0.26,2.48,0.0
20211231:0611,0.0,0.0,0.0,0.11,2.14,0.0
20211231:0711,0.0,0.0,0.0,0.18,2.14,0.0
20211231:0811,0.0,0.0,0.0,-0.16,2.07,0.0
20211231:0911,1.14,8.13,2.21,-0.4,2.21,0.0
20211231:1011,5.82,16.26,5.44,-0.37,2.62,0.0
20211231:1111,5.48,15.79,6.99,0.59,3.24,0.0
20211231:1211,15.97,30.58,6.72,0.66,3.38,0.0
20211231:1311,421.48,470.46,4.66,0.68,3.38,0.0
20211231:1411,0.0,0.0,0.0,0.45,3.72,0.0
20211231:1511,0.0,0.0,0.0,0.02,3.66,0.0
20211231:1611,0.0,0.0,0.0,-0.3,3.52,0.0
20211231:1711,0.0,0.0,0.0,-0.34,3.45,0.0
20211231:1811,0.0,0.0,0.0,-0.4,3.38,0.0
20211231:1911,0.0,0.0,0.0,-0.25,3.59,0.0
20211231:2011,0.0,0.0,0.0,0.19,3.52,0.0
20211231:2111,0.0,0.0,0.0,-0.25,3.17,0.0
20211231:2211,0.0,0.0,0.0,-0.43,2.9,0.0
20211231:2311,0.0,0.0,0.0,-0.2,2.83,0.0

P: PV system power (W)
G(i): Global irradiance on the inclined plane (plane of the array) (W/m2)
H_sun: Sun height (degree)
T2m: 2-m air temperature (degree Celsius)
WS10m: 10-m total wind speed (m/s)
Int: 1 means solar radiation values are reconstructed



PVGIS (c) European Union, 2001-2026